NHS Number,Date of Birth,Postcode of usual address,Stated gender,Ethnic Category,Diabetes Type,Date of Diabetes Diagnosis,Date of leaving service,Reason for leaving service,Death Date,GP Practice Code,PDU Number,Visit/Appointment Date,Patient Height (cm),Patient Weight (kg),Observation Date (Height and weight),Hba1c Value,HbA1c result format,Observation Date: Hba1c Value,Diabetes Treatment at time of Hba1c measurement,"If treatment included insulin pump therapy (i.e. option 3 or 6 selected), was this part of a closed loop system?","At the time of HbA1c measurement, in addition to standard blood glucose monitoring (SBGM), was the patient using any other method of glucose monitoring?",Systolic Blood Pressure,Diastolic Blood pressure,Observation Date (Blood Pressure),Foot Assessment / Examination Date,Retinal Screening date,Retinal Screening Result,Urinary Albumin Level (ACR),Observation Date: Urinary Albumin Level,Albuminuria Stage,Total Cholesterol Level (mmol/l),Observation Date: Total Cholesterol Level,Observation Date: Thyroid Function,"At time of, or following measurement of thyroid function, was the patient prescribed any thyroid treatment?",Observation Date: Coeliac Disease Screening,Has the patient been recommended a Gluten-free diet?,Observation Date - Psychological Screening Assessment,Was the patient assessed as requiring additional psychological/CAMHS support outside of MDT clinics?,Does the patient smoke?,Date of offer of referral to smoking cessation service (if patient is a current smoker),Date of Level 3 carbohydrate counting education received,Was the patient offered an additional appointment with a paediatric dietitian?,Date of additional appointment with dietitian,Was the patient using (or trained to use) blood ketone testing equipment at time of visit?,Date that influenza immunisation was recommended,Date of provision of advice ('sick-day rules') about managing diabetes during intercurrent illness or episodes of hyperglycaemia,Start date (Hospital Provider Spell),Discharge date (Hospital provider spell),Reason for admission,Only complete if DKA selected in previous question: During this DKA admission did the patient receive any of the following therapies?,Only complete if OTHER selected: Reason for admission (free text)
4256019715,01/04/2011,WC1A 1JT,2,E,1,17/01/2018,,,,G85023,PZ999,19/04/2025,154.94,64.3,19/04/2025,57.0,1,19/04/2025,5,,1,105,55,19/04/2025,,,,,,,,,,,,,,,,,,,,,,,,,,,
4256019715,01/04/2011,WC1A 1JT,2,E,1,17/01/2018,,,,G85023,PZ999,12/06/2025,,,,,,,,,,,,,,,,,,,,,,,,,,,,,,2,,,,,,,,,
4256019715,01/04/2011,WC1A 1JT,2,E,1,17/01/2018,,,,G85023,PZ999,04/06/2025,165.35,69.35,04/06/2025,49.0,1,04/06/2025,2,,3,105,59,04/06/2025,,,,,,,,,,,,,,,,,,,,,,,,,,,
4256019715,01/04/2011,WC1A 1JT,2,E,1,17/01/2018,,,,G85023,PZ999,01/06/2025,,,,,,,,,,,,,,,,,,,,,,,,,,,,,,2,,,,,,,,,
4256019715,01/04/2011,WC1A 1JT,2,E,1,17/01/2018,,,,G85023,PZ999,01/08/2025,,,,,,,,,,,,,,,,,,,,,,,,,,,,,,99,,,,,,,,,
4256019715,01/04/2011,WC1A 1JT,2,E,1,17/01/2018,,,,G85023,PZ999,24/09/2025,,,,,,,,,,,,,,,,,,,,,,,,,,,,,,,,,,,24/09/2025,24/09/2025,6,,test admission description
4256019715,01/04/2011,WC1A 1JT,2,E,1,17/01/2018,,,,G85023,PZ999,03/07/2025,,,,,,,,,,,,,,,,,,,,,,,,,03/07/2025,1,,,,,,,,,,,,,
4256019715,01/04/2011,WC1A 1JT,2,E,1,17/01/2018,,,,G85023,PZ999,27/09/2025,159.66,51.05,27/09/2025,49.0,1,27/09/2025,1,,4,95,58,27/09/2025,,,,,,,,,,,,,,,,,,,,,,,,,,,
4256019715,01/04/2011,WC1A 1JT,2,E,1,17/01/2018,,,,G85023,PZ999,30/10/2025,,,,,,,,,,,,,30/10/2025,30/10/2025,2,245.0,30/10/2025,2,5.68,30/10/2025,30/10/2025,1,30/10/2025,1,,,1,,30/10/2025,,,1,30/10/2025,30/10/2025,,,,,
4256019715,01/04/2011,WC1A 1JT,2,E,1,17/01/2018,,,,G85023,PZ999,22/11/2025,150.69,45.14,22/11/2025,48.0,1,22/11/2025,2,,3,95,50,22/11/2025,,,,,,,,,,,,,,,,,,,,,,,,,,,
4256019715,01/04/2011,WC1A 1JT,2,E,1,17/01/2018,,,,G85023,PZ999,26/11/2025,,,,,,,,,,,,,,,,,,,,,,,,,,,,,,99,,,,,,,,,
4256019715,01/04/2011,WC1A 1JT,2,E,1,17/01/2018,,,,G85023,PZ999,15/12/2025,163.41,54.07,15/12/2025,52.0,1,15/12/2025,3,2,5,98,57,15/12/2025,,,,,,,,,,,,,,,,,,,,,,,,,,,
4256019715,01/04/2011,WC1A 1JT,2,E,1,17/01/2018,,,,G85023,PZ999,11/01/2026,162.85,57.94,11/01/2026,57.0,1,11/01/2026,5,,99,95,56,11/01/2026,,,,,,,,,,,,,,,,,,,,,,,,,,,
4256019715,01/04/2011,WC1A 1JT,2,E,1,17/01/2018,,,,G85023,PZ999,25/02/2026,,,,,,,,,,,,,,,,,,,,,,,,,,,,,,1,25/02/2026,,,,,,,,
4256019715,01/04/2011,WC1A 1JT,2,E,1,17/01/2018,,,,G85023,PZ999,28/03/2026,167.54,58.12,28/03/2026,55.0,1,28/03/2026,6,3,5,96,51,28/03/2026,,,,,,,,,,,,,,,,,,,,,,,,,,,
4256019715,01/04/2011,WC1A 1JT,2,E,1,17/01/2018,,,,G85023,PZ999,15/01/2026,,,,,,,,,,,,,,,,,,,,,,,,,,,,,,2,,,,,,,,,
4590477998,01/04/2010,WC1A 2RP,1,H,1,25/08/2012,,,,G85023,PZ999,15/04/2025,155.49,48.27,15/04/2025,53.0,1,15/04/2025,4,,5,98,51,15/04/2025,,,,,,,,,,,,,,,,,,,,,,,,,,,
4590477998,01/04/2010,WC1A 2RP,1,H,1,25/08/2012,,,,G85023,PZ999,21/05/2025,,,,,,,,,,,,,,,,,,,,,,,,,,,,,,99,,,,,,,,,
4590477998,01/04/2010,WC1A 2RP,1,H,1,25/08/2012,,,,G85023,PZ999,08/06/2025,153.83,66.02,08/06/2025,56.0,1,08/06/2025,4,,1,105,50,08/06/2025,,,,,,,,,,,,,,,,,,,,,,,,,,,
4590477998,01/04/2010,WC1A 2RP,1,H,1,25/08/2012,,,,G85023,PZ999,14/06/2025,,,,,,,,,,,,,,,,,,,,,,,,,,,,,,2,,,,,,,,,
4590477998,01/04/2010,WC1A 2RP,1,H,1,25/08/2012,,,,G85023,PZ999,03/07/2025,,,,,,,,,,,,,,,,,,,,,,,,,,,,,,2,,,,,,,,,
4590477998,01/04/2010,WC1A 2RP,1,H,1,25/08/2012,,,,G85023,PZ999,16/07/2025,,,,,,,,,,,,,,,,,,,,,,,,,,,,,,,,,,,16/07/2025,16/07/2025,2,2,
4590477998,01/04/2010,WC1A 2RP,1,H,1,25/08/2012,,,,G85023,PZ999,28/07/2025,,,,,,,,,,,,,,,,,,,,,,,,,28/07/2025,2,,,,,,,,,,,,,
4590477998,01/04/2010,WC1A 2RP,1,H,1,25/08/2012,,,,G85023,PZ999,28/09/2025,164.51,41.29,28/09/2025,56.0,1,28/09/2025,6,1,1,98,53,28/09/2025,,,,,,,,,,,,,,,,,,,,,,,,,,,
4590477998,01/04/2010,WC1A 2RP,1,H,1,25/08/2012,,,,G85023,PZ999,19/12/2025,,,,,,,,,,,,,19/12/2025,19/12/2025,2,155.0,19/12/2025,2,5.1,19/12/2025,19/12/2025,1,19/12/2025,99,,,2,19/12/2025,19/12/2025,,,99,19/12/2025,19/12/2025,,,,,
4590477998,01/04/2010,WC1A 2RP,1,H,1,25/08/2012,,,,G85023,PZ999,27/10/2025,162.18,61.89,27/10/2025,53.0,1,27/10/2025,1,,4,96,60,27/10/2025,,,,,,,,,,,,,,,,,,,,,,,,,,,
4590477998,01/04/2010,WC1A 2RP,1,H,1,25/08/2012,,,,G85023,PZ999,15/11/2025,,,,,,,,,,,,,,,,,,,,,,,,,,,,,,99,,,,,,,,,
4590477998,01/04/2010,WC1A 2RP,1,H,1,25/08/2012,,,,G85023,PZ999,09/11/2025,169.25,43.19,09/11/2025,56.0,1,09/11/2025,4,,3,101,51,09/11/2025,,,,,,,,,,,,,,,,,,,,,,,,,,,
4590477998,01/04/2010,WC1A 2RP,1,H,1,25/08/2012,,,,G85023,PZ999,02/02/2026,169.77,46.07,02/02/2026,52.0,1,02/02/2026,4,,99,104,56,02/02/2026,,,,,,,,,,,,,,,,,,,,,,,,,,,
4590477998,01/04/2010,WC1A 2RP,1,H,1,25/08/2012,,,,G85023,PZ999,27/01/2026,,,,,,,,,,,,,,,,,,,,,,,,,,,,,,1,27/01/2026,,,,,,,,
4590477998,01/04/2010,WC1A 2RP,1,H,1,25/08/2012,,,,G85023,PZ999,20/03/2026,159.68,64.47,20/03/2026,53.0,1,20/03/2026,5,,5,100,54,20/03/2026,,,,,,,,,,,,,,,,,,,,,,,,,,,
4590477998,01/04/2010,WC1A 2RP,1,H,1,25/08/2012,,,,G85023,PZ999,16/01/2026,,,,,,,,,,,,,,,,,,,,,,,,,,,,,,1,16/01/2026,,,,,,,,
7989894807,01/04/2012,WC1A 9PG,3,R,1,31/01/2013,,,,G85023,PZ999,04/04/2025,167.04,42.45,04/04/2025,49.0,1,04/04/2025,1,,2,100,56,04/04/2025,,,,,,,,,,,,,,,,,,,,,,,,,,,
7989894807,01/04/2012,WC1A 9PG,3,R,1,31/01/2013,,,,G85023,PZ999,18/06/2025,,,,,,,,,,,,,,,,,,,,,,,,,,,,,,1,18/06/2025,,,,,,,,
7989894807,01/04/2012,WC1A 9PG,3,R,1,31/01/2013,,,,G85023,PZ999,23/05/2025,151.25,62.65,23/05/2025,58.0,1,23/05/2025,4,,99,102,53,23/05/2025,,,,,,,,,,,,,,,,,,,,,,,,,,,
7989894807,01/04/2012,WC1A 9PG,3,R,1,31/01/2013,,,,G85023,PZ999,06/05/2025,,,,,,,,,,,,,,,,,,,,,,,,,,,,,,99,,,,,,,,,
7989894807,01/04/2012,WC1A 9PG,3,R,1,31/01/2013,,,,G85023,PZ999,19/08/2025,,,,,,,,,,,,,,,,,,,,,,,,,,,,,,1,19/08/2025,,,,,,,,
7989894807,01/04/2012,WC1A 9PG,3,R,1,31/01/2013,,,,G85023,PZ999,08/08/2025,,,,,,,,,,,,,,,,,,,,,,,,,,,,,,,,,,,08/08/2025,08/08/2025,3,,
7989894807,01/04/2012,WC1A 9PG,3,R,1,31/01/2013,,,,G85023,PZ999,28/07/2025,,,,,,,,,,,,,,,,,,,,,,,,,28/07/2025,99,,,,,,,,,,,,,
7989894807,01/04/2012,WC1A 9PG,3,R,1,31/01/2013,,,,G85023,PZ999,26/08/2025,151.49,55.4,26/08/2025,55.0,1,26/08/2025,3,1,2,102,54,26/08/2025,,,,,,,,,,,,,,,,,,,,,,,,,,,
7989894807,01/04/2012,WC1A 9PG,3,R,1,31/01/2013,,,,G85023,PZ999,01/10/2025,,,,,,,,,,,,,01/10/2025,01/10/2025,2,62.0,01/10/2025,1,2.09,01/10/2025,01/10/2025,1,01/10/2025,1,,,1,,01/10/2025,,,1,01/10/2025,01/10/2025,,,,,
7989894807,01/04/2012,WC1A 9PG,3,R,1,31/01/2013,,,,G85023,PZ999,31/10/2025,155.03,60.23,31/10/2025,52.0,1,31/10/2025,5,,99,97,50,31/10/2025,,,,,,,,,,,,,,,,,,,,,,,,,,,
7989894807,01/04/2012,WC1A 9PG,3,R,1,31/01/2013,,,,G85023,PZ999,29/11/2025,,,,,,,,,,,,,,,,,,,,,,,,,,,,,,99,,,,,,,,,
7989894807,01/04/2012,WC1A 9PG,3,R,1,31/01/2013,,,,G85023,PZ999,22/12/2025,159.78,46.75,22/12/2025,48.0,1,22/12/2025,1,,5,103,58,22/12/2025,,,,,,,,,,,,,,,,,,,,,,,,,,,
7989894807,01/04/2012,WC1A 9PG,3,R,1,31/01/2013,,,,G85023,PZ999,08/03/2026,158.96,44.75,08/03/2026,56.0,1,08/03/2026,1,,2,98,56,08/03/2026,,,,,,,,,,,,,,,,,,,,,,,,,,,
7989894807,01/04/2012,WC1A 9PG,3,R,1,31/01/2013,,,,G85023,PZ999,03/03/2026,,,,,,,,,,,,,,,,,,,,,,,,,,,,,,99,,,,,,,,,
7989894807,01/04/2012,WC1A 9PG,3,R,1,31/01/2013,,,,G85023,PZ999,02/02/2026,163.91,51.26,02/02/2026,58.0,1,02/02/2026,1,,4,102,53,02/02/2026,,,,,,,,,,,,,,,,,,,,,,,,,,,
7989894807,01/04/2012,WC1A 9PG,3,R,1,31/01/2013,,,,G85023,PZ999,16/01/2026,,,,,,,,,,,,,,,,,,,,,,,,,,,,,,1,16/01/2026,,,,,,,,
6151150600,01/04/2013,WC1A 9HJ,1,G,1,21/09/2019,,,,G85023,PZ999,21/06/2025,158.06,60.33,21/06/2025,49.0,1,21/06/2025,2,,4,101,55,21/06/2025,,,,,,,,,,,,,,,,,,,,,,,,,,,
6151150600,01/04/2013,WC1A 9HJ,1,G,1,21/09/2019,,,,G85023,PZ999,19/04/2025,,,,,,,,,,,,,,,,,,,,,,,,,,,,,,99,,,,,,,,,
6151150600,01/04/2013,WC1A 9HJ,1,G,1,21/09/2019,,,,G85023,PZ999,18/06/2025,158.36,54.89,18/06/2025,55.0,1,18/06/2025,2,,99,95,57,18/06/2025,,,,,,,,,,,,,,,,,,,,,,,,,,,
6151150600,01/04/2013,WC1A 9HJ,1,G,1,21/09/2019,,,,G85023,PZ999,26/05/2025,,,,,,,,,,,,,,,,,,,,,,,,,,,,,,1,26/05/2025,,,,,,,,
6151150600,01/04/2013,WC1A 9HJ,1,G,1,21/09/2019,,,,G85023,PZ999,08/09/2025,,,,,,,,,,,,,,,,,,,,,,,,,,,,,,1,08/09/2025,,,,,,,,
6151150600,01/04/2013,WC1A 9HJ,1,G,1,21/09/2019,,,,G85023,PZ999,15/07/2025,,,,,,,,,,,,,,,,,,,,,,,,,,,,,,,,,,,15/07/2025,15/07/2025,5,,
6151150600,01/04/2013,WC1A 9HJ,1,G,1,21/09/2019,,,,G85023,PZ999,16/08/2025,,,,,,,,,,,,,,,,,,,,,,,,,16/08/2025,99,,,,,,,,,,,,,
6151150600,01/04/2013,WC1A 9HJ,1,G,1,21/09/2019,,,,G85023,PZ999,21/08/2025,150.86,56.43,21/08/2025,48.0,1,21/08/2025,4,,1,105,60,21/08/2025,,,,,,,,,,,,,,,,,,,,,,,,,,,
6151150600,01/04/2013,WC1A 9HJ,1,G,1,21/09/2019,,,,G85023,PZ999,10/12/2025,,,,,,,,,,,,,10/12/2025,10/12/2025,2,232.0,10/12/2025,1,4.75,10/12/2025,10/12/2025,99,10/12/2025,1,,,2,10/12/2025,10/12/2025,,,99,10/12/2025,10/12/2025,,,,,
6151150600,01/04/2013,WC1A 9HJ,1,G,1,21/09/2019,,,,G85023,PZ999,06/12/2025,156.34,52.1,06/12/2025,57.0,1,06/12/2025,2,,2,99,60,06/12/2025,,,,,,,,,,,,,,,,,,,,,,,,,,,
6151150600,01/04/2013,WC1A 9HJ,1,G,1,21/09/2019,,,,G85023,PZ999,02/10/2025,,,,,,,,,,,,,,,,,,,,,,,,,,,,,,99,,,,,,,,,
6151150600,01/04/2013,WC1A 9HJ,1,G,1,21/09/2019,,,,G85023,PZ999,18/11/2025,169.89,56.14,18/11/2025,52.0,1,18/11/2025,6,4,3,104,60,18/11/2025,,,,,,,,,,,,,,,,,,,,,,,,,,,
6151150600,01/04/2013,WC1A 9HJ,1,G,1,21/09/2019,,,,G85023,PZ999,06/03/2026,155.97,41.96,06/03/2026,58.0,1,06/03/2026,3,2,1,96,51,06/03/2026,,,,,,,,,,,,,,,,,,,,,,,,,,,
6151150600,01/04/2013,WC1A 9HJ,1,G,1,21/09/2019,,,,G85023,PZ999,12/02/2026,,,,,,,,,,,,,,,,,,,,,,,,,,,,,,2,,,,,,,,,
6151150600,01/04/2013,WC1A 9HJ,1,G,1,21/09/2019,,,,G85023,PZ999,12/03/2026,163.01,40.61,12/03/2026,58.0,1,12/03/2026,4,,99,100,51,12/03/2026,,,,,,,,,,,,,,,,,,,,,,,,,,,
6151150600,01/04/2013,WC1A 9HJ,1,G,1,21/09/2019,,,,G85023,PZ999,03/01/2026,,,,,,,,,,,,,,,,,,,,,,,,,,,,,,2,,,,,,,,,
6368232293,01/04/2010,WC1A 1JN,3,Z,1,07/04/2023,,,,G85023,PZ999,24/04/2025,155.77,50.92,24/04/2025,58.0,1,24/04/2025,1,,99,102,59,24/04/2025,,,,,,,,,,,,,,,,,,,,,,,,,,,
6368232293,01/04/2010,WC1A 1JN,3,Z,1,07/04/2023,,,,G85023,PZ999,19/06/2025,,,,,,,,,,,,,,,,,,,,,,,,,,,,,,1,19/06/2025,,,,,,,,
6368232293,01/04/2010,WC1A 1JN,3,Z,1,07/04/2023,,,,G85023,PZ999,23/05/2025,152.33,46.83,23/05/2025,56.0,1,23/05/2025,1,,5,105,60,23/05/2025,,,,,,,,,,,,,,,,,,,,,,,,,,,
6368232293,01/04/2010,WC1A 1JN,3,Z,1,07/04/2023,,,,G85023,PZ999,25/06/2025,,,,,,,,,,,,,,,,,,,,,,,,,,,,,,2,,,,,,,,,
6368232293,01/04/2010,WC1A 1JN,3,Z,1,07/04/2023,,,,G85023,PZ999,08/07/2025,,,,,,,,,,,,,,,,,,,,,,,,,,,,,,2,,,,,,,,,
6368232293,01/04/2010,WC1A 1JN,3,Z,1,07/04/2023,,,,G85023,PZ999,27/07/2025,,,,,,,,,,,,,,,,,,,,,,,,,,,,,,,,,,,27/07/2025,27/07/2025,5,,
6368232293,01/04/2010,WC1A 1JN,3,Z,1,07/04/2023,,,,G85023,PZ999,11/08/2025,,,,,,,,,,,,,,,,,,,,,,,,,11/08/2025,99,,,,,,,,,,,,,
6368232293,01/04/2010,WC1A 1JN,3,Z,1,07/04/2023,,,,G85023,PZ999,03/09/2025,160.45,57.62,03/09/2025,51.0,1,03/09/2025,6,4,3,98,57,03/09/2025,,,,,,,,,,,,,,,,,,,,,,,,,,,
6368232293,01/04/2010,WC1A 1JN,3,Z,1,07/04/2023,,,,G85023,PZ999,08/12/2025,,,,,,,,,,,,,08/12/2025,08/12/2025,2,65.0,08/12/2025,99,3.47,08/12/2025,08/12/2025,1,08/12/2025,2,,,2,08/12/2025,08/12/2025,,,2,08/12/2025,08/12/2025,,,,,
6368232293,01/04/2010,WC1A 1JN,3,Z,1,07/04/2023,,,,G85023,PZ999,14/10/2025,152.65,49.79,14/10/2025,52.0,1,14/10/2025,1,,2,105,53,14/10/2025,,,,,,,,,,,,,,,,,,,,,,,,,,,
6368232293,01/04/2010,WC1A 1JN,3,Z,1,07/04/2023,,,,G85023,PZ999,15/11/2025,,,,,,,,,,,,,,,,,,,,,,,,,,,,,,1,15/11/2025,,,,,,,,
6368232293,01/04/2010,WC1A 1JN,3,Z,1,07/04/2023,,,,G85023,PZ999,26/12/2025,157.67,52.07,26/12/2025,55.0,1,26/12/2025,4,,5,97,55,26/12/2025,,,,,,,,,,,,,,,,,,,,,,,,,,,
6368232293,01/04/2010,WC1A 1JN,3,Z,1,07/04/2023,,,,G85023,PZ999,01/02/2026,159.28,45.35,01/02/2026,55.0,1,01/02/2026,4,,1,102,50,01/02/2026,,,,,,,,,,,,,,,,,,,,,,,,,,,
6368232293,01/04/2010,WC1A 1JN,3,Z,1,07/04/2023,,,,G85023,PZ999,12/01/2026,,,,,,,,,,,,,,,,,,,,,,,,,,,,,,2,,,,,,,,,
6368232293,01/04/2010,WC1A 1JN,3,Z,1,07/04/2023,,,,G85023,PZ999,09/02/2026,166.85,45.3,09/02/2026,52.0,1,09/02/2026,5,,2,99,58,09/02/2026,,,,,,,,,,,,,,,,,,,,,,,,,,,
6368232293,01/04/2010,WC1A 1JN,3,Z,1,07/04/2023,,,,G85023,PZ999,24/01/2026,,,,,,,,,,,,,,,,,,,,,,,,,,,,,,2,,,,,,,,,
6256213041,01/04/2011,WC1A 9RH,3,N,1,24/04/2012,,,,G85023,PZ999,09/06/2025,165.08,51.04,09/06/2025,49.0,1,09/06/2025,3,1,99,95,50,09/06/2025,,,,,,,,,,,,,,,,,,,,,,,,,,,
6256213041,01/04/2011,WC1A 9RH,3,N,1,24/04/2012,,,,G85023,PZ999,18/04/2025,,,,,,,,,,,,,,,,,,,,,,,,,,,,,,1,18/04/2025,,,,,,,,
6256213041,01/04/2011,WC1A 9RH,3,N,1,24/04/2012,,,,G85023,PZ999,13/06/2025,156.86,48.66,13/06/2025,48.0,1,13/06/2025,1,,2,98,55,13/06/2025,,,,,,,,,,,,,,,,,,,,,,,,,,,
6256213041,01/04/2011,WC1A 9RH,3,N,1,24/04/2012,,,,G85023,PZ999,28/06/2025,,,,,,,,,,,,,,,,,,,,,,,,,,,,,,2,,,,,,,,,
6256213041,01/04/2011,WC1A 9RH,3,N,1,24/04/2012,,,,G85023,PZ999,28/07/2025,,,,,,,,,,,,,,,,,,,,,,,,,,,,,,99,,,,,,,,,
6256213041,01/04/2011,WC1A 9RH,3,N,1,24/04/2012,,,,G85023,PZ999,02/08/2025,,,,,,,,,,,,,,,,,,,,,,,,,,,,,,,,,,,02/08/2025,02/08/2025,1,,
6256213041,01/04/2011,WC1A 9RH,3,N,1,24/04/2012,,,,G85023,PZ999,04/08/2025,,,,,,,,,,,,,,,,,,,,,,,,,04/08/2025,2,,,,,,,,,,,,,
6256213041,01/04/2011,WC1A 9RH,3,N,1,24/04/2012,,,,G85023,PZ999,01/08/2025,160.09,58.62,01/08/2025,53.0,1,01/08/2025,3,1,2,103,53,01/08/2025,,,,,,,,,,,,,,,,,,,,,,,,,,,
6256213041,01/04/2011,WC1A 9RH,3,N,1,24/04/2012,,,,G85023,PZ999,22/12/2025,,,,,,,,,,,,,22/12/2025,22/12/2025,2,68.0,22/12/2025,3,2.83,22/12/2025,22/12/2025,2,22/12/2025,99,,,99,,22/12/2025,,,99,22/12/2025,22/12/2025,,,,,
6256213041,01/04/2011,WC1A 9RH,3,N,1,24/04/2012,,,,G85023,PZ999,15/11/2025,159.96,55.83,15/11/2025,58.0,1,15/11/2025,3,1,4,103,52,15/11/2025,,,,,,,,,,,,,,,,,,,,,,,,,,,
6256213041,01/04/2011,WC1A 9RH,3,N,1,24/04/2012,,,,G85023,PZ999,11/12/2025,,,,,,,,,,,,,,,,,,,,,,,,,,,,,,2,,,,,,,,,
6256213041,01/04/2011,WC1A 9RH,3,N,1,24/04/2012,,,,G85023,PZ999,26/11/2025,161.79,41.32,26/11/2025,57.0,1,26/11/2025,1,,3,101,54,26/11/2025,,,,,,,,,,,,,,,,,,,,,,,,,,,
6256213041,01/04/2011,WC1A 9RH,3,N,1,24/04/2012,,,,G85023,PZ999,05/03/2026,167.58,53.13,05/03/2026,53.0,1,05/03/2026,1,,4,100,53,05/03/2026,,,,,,,,,,,,,,,,,,,,,,,,,,,
6256213041,01/04/2011,WC1A 9RH,3,N,1,24/04/2012,,,,G85023,PZ999,20/01/2026,,,,,,,,,,,,,,,,,,,,,,,,,,,,,,99,,,,,,,,,
6256213041,01/04/2011,WC1A 9RH,3,N,1,24/04/2012,,,,G85023,PZ999,07/03/2026,160.93,48.26,07/03/2026,51.0,1,07/03/2026,3,1,5,96,58,07/03/2026,,,,,,,,,,,,,,,,,,,,,,,,,,,
6256213041,01/04/2011,WC1A 9RH,3,N,1,24/04/2012,,,,G85023,PZ999,06/01/2026,,,,,,,,,,,,,,,,,,,,,,,,,,,,,,99,,,,,,,,,
6310286897,01/04/2012,WC1A 1YT,99,J,1,09/03/2018,,,,G85023,PZ999,27/06/2025,164.92,67.91,27/06/2025,55.0,1,27/06/2025,6,3,99,102,51,27/06/2025,,,,,,,,,,,,,,,,,,,,,,,,,,,
6310286897,01/04/2012,WC1A 1YT,99,J,1,09/03/2018,,,,G85023,PZ999,08/05/2025,,,,,,,,,,,,,,,,,,,,,,,,,,,,,,2,,,,,,,,,
6310286897,01/04/2012,WC1A 1YT,99,J,1,09/03/2018,,,,G85023,PZ999,20/04/2025,160.6,54.35,20/04/2025,57.0,1,20/04/2025,5,,2,101,57,20/04/2025,,,,,,,,,,,,,,,,,,,,,,,,,,,
6310286897,01/04/2012,WC1A 1YT,99,J,1,09/03/2018,,,,G85023,PZ999,23/04/2025,,,,,,,,,,,,,,,,,,,,,,,,,,,,,,2,,,,,,,,,
6310286897,01/04/2012,WC1A 1YT,99,J,1,09/03/2018,,,,G85023,PZ999,01/08/2025,,,,,,,,,,,,,,,,,,,,,,,,,,,,,,1,01/08/2025,,,,,,,,
6310286897,01/04/2012,WC1A 1YT,99,J,1,09/03/2018,,,,G85023,PZ999,17/07/2025,,,,,,,,,,,,,,,,,,,,,,,,,,,,,,,,,,,17/07/2025,17/07/2025,4,,
6310286897,01/04/2012,WC1A 1YT,99,J,1,09/03/2018,,,,G85023,PZ999,30/07/2025,,,,,,,,,,,,,,,,,,,,,,,,,30/07/2025,1,,,,,,,,,,,,,
6310286897,01/04/2012,WC1A 1YT,99,J,1,09/03/2018,,,,G85023,PZ999,29/09/2025,160.22,57.54,29/09/2025,52.0,1,29/09/2025,6,1,99,103,55,29/09/2025,,,,,,,,,,,,,,,,,,,,,,,,,,,
6310286897,01/04/2012,WC1A 1YT,99,J,1,09/03/2018,,,,G85023,PZ999,12/12/2025,,,,,,,,,,,,,12/12/2025,12/12/2025,2,122.0,12/12/2025,99,2.56,12/12/2025,12/12/2025,1,12/12/2025,99,,,1,,12/12/2025,,,2,12/12/2025,12/12/2025,,,,,
6310286897,01/04/2012,WC1A 1YT,99,J,1,09/03/2018,,,,G85023,PZ999,26/11/2025,155.37,45.3,26/11/2025,50.0,1,26/11/2025,2,,5,105,58,26/11/2025,,,,,,,,,,,,,,,,,,,,,,,,,,,
6310286897,01/04/2012,WC1A 1YT,99,J,1,09/03/2018,,,,G85023,PZ999,28/10/2025,,,,,,,,,,,,,,,,,,,,,,,,,,,,,,2,,,,,,,,,
6310286897,01/04/2012,WC1A 1YT,99,J,1,09/03/2018,,,,G85023,PZ999,05/11/2025,169.53,63.78,05/11/2025,55.0,1,05/11/2025,4,,4,100,50,05/11/2025,,,,,,,,,,,,,,,,,,,,,,,,,,,
6310286897,01/04/2012,WC1A 1YT,99,J,1,09/03/2018,,,,G85023,PZ999,13/03/2026,154.84,55.46,13/03/2026,54.0,1,13/03/2026,5,,2,105,50,13/03/2026,,,,,,,,,,,,,,,,,,,,,,,,,,,
6310286897,01/04/2012,WC1A 1YT,99,J,1,09/03/2018,,,,G85023,PZ999,27/02/2026,,,,,,,,,,,,,,,,,,,,,,,,,,,,,,2,,,,,,,,,
6310286897,01/04/2012,WC1A 1YT,99,J,1,09/03/2018,,,,G85023,PZ999,01/03/2026,153.18,48.72,01/03/2026,57.0,1,01/03/2026,3,4,2,105,55,01/03/2026,,,,,,,,,,,,,,,,,,,,,,,,,,,
6310286897,01/04/2012,WC1A 1YT,99,J,1,09/03/2018,,,,G85023,PZ999,17/01/2026,,,,,,,,,,,,,,,,,,,,,,,,,,,,,,1,17/01/2026,,,,,,,,
4374662863,01/04/2013,WC1A 9UA,3,Z,1,09/11/2021,,,,G85023,PZ999,21/06/2025,158.81,56.66,21/06/2025,57.0,1,21/06/2025,6,2,5,101,50,21/06/2025,,,,,,,,,,,,,,,,,,,,,,,,,,,
4374662863,01/04/2013,WC1A 9UA,3,Z,1,09/11/2021,,,,G85023,PZ999,17/05/2025,,,,,,,,,,,,,,,,,,,,,,,,,,,,,,1,17/05/2025,,,,,,,,
4374662863,01/04/2013,WC1A 9UA,3,Z,1,09/11/2021,,,,G85023,PZ999,29/06/2025,154.46,40.32,29/06/2025,54.0,1,29/06/2025,3,2,2,99,52,29/06/2025,,,,,,,,,,,,,,,,,,,,,,,,,,,
4374662863,01/04/2013,WC1A 9UA,3,Z,1,09/11/2021,,,,G85023,PZ999,28/05/2025,,,,,,,,,,,,,,,,,,,,,,,,,,,,,,99,,,,,,,,,
4374662863,01/04/2013,WC1A 9UA,3,Z,1,09/11/2021,,,,G85023,PZ999,01/08/2025,,,,,,,,,,,,,,,,,,,,,,,,,,,,,,99,,,,,,,,,
4374662863,01/04/2013,WC1A 9UA,3,Z,1,09/11/2021,,,,G85023,PZ999,27/07/2025,,,,,,,,,,,,,,,,,,,,,,,,,,,,,,,,,,,27/07/2025,27/07/2025,4,,
4374662863,01/04/2013,WC1A 9UA,3,Z,1,09/11/2021,,,,G85023,PZ999,16/08/2025,,,,,,,,,,,,,,,,,,,,,,,,,16/08/2025,1,,,,,,,,,,,,,
4374662863,01/04/2013,WC1A 9UA,3,Z,1,09/11/2021,,,,G85023,PZ999,14/09/2025,158.15,50.63,14/09/2025,55.0,1,14/09/2025,6,2,5,100,52,14/09/2025,,,,,,,,,,,,,,,,,,,,,,,,,,,
4374662863,01/04/2013,WC1A 9UA,3,Z,1,09/11/2021,,,,G85023,PZ999,31/10/2025,,,,,,,,,,,,,31/10/2025,31/10/2025,1,169.0,31/10/2025,3,5.57,31/10/2025,31/10/2025,1,31/10/2025,2,,,1,,31/10/2025,,,2,31/10/2025,31/10/2025,,,,,
4374662863,01/04/2013,WC1A 9UA,3,Z,1,09/11/2021,,,,G85023,PZ999,21/11/2025,157.48,48.41,21/11/2025,52.0,1,21/11/2025,2,,99,105,59,21/11/2025,,,,,,,,,,,,,,,,,,,,,,,,,,,
4374662863,01/04/2013,WC1A 9UA,3,Z,1,09/11/2021,,,,G85023,PZ999,05/10/2025,,,,,,,,,,,,,,,,,,,,,,,,,,,,,,99,,,,,,,,,
4374662863,01/04/2013,WC1A 9UA,3,Z,1,09/11/2021,,,,G85023,PZ999,27/12/2025,160.32,63.05,27/12/2025,48.0,1,27/12/2025,6,1,1,101,60,27/12/2025,,,,,,,,,,,,,,,,,,,,,,,,,,,
4374662863,01/04/2013,WC1A 9UA,3,Z,1,09/11/2021,,,,G85023,PZ999,10/03/2026,154.69,60.64,10/03/2026,53.0,1,10/03/2026,5,,2,98,51,10/03/2026,,,,,,,,,,,,,,,,,,,,,,,,,,,
4374662863,01/04/2013,WC1A 9UA,3,Z,1,09/11/2021,,,,G85023,PZ999,26/02/2026,,,,,,,,,,,,,,,,,,,,,,,,,,,,,,2,,,,,,,,,
4374662863,01/04/2013,WC1A 9UA,3,Z,1,09/11/2021,,,,G85023,PZ999,19/01/2026,156.47,62.74,19/01/2026,48.0,1,19/01/2026,5,,5,105,56,19/01/2026,,,,,,,,,,,,,,,,,,,,,,,,,,,
4374662863,01/04/2013,WC1A 9UA,3,Z,1,09/11/2021,,,,G85023,PZ999,24/02/2026,,,,,,,,,,,,,,,,,,,,,,,,,,,,,,1,24/02/2026,,,,,,,,
4275568214,01/04/2014,WC1A 1HD,1,L,1,25/02/2022,,,,G85023,PZ999,05/06/2025,164.34,40.45,05/06/2025,48.0,1,05/06/2025,3,1,5,104,50,05/06/2025,,,,,,,,,,,,,,,,,,,,,,,,,,,
4275568214,01/04/2014,WC1A 1HD,1,L,1,25/02/2022,,,,G85023,PZ999,29/06/2025,,,,,,,,,,,,,,,,,,,,,,,,,,,,,,2,,,,,,,,,
4275568214,01/04/2014,WC1A 1HD,1,L,1,25/02/2022,,,,G85023,PZ999,27/06/2025,153.3,63.63,27/06/2025,52.0,1,27/06/2025,1,,4,97,55,27/06/2025,,,,,,,,,,,,,,,,,,,,,,,,,,,
4275568214,01/04/2014,WC1A 1HD,1,L,1,25/02/2022,,,,G85023,PZ999,05/06/2025,,,,,,,,,,,,,,,,,,,,,,,,,,,,,,1,05/06/2025,,,,,,,,
4275568214,01/04/2014,WC1A 1HD,1,L,1,25/02/2022,,,,G85023,PZ999,06/07/2025,,,,,,,,,,,,,,,,,,,,,,,,,,,,,,99,,,,,,,,,
4275568214,01/04/2014,WC1A 1HD,1,L,1,25/02/2022,,,,G85023,PZ999,06/09/2025,,,,,,,,,,,,,,,,,,,,,,,,,,,,,,,,,,,06/09/2025,06/09/2025,1,,
4275568214,01/04/2014,WC1A 1HD,1,L,1,25/02/2022,,,,G85023,PZ999,17/07/2025,,,,,,,,,,,,,,,,,,,,,,,,,17/07/2025,1,,,,,,,,,,,,,
4275568214,01/04/2014,WC1A 1HD,1,L,1,25/02/2022,,,,G85023,PZ999,03/07/2025,153.55,54.27,03/07/2025,54.0,1,03/07/2025,4,,99,96,58,03/07/2025,,,,,,,,,,,,,,,,,,,,,,,,,,,
4275568214,01/04/2014,WC1A 1HD,1,L,1,25/02/2022,,,,G85023,PZ999,27/12/2025,,,,,,,,,,,,,27/12/2025,27/12/2025,1,268.0,27/12/2025,2,3.87,27/12/2025,27/12/2025,2,27/12/2025,1,,,1,,27/12/2025,,,2,27/12/2025,27/12/2025,,,,,
4275568214,01/04/2014,WC1A 1HD,1,L,1,25/02/2022,,,,G85023,PZ999,20/11/2025,158.28,45.07,20/11/2025,56.0,1,20/11/2025,6,2,1,101,54,20/11/2025,,,,,,,,,,,,,,,,,,,,,,,,,,,
4275568214,01/04/2014,WC1A 1HD,1,L,1,25/02/2022,,,,G85023,PZ999,09/12/2025,,,,,,,,,,,,,,,,,,,,,,,,,,,,,,1,09/12/2025,,,,,,,,
4275568214,01/04/2014,WC1A 1HD,1,L,1,25/02/2022,,,,G85023,PZ999,30/12/2025,157.79,62.47,30/12/2025,52.0,1,30/12/2025,6,2,4,104,56,30/12/2025,,,,,,,,,,,,,,,,,,,,,,,,,,,
4275568214,01/04/2014,WC1A 1HD,1,L,1,25/02/2022,,,,G85023,PZ999,08/03/2026,161.53,59.24,08/03/2026,52.0,1,08/03/2026,4,,3,101,55,08/03/2026,,,,,,,,,,,,,,,,,,,,,,,,,,,
4275568214,01/04/2014,WC1A 1HD,1,L,1,25/02/2022,,,,G85023,PZ999,21/03/2026,,,,,,,,,,,,,,,,,,,,,,,,,,,,,,99,,,,,,,,,
4275568214,01/04/2014,WC1A 1HD,1,L,1,25/02/2022,,,,G85023,PZ999,02/01/2026,156.3,69.98,02/01/2026,55.0,1,02/01/2026,5,,5,102,54,02/01/2026,,,,,,,,,,,,,,,,,,,,,,,,,,,
4275568214,01/04/2014,WC1A 1HD,1,L,1,25/02/2022,,,,G85023,PZ999,11/02/2026,,,,,,,,,,,,,,,,,,,,,,,,,,,,,,2,,,,,,,,,
7862662741,01/04/2011,WC1A 2TA,2,L,1,19/03/2021,,,,G85023,PZ999,16/06/2025,152.25,59.36,16/06/2025,52.0,1,16/06/2025,3,1,99,98,60,16/06/2025,,,,,,,,,,,,,,,,,,,,,,,,,,,
7862662741,01/04/2011,WC1A 2TA,2,L,1,19/03/2021,,,,G85023,PZ999,19/06/2025,,,,,,,,,,,,,,,,,,,,,,,,,,,,,,2,,,,,,,,,
7862662741,01/04/2011,WC1A 2TA,2,L,1,19/03/2021,,,,G85023,PZ999,31/05/2025,160.35,62.27,31/05/2025,51.0,1,31/05/2025,2,,99,96,58,31/05/2025,,,,,,,,,,,,,,,,,,,,,,,,,,,
7862662741,01/04/2011,WC1A 2TA,2,L,1,19/03/2021,,,,G85023,PZ999,23/06/2025,,,,,,,,,,,,,,,,,,,,,,,,,,,,,,2,,,,,,,,,
7862662741,01/04/2011,WC1A 2TA,2,L,1,19/03/2021,,,,G85023,PZ999,02/09/2025,,,,,,,,,,,,,,,,,,,,,,,,,,,,,,2,,,,,,,,,
7862662741,01/04/2011,WC1A 2TA,2,L,1,19/03/2021,,,,G85023,PZ999,31/08/2025,,,,,,,,,,,,,,,,,,,,,,,,,,,,,,,,,,,31/08/2025,31/08/2025,5,,
7862662741,01/04/2011,WC1A 2TA,2,L,1,19/03/2021,,,,G85023,PZ999,17/08/2025,,,,,,,,,,,,,,,,,,,,,,,,,17/08/2025,2,,,,,,,,,,,,,
7862662741,01/04/2011,WC1A 2TA,2,L,1,19/03/2021,,,,G85023,PZ999,07/08/2025,159.86,64.22,07/08/2025,58.0,1,07/08/2025,2,,3,100,52,07/08/2025,,,,,,,,,,,,,,,,,,,,,,,,,,,
7862662741,01/04/2011,WC1A 2TA,2,L,1,19/03/2021,,,,G85023,PZ999,30/12/2025,,,,,,,,,,,,,30/12/2025,30/12/2025,99,130.0,30/12/2025,1,4.17,30/12/2025,30/12/2025,3,30/12/2025,2,,,1,,30/12/2025,,,1,30/12/2025,30/12/2025,,,,,
7862662741,01/04/2011,WC1A 2TA,2,L,1,19/03/2021,,,,G85023,PZ999,08/10/2025,151.27,45.13,08/10/2025,49.0,1,08/10/2025,2,,99,99,52,08/10/2025,,,,,,,,,,,,,,,,,,,,,,,,,,,
7862662741,01/04/2011,WC1A 2TA,2,L,1,19/03/2021,,,,G85023,PZ999,21/12/2025,,,,,,,,,,,,,,,,,,,,,,,,,,,,,,2,,,,,,,,,
7862662741,01/04/2011,WC1A 2TA,2,L,1,19/03/2021,,,,G85023,PZ999,19/10/2025,169.86,50.51,19/10/2025,50.0,1,19/10/2025,2,,5,101,51,19/10/2025,,,,,,,,,,,,,,,,,,,,,,,,,,,
7862662741,01/04/2011,WC1A 2TA,2,L,1,19/03/2021,,,,G85023,PZ999,11/01/2026,158.88,45.34,11/01/2026,48.0,1,11/01/2026,4,,5,103,54,11/01/2026,,,,,,,,,,,,,,,,,,,,,,,,,,,
7862662741,01/04/2011,WC1A 2TA,2,L,1,19/03/2021,,,,G85023,PZ999,22/01/2026,,,,,,,,,,,,,,,,,,,,,,,,,,,,,,99,,,,,,,,,
7862662741,01/04/2011,WC1A 2TA,2,L,1,19/03/2021,,,,G85023,PZ999,05/02/2026,152.02,45.44,05/02/2026,51.0,1,05/02/2026,1,,3,105,55,05/02/2026,,,,,,,,,,,,,,,,,,,,,,,,,,,
7862662741,01/04/2011,WC1A 2TA,2,L,1,19/03/2021,,,,G85023,PZ999,18/02/2026,,,,,,,,,,,,,,,,,,,,,,,,,,,,,,1,18/02/2026,,,,,,,,
7722035159,01/04/2014,WC1A 9UB,2,M,1,24/10/2020,,,,G85023,PZ999,15/06/2025,157.59,42.74,15/06/2025,58.0,1,15/06/2025,6,3,5,98,52,15/06/2025,,,,,,,,,,,,,,,,,,,,,,,,,,,
7722035159,01/04/2014,WC1A 9UB,2,M,1,24/10/2020,,,,G85023,PZ999,07/04/2025,,,,,,,,,,,,,,,,,,,,,,,,,,,,,,1,07/04/2025,,,,,,,,
7722035159,01/04/2014,WC1A 9UB,2,M,1,24/10/2020,,,,G85023,PZ999,10/06/2025,165.02,69.34,10/06/2025,58.0,1,10/06/2025,5,,2,96,58,10/06/2025,,,,,,,,,,,,,,,,,,,,,,,,,,,
7722035159,01/04/2014,WC1A 9UB,2,M,1,24/10/2020,,,,G85023,PZ999,26/06/2025,,,,,,,,,,,,,,,,,,,,,,,,,,,,,,1,26/06/2025,,,,,,,,
7722035159,01/04/2014,WC1A 9UB,2,M,1,24/10/2020,,,,G85023,PZ999,24/07/2025,,,,,,,,,,,,,,,,,,,,,,,,,,,,,,99,,,,,,,,,
7722035159,01/04/2014,WC1A 9UB,2,M,1,24/10/2020,,,,G85023,PZ999,18/09/2025,,,,,,,,,,,,,,,,,,,,,,,,,,,,,,,,,,,18/09/2025,18/09/2025,1,,
7722035159,01/04/2014,WC1A 9UB,2,M,1,24/10/2020,,,,G85023,PZ999,20/08/2025,,,,,,,,,,,,,,,,,,,,,,,,,20/08/2025,99,,,,,,,,,,,,,
7722035159,01/04/2014,WC1A 9UB,2,M,1,24/10/2020,,,,G85023,PZ999,29/07/2025,155.51,44.63,29/07/2025,49.0,1,29/07/2025,3,4,5,101,59,29/07/2025,,,,,,,,,,,,,,,,,,,,,,,,,,,
7722035159,01/04/2014,WC1A 9UB,2,M,1,24/10/2020,,,,G85023,PZ999,08/12/2025,,,,,,,,,,,,,08/12/2025,08/12/2025,1,59.0,08/12/2025,1,2.1,08/12/2025,08/12/2025,99,08/12/2025,2,,,99,,08/12/2025,,,2,08/12/2025,08/12/2025,,,,,
7722035159,01/04/2014,WC1A 9UB,2,M,1,24/10/2020,,,,G85023,PZ999,10/11/2025,159.81,58.34,10/11/2025,54.0,1,10/11/2025,2,,4,101,60,10/11/2025,,,,,,,,,,,,,,,,,,,,,,,,,,,
7722035159,01/04/2014,WC1A 9UB,2,M,1,24/10/2020,,,,G85023,PZ999,15/10/2025,,,,,,,,,,,,,,,,,,,,,,,,,,,,,,1,15/10/2025,,,,,,,,
7722035159,01/04/2014,WC1A 9UB,2,M,1,24/10/2020,,,,G85023,PZ999,02/10/2025,159.97,55.61,02/10/2025,58.0,1,02/10/2025,3,3,1,104,56,02/10/2025,,,,,,,,,,,,,,,,,,,,,,,,,,,
7722035159,01/04/2014,WC1A 9UB,2,M,1,24/10/2020,,,,G85023,PZ999,18/02/2026,164.24,45.08,18/02/2026,58.0,1,18/02/2026,3,1,99,98,56,18/02/2026,,,,,,,,,,,,,,,,,,,,,,,,,,,
7722035159,01/04/2014,WC1A 9UB,2,M,1,24/10/2020,,,,G85023,PZ999,21/01/2026,,,,,,,,,,,,,,,,,,,,,,,,,,,,,,1,21/01/2026,,,,,,,,
7722035159,01/04/2014,WC1A 9UB,2,M,1,24/10/2020,,,,G85023,PZ999,19/01/2026,162.17,45.09,19/01/2026,52.0,1,19/01/2026,6,1,5,102,57,19/01/2026,,,,,,,,,,,,,,,,,,,,,,,,,,,
7722035159,01/04/2014,WC1A 9UB,2,M,1,24/10/2020,,,,G85023,PZ999,19/02/2026,,,,,,,,,,,,,,,,,,,,,,,,,,,,,,2,,,,,,,,,
4110234255,01/04/2010,WC1A 9AU,2,G,1,16/05/2022,,,,G85023,PZ999,22/06/2025,165.65,63.72,22/06/2025,49.0,1,22/06/2025,6,4,3,105,59,22/06/2025,,,,,,,,,,,,,,,,,,,,,,,,,,,
4110234255,01/04/2010,WC1A 9AU,2,G,1,16/05/2022,,,,G85023,PZ999,25/05/2025,,,,,,,,,,,,,,,,,,,,,,,,,,,,,,1,25/05/2025,,,,,,,,
4110234255,01/04/2010,WC1A 9AU,2,G,1,16/05/2022,,,,G85023,PZ999,10/04/2025,154.2,50.96,10/04/2025,50.0,1,10/04/2025,1,,4,99,57,10/04/2025,,,,,,,,,,,,,,,,,,,,,,,,,,,
4110234255,01/04/2010,WC1A 9AU,2,G,1,16/05/2022,,,,G85023,PZ999,12/06/2025,,,,,,,,,,,,,,,,,,,,,,,,,,,,,,99,,,,,,,,,
4110234255,01/04/2010,WC1A 9AU,2,G,1,16/05/2022,,,,G85023,PZ999,29/07/2025,,,,,,,,,,,,,,,,,,,,,,,,,,,,,,99,,,,,,,,,
4110234255,01/04/2010,WC1A 9AU,2,G,1,16/05/2022,,,,G85023,PZ999,16/07/2025,,,,,,,,,,,,,,,,,,,,,,,,,,,,,,,,,,,16/07/2025,16/07/2025,1,,
4110234255,01/04/2010,WC1A 9AU,2,G,1,16/05/2022,,,,G85023,PZ999,07/07/2025,,,,,,,,,,,,,,,,,,,,,,,,,07/07/2025,99,,,,,,,,,,,,,
4110234255,01/04/2010,WC1A 9AU,2,G,1,16/05/2022,,,,G85023,PZ999,12/08/2025,166.97,51.47,12/08/2025,51.0,1,12/08/2025,2,,99,98,52,12/08/2025,,,,,,,,,,,,,,,,,,,,,,,,,,,
4110234255,01/04/2010,WC1A 9AU,2,G,1,16/05/2022,,,,G85023,PZ999,20/12/2025,,,,,,,,,,,,,20/12/2025,20/12/2025,99,197.0,20/12/2025,2,4.78,20/12/2025,20/12/2025,99,20/12/2025,1,,,2,20/12/2025,20/12/2025,,,2,20/12/2025,20/12/2025,,,,,
4110234255,01/04/2010,WC1A 9AU,2,G,1,16/05/2022,,,,G85023,PZ999,21/10/2025,158.94,41.78,21/10/2025,58.0,1,21/10/2025,6,2,99,103,58,21/10/2025,,,,,,,,,,,,,,,,,,,,,,,,,,,
4110234255,01/04/2010,WC1A 9AU,2,G,1,16/05/2022,,,,G85023,PZ999,05/10/2025,,,,,,,,,,,,,,,,,,,,,,,,,,,,,,2,,,,,,,,,
4110234255,01/04/2010,WC1A 9AU,2,G,1,16/05/2022,,,,G85023,PZ999,08/12/2025,156.51,60.05,08/12/2025,50.0,1,08/12/2025,5,,4,97,58,08/12/2025,,,,,,,,,,,,,,,,,,,,,,,,,,,
4110234255,01/04/2010,WC1A 9AU,2,G,1,16/05/2022,,,,G85023,PZ999,11/03/2026,155.81,66.28,11/03/2026,54.0,1,11/03/2026,2,,99,99,57,11/03/2026,,,,,,,,,,,,,,,,,,,,,,,,,,,
4110234255,01/04/2010,WC1A 9AU,2,G,1,16/05/2022,,,,G85023,PZ999,04/01/2026,,,,,,,,,,,,,,,,,,,,,,,,,,,,,,1,04/01/2026,,,,,,,,
4110234255,01/04/2010,WC1A 9AU,2,G,1,16/05/2022,,,,G85023,PZ999,26/03/2026,162.56,56.15,26/03/2026,54.0,1,26/03/2026,5,,5,104,59,26/03/2026,,,,,,,,,,,,,,,,,,,,,,,,,,,
4110234255,01/04/2010,WC1A 9AU,2,G,1,16/05/2022,,,,G85023,PZ999,07/02/2026,,,,,,,,,,,,,,,,,,,,,,,,,,,,,,2,,,,,,,,,
6361410730,01/04/2010,WC1A 2PJ,3,99,1,26/12/2022,,,,G85023,PZ999,14/06/2025,169.83,67.02,14/06/2025,53.0,1,14/06/2025,6,3,5,103,51,14/06/2025,,,,,,,,,,,,,,,,,,,,,,,,,,,
6361410730,01/04/2010,WC1A 2PJ,3,99,1,26/12/2022,,,,G85023,PZ999,12/06/2025,,,,,,,,,,,,,,,,,,,,,,,,,,,,,,2,,,,,,,,,
6361410730,01/04/2010,WC1A 2PJ,3,99,1,26/12/2022,,,,G85023,PZ999,27/04/2025,152.54,55.72,27/04/2025,52.0,1,27/04/2025,2,,1,95,59,27/04/2025,,,,,,,,,,,,,,,,,,,,,,,,,,,
6361410730,01/04/2010,WC1A 2PJ,3,99,1,26/12/2022,,,,G85023,PZ999,19/05/2025,,,,,,,,,,,,,,,,,,,,,,,,,,,,,,2,,,,,,,,,
6361410730,01/04/2010,WC1A 2PJ,3,99,1,26/12/2022,,,,G85023,PZ999,04/08/2025,,,,,,,,,,,,,,,,,,,,,,,,,,,,,,2,,,,,,,,,
6361410730,01/04/2010,WC1A 2PJ,3,99,1,26/12/2022,,,,G85023,PZ999,01/08/2025,,,,,,,,,,,,,,,,,,,,,,,,,,,,,,,,,,,01/08/2025,01/08/2025,5,,
6361410730,01/04/2010,WC1A 2PJ,3,99,1,26/12/2022,,,,G85023,PZ999,17/07/2025,,,,,,,,,,,,,,,,,,,,,,,,,17/07/2025,99,,,,,,,,,,,,,
6361410730,01/04/2010,WC1A 2PJ,3,99,1,26/12/2022,,,,G85023,PZ999,27/09/2025,155.24,45.35,27/09/2025,55.0,1,27/09/2025,1,,1,103,52,27/09/2025,,,,,,,,,,,,,,,,,,,,,,,,,,,
6361410730,01/04/2010,WC1A 2PJ,3,99,1,26/12/2022,,,,G85023,PZ999,16/10/2025,,,,,,,,,,,,,16/10/2025,16/10/2025,99,122.0,16/10/2025,2,3.01,16/10/2025,16/10/2025,1,16/10/2025,1,,,1,,16/10/2025,,,2,16/10/2025,16/10/2025,,,,,
6361410730,01/04/2010,WC1A 2PJ,3,99,1,26/12/2022,,,,G85023,PZ999,10/11/2025,151.29,67.86,10/11/2025,56.0,1,10/11/2025,1,,3,102,55,10/11/2025,,,,,,,,,,,,,,,,,,,,,,,,,,,
6361410730,01/04/2010,WC1A 2PJ,3,99,1,26/12/2022,,,,G85023,PZ999,25/12/2025,,,,,,,,,,,,,,,,,,,,,,,,,,,,,,99,,,,,,,,,
6361410730,01/04/2010,WC1A 2PJ,3,99,1,26/12/2022,,,,G85023,PZ999,08/12/2025,163.79,65.61,08/12/2025,56.0,1,08/12/2025,2,,4,97,60,08/12/2025,,,,,,,,,,,,,,,,,,,,,,,,,,,
6361410730,01/04/2010,WC1A 2PJ,3,99,1,26/12/2022,,,,G85023,PZ999,25/03/2026,160.45,42.9,25/03/2026,50.0,1,25/03/2026,2,,2,100,57,25/03/2026,,,,,,,,,,,,,,,,,,,,,,,,,,,
6361410730,01/04/2010,WC1A 2PJ,3,99,1,26/12/2022,,,,G85023,PZ999,12/02/2026,,,,,,,,,,,,,,,,,,,,,,,,,,,,,,1,12/02/2026,,,,,,,,
6361410730,01/04/2010,WC1A 2PJ,3,99,1,26/12/2022,,,,G85023,PZ999,21/02/2026,156.76,60.56,21/02/2026,55.0,1,21/02/2026,6,1,2,104,55,21/02/2026,,,,,,,,,,,,,,,,,,,,,,,,,,,
6361410730,01/04/2010,WC1A 2PJ,3,99,1,26/12/2022,,,,G85023,PZ999,18/01/2026,,,,,,,,,,,,,,,,,,,,,,,,,,,,,,1,18/01/2026,,,,,,,,
4958140492,01/04/2013,WC1A 1AB,2,N,1,14/09/2016,,,,G85023,PZ999,24/06/2025,167.72,52.6,24/06/2025,48.0,1,24/06/2025,1,,5,95,60,24/06/2025,,,,,,,,,,,,,,,,,,,,,,,,,,,
4958140492,01/04/2013,WC1A 1AB,2,N,1,14/09/2016,,,,G85023,PZ999,13/04/2025,,,,,,,,,,,,,,,,,,,,,,,,,,,,,,2,,,,,,,,,
4958140492,01/04/2013,WC1A 1AB,2,N,1,14/09/2016,,,,G85023,PZ999,09/06/2025,164.53,49.85,09/06/2025,57.0,1,09/06/2025,1,,4,105,52,09/06/2025,,,,,,,,,,,,,,,,,,,,,,,,,,,
4958140492,01/04/2013,WC1A 1AB,2,N,1,14/09/2016,,,,G85023,PZ999,05/04/2025,,,,,,,,,,,,,,,,,,,,,,,,,,,,,,1,05/04/2025,,,,,,,,
4958140492,01/04/2013,WC1A 1AB,2,N,1,14/09/2016,,,,G85023,PZ999,28/08/2025,,,,,,,,,,,,,,,,,,,,,,,,,,,,,,1,28/08/2025,,,,,,,,
4958140492,01/04/2013,WC1A 1AB,2,N,1,14/09/2016,,,,G85023,PZ999,19/07/2025,,,,,,,,,,,,,,,,,,,,,,,,,,,,,,,,,,,19/07/2025,19/07/2025,2,3,
4958140492,01/04/2013,WC1A 1AB,2,N,1,14/09/2016,,,,G85023,PZ999,18/08/2025,,,,,,,,,,,,,,,,,,,,,,,,,18/08/2025,1,,,,,,,,,,,,,
4958140492,01/04/2013,WC1A 1AB,2,N,1,14/09/2016,,,,G85023,PZ999,28/08/2025,151.87,44.09,28/08/2025,51.0,1,28/08/2025,2,,3,105,50,28/08/2025,,,,,,,,,,,,,,,,,,,,,,,,,,,
4958140492,01/04/2013,WC1A 1AB,2,N,1,14/09/2016,,,,G85023,PZ999,27/11/2025,,,,,,,,,,,,,27/11/2025,27/11/2025,1,257.0,27/11/2025,3,2.04,27/11/2025,27/11/2025,99,27/11/2025,1,,,1,,27/11/2025,,,1,27/11/2025,27/11/2025,,,,,
4958140492,01/04/2013,WC1A 1AB,2,N,1,14/09/2016,,,,G85023,PZ999,07/10/2025,164.07,41.33,07/10/2025,49.0,1,07/10/2025,4,,99,99,56,07/10/2025,,,,,,,,,,,,,,,,,,,,,,,,,,,
4958140492,01/04/2013,WC1A 1AB,2,N,1,14/09/2016,,,,G85023,PZ999,13/12/2025,,,,,,,,,,,,,,,,,,,,,,,,,,,,,,99,,,,,,,,,
4958140492,01/04/2013,WC1A 1AB,2,N,1,14/09/2016,,,,G85023,PZ999,30/10/2025,150.77,56.15,30/10/2025,49.0,1,30/10/2025,5,,99,101,58,30/10/2025,,,,,,,,,,,,,,,,,,,,,,,,,,,
4958140492,01/04/2013,WC1A 1AB,2,N,1,14/09/2016,,,,G85023,PZ999,28/01/2026,158.38,64.83,28/01/2026,50.0,1,28/01/2026,2,,99,101,51,28/01/2026,,,,,,,,,,,,,,,,,,,,,,,,,,,
4958140492,01/04/2013,WC1A 1AB,2,N,1,14/09/2016,,,,G85023,PZ999,01/03/2026,,,,,,,,,,,,,,,,,,,,,,,,,,,,,,1,01/03/2026,,,,,,,,
4958140492,01/04/2013,WC1A 1AB,2,N,1,14/09/2016,,,,G85023,PZ999,19/02/2026,168.46,41.94,19/02/2026,49.0,1,19/02/2026,3,1,99,103,51,19/02/2026,,,,,,,,,,,,,,,,,,,,,,,,,,,
4958140492,01/04/2013,WC1A 1AB,2,N,1,14/09/2016,,,,G85023,PZ999,15/03/2026,,,,,,,,,,,,,,,,,,,,,,,,,,,,,,2,,,,,,,,,
7452854683,01/04/2010,WC1A 1HU,1,M,1,31/01/2021,,,,G85023,PZ999,25/05/2025,151.19,61.6,25/05/2025,58.0,1,25/05/2025,3,1,3,95,51,25/05/2025,,,,,,,,,,,,,,,,,,,,,,,,,,,
7452854683,01/04/2010,WC1A 1HU,1,M,1,31/01/2021,,,,G85023,PZ999,07/04/2025,,,,,,,,,,,,,,,,,,,,,,,,,,,,,,2,,,,,,,,,
7452854683,01/04/2010,WC1A 1HU,1,M,1,31/01/2021,,,,G85023,PZ999,19/06/2025,163.38,65.56,19/06/2025,51.0,1,19/06/2025,1,,5,97,52,19/06/2025,,,,,,,,,,,,,,,,,,,,,,,,,,,
7452854683,01/04/2010,WC1A 1HU,1,M,1,31/01/2021,,,,G85023,PZ999,21/05/2025,,,,,,,,,,,,,,,,,,,,,,,,,,,,,,1,21/05/2025,,,,,,,,
7452854683,01/04/2010,WC1A 1HU,1,M,1,31/01/2021,,,,G85023,PZ999,06/07/2025,,,,,,,,,,,,,,,,,,,,,,,,,,,,,,2,,,,,,,,,
7452854683,01/04/2010,WC1A 1HU,1,M,1,31/01/2021,,,,G85023,PZ999,07/09/2025,,,,,,,,,,,,,,,,,,,,,,,,,,,,,,,,,,,07/09/2025,07/09/2025,4,,
7452854683,01/04/2010,WC1A 1HU,1,M,1,31/01/2021,,,,G85023,PZ999,16/09/2025,,,,,,,,,,,,,,,,,,,,,,,,,16/09/2025,1,,,,,,,,,,,,,
7452854683,01/04/2010,WC1A 1HU,1,M,1,31/01/2021,,,,G85023,PZ999,23/09/2025,160.28,44.31,23/09/2025,55.0,1,23/09/2025,4,,5,105,50,23/09/2025,,,,,,,,,,,,,,,,,,,,,,,,,,,
7452854683,01/04/2010,WC1A 1HU,1,M,1,31/01/2021,,,,G85023,PZ999,16/12/2025,,,,,,,,,,,,,16/12/2025,16/12/2025,2,73.0,16/12/2025,2,5.95,16/12/2025,16/12/2025,2,16/12/2025,99,,,99,,16/12/2025,,,99,16/12/2025,16/12/2025,,,,,
7452854683,01/04/2010,WC1A 1HU,1,M,1,31/01/2021,,,,G85023,PZ999,10/10/2025,153.02,66.89,10/10/2025,52.0,1,10/10/2025,2,,2,104,51,10/10/2025,,,,,,,,,,,,,,,,,,,,,,,,,,,
7452854683,01/04/2010,WC1A 1HU,1,M,1,31/01/2021,,,,G85023,PZ999,11/12/2025,,,,,,,,,,,,,,,,,,,,,,,,,,,,,,99,,,,,,,,,
7452854683,01/04/2010,WC1A 1HU,1,M,1,31/01/2021,,,,G85023,PZ999,23/11/2025,167.92,53.42,23/11/2025,51.0,1,23/11/2025,1,,99,105,54,23/11/2025,,,,,,,,,,,,,,,,,,,,,,,,,,,
7452854683,01/04/2010,WC1A 1HU,1,M,1,31/01/2021,,,,G85023,PZ999,01/03/2026,155.03,62.4,01/03/2026,58.0,1,01/03/2026,1,,2,96,60,01/03/2026,,,,,,,,,,,,,,,,,,,,,,,,,,,
7452854683,01/04/2010,WC1A 1HU,1,M,1,31/01/2021,,,,G85023,PZ999,22/01/2026,,,,,,,,,,,,,,,,,,,,,,,,,,,,,,2,,,,,,,,,
7452854683,01/04/2010,WC1A 1HU,1,M,1,31/01/2021,,,,G85023,PZ999,10/03/2026,150.15,49.63,10/03/2026,56.0,1,10/03/2026,3,1,99,99,57,10/03/2026,,,,,,,,,,,,,,,,,,,,,,,,,,,
7452854683,01/04/2010,WC1A 1HU,1,M,1,31/01/2021,,,,G85023,PZ999,24/02/2026,,,,,,,,,,,,,,,,,,,,,,,,,,,,,,1,24/02/2026,,,,,,,,
4257907568,01/04/2014,WC1A 1HD,3,M,1,03/08/2016,,,,G85023,PZ999,02/06/2025,156.93,59.41,02/06/2025,56.0,1,02/06/2025,4,,3,96,58,02/06/2025,,,,,,,,,,,,,,,,,,,,,,,,,,,
4257907568,01/04/2014,WC1A 1HD,3,M,1,03/08/2016,,,,G85023,PZ999,23/04/2025,,,,,,,,,,,,,,,,,,,,,,,,,,,,,,2,,,,,,,,,
4257907568,01/04/2014,WC1A 1HD,3,M,1,03/08/2016,,,,G85023,PZ999,24/05/2025,154.11,41.77,24/05/2025,54.0,1,24/05/2025,1,,3,95,59,24/05/2025,,,,,,,,,,,,,,,,,,,,,,,,,,,
4257907568,01/04/2014,WC1A 1HD,3,M,1,03/08/2016,,,,G85023,PZ999,29/06/2025,,,,,,,,,,,,,,,,,,,,,,,,,,,,,,99,,,,,,,,,
4257907568,01/04/2014,WC1A 1HD,3,M,1,03/08/2016,,,,G85023,PZ999,13/09/2025,,,,,,,,,,,,,,,,,,,,,,,,,,,,,,1,13/09/2025,,,,,,,,
4257907568,01/04/2014,WC1A 1HD,3,M,1,03/08/2016,,,,G85023,PZ999,17/08/2025,,,,,,,,,,,,,,,,,,,,,,,,,,,,,,,,,,,17/08/2025,17/08/2025,1,,
4257907568,01/04/2014,WC1A 1HD,3,M,1,03/08/2016,,,,G85023,PZ999,16/08/2025,,,,,,,,,,,,,,,,,,,,,,,,,16/08/2025,99,,,,,,,,,,,,,
4257907568,01/04/2014,WC1A 1HD,3,M,1,03/08/2016,,,,G85023,PZ999,26/08/2025,168.75,67.25,26/08/2025,52.0,1,26/08/2025,1,,99,102,52,26/08/2025,,,,,,,,,,,,,,,,,,,,,,,,,,,
4257907568,01/04/2014,WC1A 1HD,3,M,1,03/08/2016,,,,G85023,PZ999,21/12/2025,,,,,,,,,,,,,21/12/2025,21/12/2025,2,60.0,21/12/2025,3,4.1,21/12/2025,21/12/2025,1,21/12/2025,99,,,1,,21/12/2025,,,99,21/12/2025,21/12/2025,,,,,
4257907568,01/04/2014,WC1A 1HD,3,M,1,03/08/2016,,,,G85023,PZ999,29/12/2025,162.4,43.17,29/12/2025,52.0,1,29/12/2025,2,,3,98,51,29/12/2025,,,,,,,,,,,,,,,,,,,,,,,,,,,
4257907568,01/04/2014,WC1A 1HD,3,M,1,03/08/2016,,,,G85023,PZ999,02/11/2025,,,,,,,,,,,,,,,,,,,,,,,,,,,,,,2,,,,,,,,,
4257907568,01/04/2014,WC1A 1HD,3,M,1,03/08/2016,,,,G85023,PZ999,09/10/2025,168.6,59.53,09/10/2025,49.0,1,09/10/2025,1,,2,96,57,09/10/2025,,,,,,,,,,,,,,,,,,,,,,,,,,,
4257907568,01/04/2014,WC1A 1HD,3,M,1,03/08/2016,,,,G85023,PZ999,09/02/2026,161.07,49.84,09/02/2026,53.0,1,09/02/2026,1,,2,103,58,09/02/2026,,,,,,,,,,,,,,,,,,,,,,,,,,,
4257907568,01/04/2014,WC1A 1HD,3,M,1,03/08/2016,,,,G85023,PZ999,13/03/2026,,,,,,,,,,,,,,,,,,,,,,,,,,,,,,2,,,,,,,,,
4257907568,01/04/2014,WC1A 1HD,3,M,1,03/08/2016,,,,G85023,PZ999,29/01/2026,164.34,55.47,29/01/2026,57.0,1,29/01/2026,4,,99,99,58,29/01/2026,,,,,,,,,,,,,,,,,,,,,,,,,,,
4257907568,01/04/2014,WC1A 1HD,3,M,1,03/08/2016,,,,G85023,PZ999,29/01/2026,,,,,,,,,,,,,,,,,,,,,,,,,,,,,,99,,,,,,,,,
6480795709,01/04/2014,WC1A 9NN,99,R,1,30/08/2022,,,,G85023,PZ999,09/06/2025,164.49,52.91,09/06/2025,48.0,1,09/06/2025,6,2,1,96,56,09/06/2025,,,,,,,,,,,,,,,,,,,,,,,,,,,
6480795709,01/04/2014,WC1A 9NN,99,R,1,30/08/2022,,,,G85023,PZ999,12/04/2025,,,,,,,,,,,,,,,,,,,,,,,,,,,,,,1,12/04/2025,,,,,,,,
6480795709,01/04/2014,WC1A 9NN,99,R,1,30/08/2022,,,,G85023,PZ999,29/05/2025,151.87,67.01,29/05/2025,52.0,1,29/05/2025,4,,2,102,60,29/05/2025,,,,,,,,,,,,,,,,,,,,,,,,,,,
6480795709,01/04/2014,WC1A 9NN,99,R,1,30/08/2022,,,,G85023,PZ999,02/04/2025,,,,,,,,,,,,,,,,,,,,,,,,,,,,,,99,,,,,,,,,
6480795709,01/04/2014,WC1A 9NN,99,R,1,30/08/2022,,,,G85023,PZ999,21/08/2025,,,,,,,,,,,,,,,,,,,,,,,,,,,,,,2,,,,,,,,,
6480795709,01/04/2014,WC1A 9NN,99,R,1,30/08/2022,,,,G85023,PZ999,08/09/2025,,,,,,,,,,,,,,,,,,,,,,,,,,,,,,,,,,,08/09/2025,08/09/2025,4,,
6480795709,01/04/2014,WC1A 9NN,99,R,1,30/08/2022,,,,G85023,PZ999,15/07/2025,,,,,,,,,,,,,,,,,,,,,,,,,15/07/2025,1,,,,,,,,,,,,,
6480795709,01/04/2014,WC1A 9NN,99,R,1,30/08/2022,,,,G85023,PZ999,29/08/2025,161.02,40.26,29/08/2025,54.0,1,29/08/2025,5,,99,102,58,29/08/2025,,,,,,,,,,,,,,,,,,,,,,,,,,,
6480795709,01/04/2014,WC1A 9NN,99,R,1,30/08/2022,,,,G85023,PZ999,14/12/2025,,,,,,,,,,,,,14/12/2025,14/12/2025,99,189.0,14/12/2025,99,2.23,14/12/2025,14/12/2025,3,14/12/2025,2,,,99,,14/12/2025,,,99,14/12/2025,14/12/2025,,,,,
6480795709,01/04/2014,WC1A 9NN,99,R,1,30/08/2022,,,,G85023,PZ999,11/10/2025,160.8,42.69,11/10/2025,54.0,1,11/10/2025,3,4,3,99,57,11/10/2025,,,,,,,,,,,,,,,,,,,,,,,,,,,
6480795709,01/04/2014,WC1A 9NN,99,R,1,30/08/2022,,,,G85023,PZ999,11/10/2025,,,,,,,,,,,,,,,,,,,,,,,,,,,,,,1,11/10/2025,,,,,,,,
6480795709,01/04/2014,WC1A 9NN,99,R,1,30/08/2022,,,,G85023,PZ999,01/11/2025,163.15,45.35,01/11/2025,55.0,1,01/11/2025,3,3,3,103,59,01/11/2025,,,,,,,,,,,,,,,,,,,,,,,,,,,
6480795709,01/04/2014,WC1A 9NN,99,R,1,30/08/2022,,,,G85023,PZ999,01/03/2026,167.62,57.99,01/03/2026,51.0,1,01/03/2026,5,,3,105,54,01/03/2026,,,,,,,,,,,,,,,,,,,,,,,,,,,
6480795709,01/04/2014,WC1A 9NN,99,R,1,30/08/2022,,,,G85023,PZ999,03/01/2026,,,,,,,,,,,,,,,,,,,,,,,,,,,,,,2,,,,,,,,,
6480795709,01/04/2014,WC1A 9NN,99,R,1,30/08/2022,,,,G85023,PZ999,05/01/2026,156.8,62.31,05/01/2026,51.0,1,05/01/2026,2,,4,104,51,05/01/2026,,,,,,,,,,,,,,,,,,,,,,,,,,,
6480795709,01/04/2014,WC1A 9NN,99,R,1,30/08/2022,,,,G85023,PZ999,02/03/2026,,,,,,,,,,,,,,,,,,,,,,,,,,,,,,99,,,,,,,,,
4629685510,01/04/2013,WC1A 9AU,3,D,1,31/03/2025,,,,G85023,PZ999,19/04/2025,162.2,43.35,19/04/2025,51.0,1,19/04/2025,1,,4,101,58,19/04/2025,,,,,,,,,,,,,,,,,,,,,,,,,,,
4629685510,01/04/2013,WC1A 9AU,3,D,1,31/03/2025,,,,G85023,PZ999,15/05/2025,,,,,,,,,,,,,,,,,,,,,,,,,,,,,,1,15/05/2025,,,,,,,,
4629685510,01/04/2013,WC1A 9AU,3,D,1,31/03/2025,,,,G85023,PZ999,28/06/2025,163.67,60.42,28/06/2025,49.0,1,28/06/2025,3,1,5,98,59,28/06/2025,,,,,,,,,,,,,,,,,,,,,,,,,,,
4629685510,01/04/2013,WC1A 9AU,3,D,1,31/03/2025,,,,G85023,PZ999,03/05/2025,,,,,,,,,,,,,,,,,,,,,,,,,,,,,,99,,,,,,,,,
4629685510,01/04/2013,WC1A 9AU,3,D,1,31/03/2025,,,,G85023,PZ999,22/08/2025,,,,,,,,,,,,,,,,,,,,,,,,,,,,,,99,,,,,,,,,
4629685510,01/04/2013,WC1A 9AU,3,D,1,31/03/2025,,,,G85023,PZ999,08/09/2025,,,,,,,,,,,,,,,,,,,,,,,,,,,,,,,,,,,08/09/2025,08/09/2025,1,,
4629685510,01/04/2013,WC1A 9AU,3,D,1,31/03/2025,,,,G85023,PZ999,20/07/2025,,,,,,,,,,,,,,,,,,,,,,,,,20/07/2025,99,,,,,,,,,,,,,
4629685510,01/04/2013,WC1A 9AU,3,D,1,31/03/2025,,,,G85023,PZ999,02/07/2025,165.13,59.22,02/07/2025,56.0,1,02/07/2025,3,1,3,95,58,02/07/2025,,,,,,,,,,,,,,,,,,,,,,,,,,,
4629685510,01/04/2013,WC1A 9AU,3,D,1,31/03/2025,,,,G85023,PZ999,04/12/2025,,,,,,,,,,,,,04/12/2025,04/12/2025,1,242.0,04/12/2025,99,3.94,04/12/2025,04/12/2025,99,04/12/2025,99,,,1,,04/12/2025,,,99,04/12/2025,04/12/2025,,,,,
4629685510,01/04/2013,WC1A 9AU,3,D,1,31/03/2025,,,,G85023,PZ999,26/12/2025,150.47,46.02,26/12/2025,48.0,1,26/12/2025,6,3,2,99,50,26/12/2025,,,,,,,,,,,,,,,,,,,,,,,,,,,
4629685510,01/04/2013,WC1A 9AU,3,D,1,31/03/2025,,,,G85023,PZ999,21/10/2025,,,,,,,,,,,,,,,,,,,,,,,,,,,,,,99,,,,,,,,,
4629685510,01/04/2013,WC1A 9AU,3,D,1,31/03/2025,,,,G85023,PZ999,15/11/2025,161.3,46.32,15/11/2025,55.0,1,15/11/2025,4,,5,99,55,15/11/2025,,,,,,,,,,,,,,,,,,,,,,,,,,,
4629685510,01/04/2013,WC1A 9AU,3,D,1,31/03/2025,,,,G85023,PZ999,18/03/2026,158.77,63.05,18/03/2026,56.0,1,18/03/2026,3,4,2,102,60,18/03/2026,,,,,,,,,,,,,,,,,,,,,,,,,,,
4629685510,01/04/2013,WC1A 9AU,3,D,1,31/03/2025,,,,G85023,PZ999,04/03/2026,,,,,,,,,,,,,,,,,,,,,,,,,,,,,,99,,,,,,,,,
4629685510,01/04/2013,WC1A 9AU,3,D,1,31/03/2025,,,,G85023,PZ999,27/03/2026,155.59,46.23,27/03/2026,51.0,1,27/03/2026,5,,3,100,58,27/03/2026,,,,,,,,,,,,,,,,,,,,,,,,,,,
4629685510,01/04/2013,WC1A 9AU,3,D,1,31/03/2025,,,,G85023,PZ999,30/01/2026,,,,,,,,,,,,,,,,,,,,,,,,,,,,,,2,,,,,,,,,
7090758699,01/04/2013,WC1A 2NS,99,K,1,17/07/2016,,,,G85023,PZ999,17/06/2025,150.25,57.09,17/06/2025,50.0,1,17/06/2025,6,3,3,103,58,17/06/2025,,,,,,,,,,,,,,,,,,,,,,,,,,,
7090758699,01/04/2013,WC1A 2NS,99,K,1,17/07/2016,,,,G85023,PZ999,06/05/2025,,,,,,,,,,,,,,,,,,,,,,,,,,,,,,1,06/05/2025,,,,,,,,
7090758699,01/04/2013,WC1A 2NS,99,K,1,17/07/2016,,,,G85023,PZ999,01/05/2025,164.19,53.86,01/05/2025,58.0,1,01/05/2025,5,,5,98,55,01/05/2025,,,,,,,,,,,,,,,,,,,,,,,,,,,
7090758699,01/04/2013,WC1A 2NS,99,K,1,17/07/2016,,,,G85023,PZ999,21/06/2025,,,,,,,,,,,,,,,,,,,,,,,,,,,,,,1,21/06/2025,,,,,,,,
7090758699,01/04/2013,WC1A 2NS,99,K,1,17/07/2016,,,,G85023,PZ999,30/07/2025,,,,,,,,,,,,,,,,,,,,,,,,,,,,,,2,,,,,,,,,
7090758699,01/04/2013,WC1A 2NS,99,K,1,17/07/2016,,,,G85023,PZ999,27/09/2025,,,,,,,,,,,,,,,,,,,,,,,,,,,,,,,,,,,27/09/2025,27/09/2025,5,,
7090758699,01/04/2013,WC1A 2NS,99,K,1,17/07/2016,,,,G85023,PZ999,06/08/2025,,,,,,,,,,,,,,,,,,,,,,,,,06/08/2025,2,,,,,,,,,,,,,
7090758699,01/04/2013,WC1A 2NS,99,K,1,17/07/2016,,,,G85023,PZ999,24/08/2025,158.16,41.19,24/08/2025,51.0,1,24/08/2025,1,,99,103,53,24/08/2025,,,,,,,,,,,,,,,,,,,,,,,,,,,
7090758699,01/04/2013,WC1A 2NS,99,K,1,17/07/2016,,,,G85023,PZ999,23/10/2025,,,,,,,,,,,,,23/10/2025,23/10/2025,2,97.0,23/10/2025,1,6.01,23/10/2025,23/10/2025,1,23/10/2025,2,,,2,23/10/2025,23/10/2025,,,1,23/10/2025,23/10/2025,,,,,
7090758699,01/04/2013,WC1A 2NS,99,K,1,17/07/2016,,,,G85023,PZ999,13/11/2025,169.23,68.73,13/11/2025,51.0,1,13/11/2025,4,,4,101,53,13/11/2025,,,,,,,,,,,,,,,,,,,,,,,,,,,
7090758699,01/04/2013,WC1A 2NS,99,K,1,17/07/2016,,,,G85023,PZ999,13/12/2025,,,,,,,,,,,,,,,,,,,,,,,,,,,,,,2,,,,,,,,,
7090758699,01/04/2013,WC1A 2NS,99,K,1,17/07/2016,,,,G85023,PZ999,11/12/2025,166.43,65.76,11/12/2025,53.0,1,11/12/2025,6,2,3,97,51,11/12/2025,,,,,,,,,,,,,,,,,,,,,,,,,,,
7090758699,01/04/2013,WC1A 2NS,99,K,1,17/07/2016,,,,G85023,PZ999,30/03/2026,150.96,52.41,30/03/2026,55.0,1,30/03/2026,3,4,4,104,60,30/03/2026,,,,,,,,,,,,,,,,,,,,,,,,,,,
7090758699,01/04/2013,WC1A 2NS,99,K,1,17/07/2016,,,,G85023,PZ999,06/01/2026,,,,,,,,,,,,,,,,,,,,,,,,,,,,,,99,,,,,,,,,
7090758699,01/04/2013,WC1A 2NS,99,K,1,17/07/2016,,,,G85023,PZ999,19/01/2026,151.94,45.82,19/01/2026,51.0,1,19/01/2026,3,4,2,99,57,19/01/2026,,,,,,,,,,,,,,,,,,,,,,,,,,,
7090758699,01/04/2013,WC1A 2NS,99,K,1,17/07/2016,,,,G85023,PZ999,08/03/2026,,,,,,,,,,,,,,,,,,,,,,,,,,,,,,2,,,,,,,,,
4010113189,01/04/2011,WC1A 9UG,2,P,1,14/09/2021,,,,G85023,PZ999,08/05/2025,164.24,52.3,08/05/2025,54.0,1,08/05/2025,1,,2,104,50,08/05/2025,,,,,,,,,,,,,,,,,,,,,,,,,,,
4010113189,01/04/2011,WC1A 9UG,2,P,1,14/09/2021,,,,G85023,PZ999,22/05/2025,,,,,,,,,,,,,,,,,,,,,,,,,,,,,,1,22/05/2025,,,,,,,,
4010113189,01/04/2011,WC1A 9UG,2,P,1,14/09/2021,,,,G85023,PZ999,07/05/2025,163.71,56.44,07/05/2025,58.0,1,07/05/2025,4,,5,100,56,07/05/2025,,,,,,,,,,,,,,,,,,,,,,,,,,,
4010113189,01/04/2011,WC1A 9UG,2,P,1,14/09/2021,,,,G85023,PZ999,26/05/2025,,,,,,,,,,,,,,,,,,,,,,,,,,,,,,1,26/05/2025,,,,,,,,
4010113189,01/04/2011,WC1A 9UG,2,P,1,14/09/2021,,,,G85023,PZ999,28/09/2025,,,,,,,,,,,,,,,,,,,,,,,,,,,,,,99,,,,,,,,,
4010113189,01/04/2011,WC1A 9UG,2,P,1,14/09/2021,,,,G85023,PZ999,21/07/2025,,,,,,,,,,,,,,,,,,,,,,,,,,,,,,,,,,,21/07/2025,21/07/2025,4,,
4010113189,01/04/2011,WC1A 9UG,2,P,1,14/09/2021,,,,G85023,PZ999,14/09/2025,,,,,,,,,,,,,,,,,,,,,,,,,14/09/2025,1,,,,,,,,,,,,,
4010113189,01/04/2011,WC1A 9UG,2,P,1,14/09/2021,,,,G85023,PZ999,09/08/2025,159.7,69.28,09/08/2025,56.0,1,09/08/2025,4,,2,97,56,09/08/2025,,,,,,,,,,,,,,,,,,,,,,,,,,,
4010113189,01/04/2011,WC1A 9UG,2,P,1,14/09/2021,,,,G85023,PZ999,30/10/2025,,,,,,,,,,,,,30/10/2025,30/10/2025,2,119.0,30/10/2025,3,2.73,30/10/2025,30/10/2025,3,30/10/2025,99,,,2,30/10/2025,30/10/2025,,,2,30/10/2025,30/10/2025,,,,,
4010113189,01/04/2011,WC1A 9UG,2,P,1,14/09/2021,,,,G85023,PZ999,27/11/2025,168.15,48.79,27/11/2025,55.0,1,27/11/2025,6,1,1,101,51,27/11/2025,,,,,,,,,,,,,,,,,,,,,,,,,,,
4010113189,01/04/2011,WC1A 9UG,2,P,1,14/09/2021,,,,G85023,PZ999,09/10/2025,,,,,,,,,,,,,,,,,,,,,,,,,,,,,,1,09/10/2025,,,,,,,,
4010113189,01/04/2011,WC1A 9UG,2,P,1,14/09/2021,,,,G85023,PZ999,27/12/2025,162.44,46.91,27/12/2025,55.0,1,27/12/2025,6,1,99,105,57,27/12/2025,,,,,,,,,,,,,,,,,,,,,,,,,,,
4010113189,01/04/2011,WC1A 9UG,2,P,1,14/09/2021,,,,G85023,PZ999,02/02/2026,164.06,61.16,02/02/2026,52.0,1,02/02/2026,3,4,3,101,59,02/02/2026,,,,,,,,,,,,,,,,,,,,,,,,,,,
4010113189,01/04/2011,WC1A 9UG,2,P,1,14/09/2021,,,,G85023,PZ999,19/02/2026,,,,,,,,,,,,,,,,,,,,,,,,,,,,,,2,,,,,,,,,
4010113189,01/04/2011,WC1A 9UG,2,P,1,14/09/2021,,,,G85023,PZ999,09/01/2026,155.76,44.06,09/01/2026,52.0,1,09/01/2026,3,3,2,102,50,09/01/2026,,,,,,,,,,,,,,,,,,,,,,,,,,,
4010113189,01/04/2011,WC1A 9UG,2,P,1,14/09/2021,,,,G85023,PZ999,23/02/2026,,,,,,,,,,,,,,,,,,,,,,,,,,,,,,99,,,,,,,,,
6509791129,01/04/2012,WC1A 9UA,99,G,1,08/08/2019,,,,G85023,PZ999,24/06/2025,156.66,42.98,24/06/2025,58.0,1,24/06/2025,6,4,1,99,59,24/06/2025,,,,,,,,,,,,,,,,,,,,,,,,,,,
6509791129,01/04/2012,WC1A 9UA,99,G,1,08/08/2019,,,,G85023,PZ999,01/05/2025,,,,,,,,,,,,,,,,,,,,,,,,,,,,,,1,01/05/2025,,,,,,,,
6509791129,01/04/2012,WC1A 9UA,99,G,1,08/08/2019,,,,G85023,PZ999,24/05/2025,155.65,41.0,24/05/2025,58.0,1,24/05/2025,2,,3,101,58,24/05/2025,,,,,,,,,,,,,,,,,,,,,,,,,,,
6509791129,01/04/2012,WC1A 9UA,99,G,1,08/08/2019,,,,G85023,PZ999,01/06/2025,,,,,,,,,,,,,,,,,,,,,,,,,,,,,,1,01/06/2025,,,,,,,,
6509791129,01/04/2012,WC1A 9UA,99,G,1,08/08/2019,,,,G85023,PZ999,30/08/2025,,,,,,,,,,,,,,,,,,,,,,,,,,,,,,99,,,,,,,,,
6509791129,01/04/2012,WC1A 9UA,99,G,1,08/08/2019,,,,G85023,PZ999,26/08/2025,,,,,,,,,,,,,,,,,,,,,,,,,,,,,,,,,,,26/08/2025,26/08/2025,6,,test admission description
6509791129,01/04/2012,WC1A 9UA,99,G,1,08/08/2019,,,,G85023,PZ999,21/07/2025,,,,,,,,,,,,,,,,,,,,,,,,,21/07/2025,1,,,,,,,,,,,,,
6509791129,01/04/2012,WC1A 9UA,99,G,1,08/08/2019,,,,G85023,PZ999,21/09/2025,166.55,42.52,21/09/2025,57.0,1,21/09/2025,3,4,1,99,52,21/09/2025,,,,,,,,,,,,,,,,,,,,,,,,,,,
6509791129,01/04/2012,WC1A 9UA,99,G,1,08/08/2019,,,,G85023,PZ999,03/12/2025,,,,,,,,,,,,,03/12/2025,03/12/2025,99,7.0,03/12/2025,2,5.98,03/12/2025,03/12/2025,2,03/12/2025,2,,,2,03/12/2025,03/12/2025,,,2,03/12/2025,03/12/2025,,,,,
6509791129,01/04/2012,WC1A 9UA,99,G,1,08/08/2019,,,,G85023,PZ999,28/11/2025,152.53,50.29,28/11/2025,51.0,1,28/11/2025,3,3,2,97,55,28/11/2025,,,,,,,,,,,,,,,,,,,,,,,,,,,
6509791129,01/04/2012,WC1A 9UA,99,G,1,08/08/2019,,,,G85023,PZ999,01/11/2025,,,,,,,,,,,,,,,,,,,,,,,,,,,,,,99,,,,,,,,,
6509791129,01/04/2012,WC1A 9UA,99,G,1,08/08/2019,,,,G85023,PZ999,23/10/2025,163.36,56.58,23/10/2025,51.0,1,23/10/2025,2,,3,105,60,23/10/2025,,,,,,,,,,,,,,,,,,,,,,,,,,,
6509791129,01/04/2012,WC1A 9UA,99,G,1,08/08/2019,,,,G85023,PZ999,07/01/2026,161.53,52.82,07/01/2026,53.0,1,07/01/2026,6,1,2,100,57,07/01/2026,,,,,,,,,,,,,,,,,,,,,,,,,,,
6509791129,01/04/2012,WC1A 9UA,99,G,1,08/08/2019,,,,G85023,PZ999,11/01/2026,,,,,,,,,,,,,,,,,,,,,,,,,,,,,,1,11/01/2026,,,,,,,,
6509791129,01/04/2012,WC1A 9UA,99,G,1,08/08/2019,,,,G85023,PZ999,15/01/2026,162.86,57.6,15/01/2026,49.0,1,15/01/2026,6,2,3,98,50,15/01/2026,,,,,,,,,,,,,,,,,,,,,,,,,,,
6509791129,01/04/2012,WC1A 9UA,99,G,1,08/08/2019,,,,G85023,PZ999,04/01/2026,,,,,,,,,,,,,,,,,,,,,,,,,,,,,,1,04/01/2026,,,,,,,,
4863320582,01/04/2010,WC1A 9QN,3,M,1,28/07/2012,,,,G85023,PZ999,11/04/2025,151.44,59.47,11/04/2025,51.0,1,11/04/2025,6,3,99,103,57,11/04/2025,,,,,,,,,,,,,,,,,,,,,,,,,,,
4863320582,01/04/2010,WC1A 9QN,3,M,1,28/07/2012,,,,G85023,PZ999,07/05/2025,,,,,,,,,,,,,,,,,,,,,,,,,,,,,,1,07/05/2025,,,,,,,,
4863320582,01/04/2010,WC1A 9QN,3,M,1,28/07/2012,,,,G85023,PZ999,23/05/2025,156.71,57.25,23/05/2025,55.0,1,23/05/2025,6,2,2,100,56,23/05/2025,,,,,,,,,,,,,,,,,,,,,,,,,,,
4863320582,01/04/2010,WC1A 9QN,3,M,1,28/07/2012,,,,G85023,PZ999,12/06/2025,,,,,,,,,,,,,,,,,,,,,,,,,,,,,,1,12/06/2025,,,,,,,,
4863320582,01/04/2010,WC1A 9QN,3,M,1,28/07/2012,,,,G85023,PZ999,23/09/2025,,,,,,,,,,,,,,,,,,,,,,,,,,,,,,2,,,,,,,,,
4863320582,01/04/2010,WC1A 9QN,3,M,1,28/07/2012,,,,G85023,PZ999,23/09/2025,,,,,,,,,,,,,,,,,,,,,,,,,,,,,,,,,,,23/09/2025,23/09/2025,3,,
4863320582,01/04/2010,WC1A 9QN,3,M,1,28/07/2012,,,,G85023,PZ999,11/09/2025,,,,,,,,,,,,,,,,,,,,,,,,,11/09/2025,1,,,,,,,,,,,,,
4863320582,01/04/2010,WC1A 9QN,3,M,1,28/07/2012,,,,G85023,PZ999,09/09/2025,151.14,40.76,09/09/2025,56.0,1,09/09/2025,3,2,1,100,60,09/09/2025,,,,,,,,,,,,,,,,,,,,,,,,,,,
4863320582,01/04/2010,WC1A 9QN,3,M,1,28/07/2012,,,,G85023,PZ999,30/10/2025,,,,,,,,,,,,,30/10/2025,30/10/2025,99,207.0,30/10/2025,2,4.76,30/10/2025,30/10/2025,3,30/10/2025,1,,,1,,30/10/2025,,,2,30/10/2025,30/10/2025,,,,,
4863320582,01/04/2010,WC1A 9QN,3,M,1,28/07/2012,,,,G85023,PZ999,07/11/2025,167.68,53.62,07/11/2025,58.0,1,07/11/2025,5,,2,99,51,07/11/2025,,,,,,,,,,,,,,,,,,,,,,,,,,,
4863320582,01/04/2010,WC1A 9QN,3,M,1,28/07/2012,,,,G85023,PZ999,01/11/2025,,,,,,,,,,,,,,,,,,,,,,,,,,,,,,99,,,,,,,,,
4863320582,01/04/2010,WC1A 9QN,3,M,1,28/07/2012,,,,G85023,PZ999,22/12/2025,166.07,54.16,22/12/2025,48.0,1,22/12/2025,6,3,5,98,50,22/12/2025,,,,,,,,,,,,,,,,,,,,,,,,,,,
4863320582,01/04/2010,WC1A 9QN,3,M,1,28/07/2012,,,,G85023,PZ999,23/02/2026,161.79,56.86,23/02/2026,50.0,1,23/02/2026,3,1,2,95,56,23/02/2026,,,,,,,,,,,,,,,,,,,,,,,,,,,
4863320582,01/04/2010,WC1A 9QN,3,M,1,28/07/2012,,,,G85023,PZ999,15/01/2026,,,,,,,,,,,,,,,,,,,,,,,,,,,,,,2,,,,,,,,,
4863320582,01/04/2010,WC1A 9QN,3,M,1,28/07/2012,,,,G85023,PZ999,29/01/2026,165.98,62.92,29/01/2026,55.0,1,29/01/2026,1,,4,98,54,29/01/2026,,,,,,,,,,,,,,,,,,,,,,,,,,,
4863320582,01/04/2010,WC1A 9QN,3,M,1,28/07/2012,,,,G85023,PZ999,01/03/2026,,,,,,,,,,,,,,,,,,,,,,,,,,,,,,99,,,,,,,,,
6267691209,01/04/2011,WC1A 9TE,99,99,1,18/05/2018,,,,G85023,PZ999,23/04/2025,154.75,57.14,23/04/2025,52.0,1,23/04/2025,2,,5,102,59,23/04/2025,,,,,,,,,,,,,,,,,,,,,,,,,,,
6267691209,01/04/2011,WC1A 9TE,99,99,1,18/05/2018,,,,G85023,PZ999,08/06/2025,,,,,,,,,,,,,,,,,,,,,,,,,,,,,,1,08/06/2025,,,,,,,,
6267691209,01/04/2011,WC1A 9TE,99,99,1,18/05/2018,,,,G85023,PZ999,17/04/2025,154.65,65.79,17/04/2025,54.0,1,17/04/2025,6,4,3,99,53,17/04/2025,,,,,,,,,,,,,,,,,,,,,,,,,,,
6267691209,01/04/2011,WC1A 9TE,99,99,1,18/05/2018,,,,G85023,PZ999,05/05/2025,,,,,,,,,,,,,,,,,,,,,,,,,,,,,,1,05/05/2025,,,,,,,,
6267691209,01/04/2011,WC1A 9TE,99,99,1,18/05/2018,,,,G85023,PZ999,20/07/2025,,,,,,,,,,,,,,,,,,,,,,,,,,,,,,1,20/07/2025,,,,,,,,
6267691209,01/04/2011,WC1A 9TE,99,99,1,18/05/2018,,,,G85023,PZ999,19/08/2025,,,,,,,,,,,,,,,,,,,,,,,,,,,,,,,,,,,19/08/2025,19/08/2025,2,3,
6267691209,01/04/2011,WC1A 9TE,99,99,1,18/05/2018,,,,G85023,PZ999,01/07/2025,,,,,,,,,,,,,,,,,,,,,,,,,01/07/2025,2,,,,,,,,,,,,,
6267691209,01/04/2011,WC1A 9TE,99,99,1,18/05/2018,,,,G85023,PZ999,07/07/2025,166.04,56.85,07/07/2025,55.0,1,07/07/2025,6,1,2,102,56,07/07/2025,,,,,,,,,,,,,,,,,,,,,,,,,,,
6267691209,01/04/2011,WC1A 9TE,99,99,1,18/05/2018,,,,G85023,PZ999,28/10/2025,,,,,,,,,,,,,28/10/2025,28/10/2025,2,104.0,28/10/2025,3,3.64,28/10/2025,28/10/2025,99,28/10/2025,1,,,99,,28/10/2025,,,1,28/10/2025,28/10/2025,,,,,
6267691209,01/04/2011,WC1A 9TE,99,99,1,18/05/2018,,,,G85023,PZ999,05/11/2025,154.96,51.01,05/11/2025,51.0,1,05/11/2025,1,,1,97,58,05/11/2025,,,,,,,,,,,,,,,,,,,,,,,,,,,
6267691209,01/04/2011,WC1A 9TE,99,99,1,18/05/2018,,,,G85023,PZ999,26/10/2025,,,,,,,,,,,,,,,,,,,,,,,,,,,,,,99,,,,,,,,,
6267691209,01/04/2011,WC1A 9TE,99,99,1,18/05/2018,,,,G85023,PZ999,12/10/2025,166.84,54.64,12/10/2025,52.0,1,12/10/2025,3,4,99,103,57,12/10/2025,,,,,,,,,,,,,,,,,,,,,,,,,,,
6267691209,01/04/2011,WC1A 9TE,99,99,1,18/05/2018,,,,G85023,PZ999,22/03/2026,154.2,62.07,22/03/2026,52.0,1,22/03/2026,5,,2,96,59,22/03/2026,,,,,,,,,,,,,,,,,,,,,,,,,,,
6267691209,01/04/2011,WC1A 9TE,99,99,1,18/05/2018,,,,G85023,PZ999,04/02/2026,,,,,,,,,,,,,,,,,,,,,,,,,,,,,,1,04/02/2026,,,,,,,,
6267691209,01/04/2011,WC1A 9TE,99,99,1,18/05/2018,,,,G85023,PZ999,07/03/2026,153.0,69.97,07/03/2026,51.0,1,07/03/2026,6,3,5,103,50,07/03/2026,,,,,,,,,,,,,,,,,,,,,,,,,,,
6267691209,01/04/2011,WC1A 9TE,99,99,1,18/05/2018,,,,G85023,PZ999,11/02/2026,,,,,,,,,,,,,,,,,,,,,,,,,,,,,,2,,,,,,,,,
4174467862,01/04/2014,WC1A 9TB,3,Z,1,04/02/2024,,,,G85023,PZ999,11/05/2025,167.0,57.33,11/05/2025,57.0,1,11/05/2025,4,,2,96,60,11/05/2025,,,,,,,,,,,,,,,,,,,,,,,,,,,
4174467862,01/04/2014,WC1A 9TB,3,Z,1,04/02/2024,,,,G85023,PZ999,20/05/2025,,,,,,,,,,,,,,,,,,,,,,,,,,,,,,99,,,,,,,,,
4174467862,01/04/2014,WC1A 9TB,3,Z,1,04/02/2024,,,,G85023,PZ999,20/06/2025,166.98,47.84,20/06/2025,52.0,1,20/06/2025,6,2,5,103,60,20/06/2025,,,,,,,,,,,,,,,,,,,,,,,,,,,
4174467862,01/04/2014,WC1A 9TB,3,Z,1,04/02/2024,,,,G85023,PZ999,22/06/2025,,,,,,,,,,,,,,,,,,,,,,,,,,,,,,1,22/06/2025,,,,,,,,
4174467862,01/04/2014,WC1A 9TB,3,Z,1,04/02/2024,,,,G85023,PZ999,25/07/2025,,,,,,,,,,,,,,,,,,,,,,,,,,,,,,1,25/07/2025,,,,,,,,
4174467862,01/04/2014,WC1A 9TB,3,Z,1,04/02/2024,,,,G85023,PZ999,25/08/2025,,,,,,,,,,,,,,,,,,,,,,,,,,,,,,,,,,,25/08/2025,25/08/2025,1,,
4174467862,01/04/2014,WC1A 9TB,3,Z,1,04/02/2024,,,,G85023,PZ999,01/08/2025,,,,,,,,,,,,,,,,,,,,,,,,,01/08/2025,1,,,,,,,,,,,,,
4174467862,01/04/2014,WC1A 9TB,3,Z,1,04/02/2024,,,,G85023,PZ999,08/08/2025,168.05,55.31,08/08/2025,53.0,1,08/08/2025,1,,5,101,52,08/08/2025,,,,,,,,,,,,,,,,,,,,,,,,,,,
4174467862,01/04/2014,WC1A 9TB,3,Z,1,04/02/2024,,,,G85023,PZ999,15/12/2025,,,,,,,,,,,,,15/12/2025,15/12/2025,2,266.0,15/12/2025,2,6.26,15/12/2025,15/12/2025,2,15/12/2025,99,,,2,15/12/2025,15/12/2025,,,99,15/12/2025,15/12/2025,,,,,
4174467862,01/04/2014,WC1A 9TB,3,Z,1,04/02/2024,,,,G85023,PZ999,26/10/2025,165.36,64.94,26/10/2025,51.0,1,26/10/2025,5,,2,104,57,26/10/2025,,,,,,,,,,,,,,,,,,,,,,,,,,,
4174467862,01/04/2014,WC1A 9TB,3,Z,1,04/02/2024,,,,G85023,PZ999,01/12/2025,,,,,,,,,,,,,,,,,,,,,,,,,,,,,,99,,,,,,,,,
4174467862,01/04/2014,WC1A 9TB,3,Z,1,04/02/2024,,,,G85023,PZ999,14/11/2025,167.59,52.03,14/11/2025,52.0,1,14/11/2025,3,4,3,105,50,14/11/2025,,,,,,,,,,,,,,,,,,,,,,,,,,,
4174467862,01/04/2014,WC1A 9TB,3,Z,1,04/02/2024,,,,G85023,PZ999,21/02/2026,161.71,43.74,21/02/2026,58.0,1,21/02/2026,3,4,5,97,50,21/02/2026,,,,,,,,,,,,,,,,,,,,,,,,,,,
4174467862,01/04/2014,WC1A 9TB,3,Z,1,04/02/2024,,,,G85023,PZ999,03/02/2026,,,,,,,,,,,,,,,,,,,,,,,,,,,,,,1,03/02/2026,,,,,,,,
4174467862,01/04/2014,WC1A 9TB,3,Z,1,04/02/2024,,,,G85023,PZ999,21/02/2026,165.16,67.14,21/02/2026,48.0,1,21/02/2026,5,,3,101,58,21/02/2026,,,,,,,,,,,,,,,,,,,,,,,,,,,
4174467862,01/04/2014,WC1A 9TB,3,Z,1,04/02/2024,,,,G85023,PZ999,24/01/2026,,,,,,,,,,,,,,,,,,,,,,,,,,,,,,2,,,,,,,,,
6405521494,01/04/2011,WC1A 2JD,99,C,1,20/01/2024,,,,G85023,PZ999,28/06/2025,161.51,65.79,28/06/2025,50.0,1,28/06/2025,6,2,99,96,60,28/06/2025,,,,,,,,,,,,,,,,,,,,,,,,,,,
6405521494,01/04/2011,WC1A 2JD,99,C,1,20/01/2024,,,,G85023,PZ999,07/04/2025,,,,,,,,,,,,,,,,,,,,,,,,,,,,,,1,07/04/2025,,,,,,,,
6405521494,01/04/2011,WC1A 2JD,99,C,1,20/01/2024,,,,G85023,PZ999,05/06/2025,157.16,40.01,05/06/2025,53.0,1,05/06/2025,2,,3,104,59,05/06/2025,,,,,,,,,,,,,,,,,,,,,,,,,,,
6405521494,01/04/2011,WC1A 2JD,99,C,1,20/01/2024,,,,G85023,PZ999,01/05/2025,,,,,,,,,,,,,,,,,,,,,,,,,,,,,,2,,,,,,,,,
6405521494,01/04/2011,WC1A 2JD,99,C,1,20/01/2024,,,,G85023,PZ999,19/09/2025,,,,,,,,,,,,,,,,,,,,,,,,,,,,,,99,,,,,,,,,
6405521494,01/04/2011,WC1A 2JD,99,C,1,20/01/2024,,,,G85023,PZ999,17/08/2025,,,,,,,,,,,,,,,,,,,,,,,,,,,,,,,,,,,17/08/2025,17/08/2025,1,,
6405521494,01/04/2011,WC1A 2JD,99,C,1,20/01/2024,,,,G85023,PZ999,20/07/2025,,,,,,,,,,,,,,,,,,,,,,,,,20/07/2025,99,,,,,,,,,,,,,
6405521494,01/04/2011,WC1A 2JD,99,C,1,20/01/2024,,,,G85023,PZ999,14/07/2025,158.83,63.91,14/07/2025,57.0,1,14/07/2025,1,,1,99,52,14/07/2025,,,,,,,,,,,,,,,,,,,,,,,,,,,
6405521494,01/04/2011,WC1A 2JD,99,C,1,20/01/2024,,,,G85023,PZ999,01/11/2025,,,,,,,,,,,,,01/11/2025,01/11/2025,1,41.0,01/11/2025,2,5.53,01/11/2025,01/11/2025,99,01/11/2025,1,,,2,01/11/2025,01/11/2025,,,99,01/11/2025,01/11/2025,,,,,
6405521494,01/04/2011,WC1A 2JD,99,C,1,20/01/2024,,,,G85023,PZ999,03/12/2025,154.99,56.36,03/12/2025,48.0,1,03/12/2025,5,,4,103,60,03/12/2025,,,,,,,,,,,,,,,,,,,,,,,,,,,
6405521494,01/04/2011,WC1A 2JD,99,C,1,20/01/2024,,,,G85023,PZ999,24/12/2025,,,,,,,,,,,,,,,,,,,,,,,,,,,,,,1,24/12/2025,,,,,,,,
6405521494,01/04/2011,WC1A 2JD,99,C,1,20/01/2024,,,,G85023,PZ999,28/11/2025,164.51,56.14,28/11/2025,51.0,1,28/11/2025,3,3,3,100,53,28/11/2025,,,,,,,,,,,,,,,,,,,,,,,,,,,
6405521494,01/04/2011,WC1A 2JD,99,C,1,20/01/2024,,,,G85023,PZ999,13/02/2026,160.13,45.55,13/02/2026,54.0,1,13/02/2026,4,,5,103,57,13/02/2026,,,,,,,,,,,,,,,,,,,,,,,,,,,
6405521494,01/04/2011,WC1A 2JD,99,C,1,20/01/2024,,,,G85023,PZ999,25/02/2026,,,,,,,,,,,,,,,,,,,,,,,,,,,,,,2,,,,,,,,,
6405521494,01/04/2011,WC1A 2JD,99,C,1,20/01/2024,,,,G85023,PZ999,07/01/2026,156.81,42.88,07/01/2026,58.0,1,07/01/2026,6,3,99,96,54,07/01/2026,,,,,,,,,,,,,,,,,,,,,,,,,,,
6405521494,01/04/2011,WC1A 2JD,99,C,1,20/01/2024,,,,G85023,PZ999,19/01/2026,,,,,,,,,,,,,,,,,,,,,,,,,,,,,,2,,,,,,,,,
4258205672,01/04/2013,WC1A 9TN,2,C,1,24/01/2020,,,,G85023,PZ999,22/06/2025,169.97,56.33,22/06/2025,48.0,1,22/06/2025,1,,1,105,57,22/06/2025,,,,,,,,,,,,,,,,,,,,,,,,,,,
4258205672,01/04/2013,WC1A 9TN,2,C,1,24/01/2020,,,,G85023,PZ999,04/05/2025,,,,,,,,,,,,,,,,,,,,,,,,,,,,,,2,,,,,,,,,
4258205672,01/04/2013,WC1A 9TN,2,C,1,24/01/2020,,,,G85023,PZ999,02/06/2025,169.04,41.32,02/06/2025,49.0,1,02/06/2025,3,4,2,103,57,02/06/2025,,,,,,,,,,,,,,,,,,,,,,,,,,,
4258205672,01/04/2013,WC1A 9TN,2,C,1,24/01/2020,,,,G85023,PZ999,08/05/2025,,,,,,,,,,,,,,,,,,,,,,,,,,,,,,2,,,,,,,,,
4258205672,01/04/2013,WC1A 9TN,2,C,1,24/01/2020,,,,G85023,PZ999,01/08/2025,,,,,,,,,,,,,,,,,,,,,,,,,,,,,,1,01/08/2025,,,,,,,,
4258205672,01/04/2013,WC1A 9TN,2,C,1,24/01/2020,,,,G85023,PZ999,27/09/2025,,,,,,,,,,,,,,,,,,,,,,,,,,,,,,,,,,,27/09/2025,27/09/2025,3,,
4258205672,01/04/2013,WC1A 9TN,2,C,1,24/01/2020,,,,G85023,PZ999,06/07/2025,,,,,,,,,,,,,,,,,,,,,,,,,06/07/2025,1,,,,,,,,,,,,,
4258205672,01/04/2013,WC1A 9TN,2,C,1,24/01/2020,,,,G85023,PZ999,17/08/2025,167.74,62.03,17/08/2025,50.0,1,17/08/2025,2,,99,99,60,17/08/2025,,,,,,,,,,,,,,,,,,,,,,,,,,,
4258205672,01/04/2013,WC1A 9TN,2,C,1,24/01/2020,,,,G85023,PZ999,18/11/2025,,,,,,,,,,,,,18/11/2025,18/11/2025,1,294.0,18/11/2025,3,4.72,18/11/2025,18/11/2025,2,18/11/2025,99,,,99,,18/11/2025,,,99,18/11/2025,18/11/2025,,,,,
4258205672,01/04/2013,WC1A 9TN,2,C,1,24/01/2020,,,,G85023,PZ999,11/10/2025,159.1,41.69,11/10/2025,58.0,1,11/10/2025,5,,2,101,57,11/10/2025,,,,,,,,,,,,,,,,,,,,,,,,,,,
4258205672,01/04/2013,WC1A 9TN,2,C,1,24/01/2020,,,,G85023,PZ999,15/12/2025,,,,,,,,,,,,,,,,,,,,,,,,,,,,,,1,15/12/2025,,,,,,,,
4258205672,01/04/2013,WC1A 9TN,2,C,1,24/01/2020,,,,G85023,PZ999,02/12/2025,159.72,46.94,02/12/2025,56.0,1,02/12/2025,3,2,2,105,56,02/12/2025,,,,,,,,,,,,,,,,,,,,,,,,,,,
4258205672,01/04/2013,WC1A 9TN,2,C,1,24/01/2020,,,,G85023,PZ999,24/02/2026,169.26,61.17,24/02/2026,56.0,1,24/02/2026,2,,1,95,52,24/02/2026,,,,,,,,,,,,,,,,,,,,,,,,,,,
4258205672,01/04/2013,WC1A 9TN,2,C,1,24/01/2020,,,,G85023,PZ999,19/02/2026,,,,,,,,,,,,,,,,,,,,,,,,,,,,,,1,19/02/2026,,,,,,,,
4258205672,01/04/2013,WC1A 9TN,2,C,1,24/01/2020,,,,G85023,PZ999,18/03/2026,152.24,45.23,18/03/2026,56.0,1,18/03/2026,3,1,3,101,52,18/03/2026,,,,,,,,,,,,,,,,,,,,,,,,,,,
4258205672,01/04/2013,WC1A 9TN,2,C,1,24/01/2020,,,,G85023,PZ999,18/03/2026,,,,,,,,,,,,,,,,,,,,,,,,,,,,,,99,,,,,,,,,
7095585687,01/04/2011,WC1A 1DB,99,K,1,30/08/2012,,,,G85023,PZ999,29/04/2025,156.86,62.3,29/04/2025,58.0,1,29/04/2025,5,,99,97,59,29/04/2025,,,,,,,,,,,,,,,,,,,,,,,,,,,
7095585687,01/04/2011,WC1A 1DB,99,K,1,30/08/2012,,,,G85023,PZ999,09/04/2025,,,,,,,,,,,,,,,,,,,,,,,,,,,,,,99,,,,,,,,,
7095585687,01/04/2011,WC1A 1DB,99,K,1,30/08/2012,,,,G85023,PZ999,21/04/2025,161.71,58.82,21/04/2025,51.0,1,21/04/2025,1,,3,103,54,21/04/2025,,,,,,,,,,,,,,,,,,,,,,,,,,,
7095585687,01/04/2011,WC1A 1DB,99,K,1,30/08/2012,,,,G85023,PZ999,01/05/2025,,,,,,,,,,,,,,,,,,,,,,,,,,,,,,1,01/05/2025,,,,,,,,
7095585687,01/04/2011,WC1A 1DB,99,K,1,30/08/2012,,,,G85023,PZ999,04/08/2025,,,,,,,,,,,,,,,,,,,,,,,,,,,,,,2,,,,,,,,,
7095585687,01/04/2011,WC1A 1DB,99,K,1,30/08/2012,,,,G85023,PZ999,13/07/2025,,,,,,,,,,,,,,,,,,,,,,,,,,,,,,,,,,,13/07/2025,13/07/2025,2,3,
7095585687,01/04/2011,WC1A 1DB,99,K,1,30/08/2012,,,,G85023,PZ999,09/08/2025,,,,,,,,,,,,,,,,,,,,,,,,,09/08/2025,99,,,,,,,,,,,,,
7095585687,01/04/2011,WC1A 1DB,99,K,1,30/08/2012,,,,G85023,PZ999,28/08/2025,169.31,41.48,28/08/2025,50.0,1,28/08/2025,1,,4,100,55,28/08/2025,,,,,,,,,,,,,,,,,,,,,,,,,,,
7095585687,01/04/2011,WC1A 1DB,99,K,1,30/08/2012,,,,G85023,PZ999,02/11/2025,,,,,,,,,,,,,02/11/2025,02/11/2025,99,68.0,02/11/2025,3,6.52,02/11/2025,02/11/2025,3,02/11/2025,99,,,99,,02/11/2025,,,99,02/11/2025,02/11/2025,,,,,
7095585687,01/04/2011,WC1A 1DB,99,K,1,30/08/2012,,,,G85023,PZ999,20/10/2025,150.31,61.55,20/10/2025,48.0,1,20/10/2025,5,,4,96,59,20/10/2025,,,,,,,,,,,,,,,,,,,,,,,,,,,
7095585687,01/04/2011,WC1A 1DB,99,K,1,30/08/2012,,,,G85023,PZ999,07/11/2025,,,,,,,,,,,,,,,,,,,,,,,,,,,,,,2,,,,,,,,,
7095585687,01/04/2011,WC1A 1DB,99,K,1,30/08/2012,,,,G85023,PZ999,24/11/2025,158.59,51.72,24/11/2025,49.0,1,24/11/2025,5,,1,98,50,24/11/2025,,,,,,,,,,,,,,,,,,,,,,,,,,,
7095585687,01/04/2011,WC1A 1DB,99,K,1,30/08/2012,,,,G85023,PZ999,15/01/2026,159.85,47.34,15/01/2026,51.0,1,15/01/2026,6,3,1,100,52,15/01/2026,,,,,,,,,,,,,,,,,,,,,,,,,,,
7095585687,01/04/2011,WC1A 1DB,99,K,1,30/08/2012,,,,G85023,PZ999,26/02/2026,,,,,,,,,,,,,,,,,,,,,,,,,,,,,,99,,,,,,,,,
7095585687,01/04/2011,WC1A 1DB,99,K,1,30/08/2012,,,,G85023,PZ999,08/01/2026,150.37,47.71,08/01/2026,58.0,1,08/01/2026,3,2,1,105,56,08/01/2026,,,,,,,,,,,,,,,,,,,,,,,,,,,
7095585687,01/04/2011,WC1A 1DB,99,K,1,30/08/2012,,,,G85023,PZ999,24/03/2026,,,,,,,,,,,,,,,,,,,,,,,,,,,,,,99,,,,,,,,,
6958619269,01/04/2013,WC1A 1HU,99,H,1,24/04/2023,,,,G85023,PZ999,17/06/2025,165.29,66.74,17/06/2025,58.0,1,17/06/2025,6,4,99,96,59,17/06/2025,,,,,,,,,,,,,,,,,,,,,,,,,,,
6958619269,01/04/2013,WC1A 1HU,99,H,1,24/04/2023,,,,G85023,PZ999,19/05/2025,,,,,,,,,,,,,,,,,,,,,,,,,,,,,,1,19/05/2025,,,,,,,,
6958619269,01/04/2013,WC1A 1HU,99,H,1,24/04/2023,,,,G85023,PZ999,18/06/2025,169.83,68.2,18/06/2025,57.0,1,18/06/2025,1,,3,101,55,18/06/2025,,,,,,,,,,,,,,,,,,,,,,,,,,,
6958619269,01/04/2013,WC1A 1HU,99,H,1,24/04/2023,,,,G85023,PZ999,28/04/2025,,,,,,,,,,,,,,,,,,,,,,,,,,,,,,1,28/04/2025,,,,,,,,
6958619269,01/04/2013,WC1A 1HU,99,H,1,24/04/2023,,,,G85023,PZ999,11/09/2025,,,,,,,,,,,,,,,,,,,,,,,,,,,,,,2,,,,,,,,,
6958619269,01/04/2013,WC1A 1HU,99,H,1,24/04/2023,,,,G85023,PZ999,29/09/2025,,,,,,,,,,,,,,,,,,,,,,,,,,,,,,,,,,,29/09/2025,29/09/2025,6,,test admission description
6958619269,01/04/2013,WC1A 1HU,99,H,1,24/04/2023,,,,G85023,PZ999,01/08/2025,,,,,,,,,,,,,,,,,,,,,,,,,01/08/2025,99,,,,,,,,,,,,,
6958619269,01/04/2013,WC1A 1HU,99,H,1,24/04/2023,,,,G85023,PZ999,10/07/2025,161.12,50.95,10/07/2025,48.0,1,10/07/2025,6,4,2,103,53,10/07/2025,,,,,,,,,,,,,,,,,,,,,,,,,,,
6958619269,01/04/2013,WC1A 1HU,99,H,1,24/04/2023,,,,G85023,PZ999,08/11/2025,,,,,,,,,,,,,08/11/2025,08/11/2025,1,196.0,08/11/2025,99,2.75,08/11/2025,08/11/2025,2,08/11/2025,2,,,1,,08/11/2025,,,1,08/11/2025,08/11/2025,,,,,
6958619269,01/04/2013,WC1A 1HU,99,H,1,24/04/2023,,,,G85023,PZ999,16/10/2025,158.74,68.81,16/10/2025,50.0,1,16/10/2025,3,1,99,95,51,16/10/2025,,,,,,,,,,,,,,,,,,,,,,,,,,,
6958619269,01/04/2013,WC1A 1HU,99,H,1,24/04/2023,,,,G85023,PZ999,13/11/2025,,,,,,,,,,,,,,,,,,,,,,,,,,,,,,1,13/11/2025,,,,,,,,
6958619269,01/04/2013,WC1A 1HU,99,H,1,24/04/2023,,,,G85023,PZ999,20/10/2025,156.59,61.08,20/10/2025,58.0,1,20/10/2025,5,,2,104,56,20/10/2025,,,,,,,,,,,,,,,,,,,,,,,,,,,
6958619269,01/04/2013,WC1A 1HU,99,H,1,24/04/2023,,,,G85023,PZ999,27/02/2026,162.79,65.02,27/02/2026,49.0,1,27/02/2026,4,,4,103,56,27/02/2026,,,,,,,,,,,,,,,,,,,,,,,,,,,
6958619269,01/04/2013,WC1A 1HU,99,H,1,24/04/2023,,,,G85023,PZ999,19/03/2026,,,,,,,,,,,,,,,,,,,,,,,,,,,,,,1,19/03/2026,,,,,,,,
6958619269,01/04/2013,WC1A 1HU,99,H,1,24/04/2023,,,,G85023,PZ999,24/02/2026,159.01,58.69,24/02/2026,52.0,1,24/02/2026,2,,1,97,58,24/02/2026,,,,,,,,,,,,,,,,,,,,,,,,,,,
6958619269,01/04/2013,WC1A 1HU,99,H,1,24/04/2023,,,,G85023,PZ999,11/01/2026,,,,,,,,,,,,,,,,,,,,,,,,,,,,,,2,,,,,,,,,
4929486548,01/04/2013,WC1A 2LP,2,F,1,27/02/2016,,,,G85023,PZ999,03/06/2025,168.2,55.37,03/06/2025,52.0,1,03/06/2025,4,,1,97,56,03/06/2025,,,,,,,,,,,,,,,,,,,,,,,,,,,
4929486548,01/04/2013,WC1A 2LP,2,F,1,27/02/2016,,,,G85023,PZ999,18/06/2025,,,,,,,,,,,,,,,,,,,,,,,,,,,,,,1,18/06/2025,,,,,,,,
4929486548,01/04/2013,WC1A 2LP,2,F,1,27/02/2016,,,,G85023,PZ999,09/04/2025,162.26,68.1,09/04/2025,58.0,1,09/04/2025,3,4,1,101,53,09/04/2025,,,,,,,,,,,,,,,,,,,,,,,,,,,
4929486548,01/04/2013,WC1A 2LP,2,F,1,27/02/2016,,,,G85023,PZ999,24/06/2025,,,,,,,,,,,,,,,,,,,,,,,,,,,,,,99,,,,,,,,,
4929486548,01/04/2013,WC1A 2LP,2,F,1,27/02/2016,,,,G85023,PZ999,11/07/2025,,,,,,,,,,,,,,,,,,,,,,,,,,,,,,2,,,,,,,,,
4929486548,01/04/2013,WC1A 2LP,2,F,1,27/02/2016,,,,G85023,PZ999,01/08/2025,,,,,,,,,,,,,,,,,,,,,,,,,,,,,,,,,,,01/08/2025,01/08/2025,5,,
4929486548,01/04/2013,WC1A 2LP,2,F,1,27/02/2016,,,,G85023,PZ999,18/09/2025,,,,,,,,,,,,,,,,,,,,,,,,,18/09/2025,1,,,,,,,,,,,,,
4929486548,01/04/2013,WC1A 2LP,2,F,1,27/02/2016,,,,G85023,PZ999,01/07/2025,155.68,46.43,01/07/2025,55.0,1,01/07/2025,4,,4,102,55,01/07/2025,,,,,,,,,,,,,,,,,,,,,,,,,,,
4929486548,01/04/2013,WC1A 2LP,2,F,1,27/02/2016,,,,G85023,PZ999,26/10/2025,,,,,,,,,,,,,26/10/2025,26/10/2025,99,158.0,26/10/2025,1,2.39,26/10/2025,26/10/2025,1,26/10/2025,1,,,1,,26/10/2025,,,99,26/10/2025,26/10/2025,,,,,
4929486548,01/04/2013,WC1A 2LP,2,F,1,27/02/2016,,,,G85023,PZ999,01/10/2025,156.88,53.49,01/10/2025,55.0,1,01/10/2025,6,2,99,99,53,01/10/2025,,,,,,,,,,,,,,,,,,,,,,,,,,,
4929486548,01/04/2013,WC1A 2LP,2,F,1,27/02/2016,,,,G85023,PZ999,05/10/2025,,,,,,,,,,,,,,,,,,,,,,,,,,,,,,2,,,,,,,,,
4929486548,01/04/2013,WC1A 2LP,2,F,1,27/02/2016,,,,G85023,PZ999,04/11/2025,161.85,60.54,04/11/2025,51.0,1,04/11/2025,6,2,2,102,52,04/11/2025,,,,,,,,,,,,,,,,,,,,,,,,,,,
4929486548,01/04/2013,WC1A 2LP,2,F,1,27/02/2016,,,,G85023,PZ999,27/01/2026,156.82,42.06,27/01/2026,52.0,1,27/01/2026,4,,1,105,51,27/01/2026,,,,,,,,,,,,,,,,,,,,,,,,,,,
4929486548,01/04/2013,WC1A 2LP,2,F,1,27/02/2016,,,,G85023,PZ999,29/01/2026,,,,,,,,,,,,,,,,,,,,,,,,,,,,,,1,29/01/2026,,,,,,,,
4929486548,01/04/2013,WC1A 2LP,2,F,1,27/02/2016,,,,G85023,PZ999,06/01/2026,158.69,60.65,06/01/2026,48.0,1,06/01/2026,6,2,99,95,59,06/01/2026,,,,,,,,,,,,,,,,,,,,,,,,,,,
4929486548,01/04/2013,WC1A 2LP,2,F,1,27/02/2016,,,,G85023,PZ999,21/02/2026,,,,,,,,,,,,,,,,,,,,,,,,,,,,,,1,21/02/2026,,,,,,,,
7506232022,01/04/2014,WC1A 2NS,3,G,1,16/11/2022,,,,G85023,PZ999,01/04/2025,156.69,64.14,01/04/2025,56.0,1,01/04/2025,6,4,4,98,53,01/04/2025,,,,,,,,,,,,,,,,,,,,,,,,,,,
7506232022,01/04/2014,WC1A 2NS,3,G,1,16/11/2022,,,,G85023,PZ999,25/05/2025,,,,,,,,,,,,,,,,,,,,,,,,,,,,,,1,25/05/2025,,,,,,,,
7506232022,01/04/2014,WC1A 2NS,3,G,1,16/11/2022,,,,G85023,PZ999,03/05/2025,164.23,64.57,03/05/2025,55.0,1,03/05/2025,3,3,1,99,56,03/05/2025,,,,,,,,,,,,,,,,,,,,,,,,,,,
7506232022,01/04/2014,WC1A 2NS,3,G,1,16/11/2022,,,,G85023,PZ999,02/05/2025,,,,,,,,,,,,,,,,,,,,,,,,,,,,,,99,,,,,,,,,
7506232022,01/04/2014,WC1A 2NS,3,G,1,16/11/2022,,,,G85023,PZ999,27/09/2025,,,,,,,,,,,,,,,,,,,,,,,,,,,,,,99,,,,,,,,,
7506232022,01/04/2014,WC1A 2NS,3,G,1,16/11/2022,,,,G85023,PZ999,18/09/2025,,,,,,,,,,,,,,,,,,,,,,,,,,,,,,,,,,,18/09/2025,18/09/2025,5,,
7506232022,01/04/2014,WC1A 2NS,3,G,1,16/11/2022,,,,G85023,PZ999,10/07/2025,,,,,,,,,,,,,,,,,,,,,,,,,10/07/2025,2,,,,,,,,,,,,,
7506232022,01/04/2014,WC1A 2NS,3,G,1,16/11/2022,,,,G85023,PZ999,24/07/2025,156.86,61.75,24/07/2025,54.0,1,24/07/2025,5,,99,95,52,24/07/2025,,,,,,,,,,,,,,,,,,,,,,,,,,,
7506232022,01/04/2014,WC1A 2NS,3,G,1,16/11/2022,,,,G85023,PZ999,19/10/2025,,,,,,,,,,,,,19/10/2025,19/10/2025,2,175.0,19/10/2025,99,3.37,19/10/2025,19/10/2025,2,19/10/2025,1,,,99,,19/10/2025,,,99,19/10/2025,19/10/2025,,,,,
7506232022,01/04/2014,WC1A 2NS,3,G,1,16/11/2022,,,,G85023,PZ999,29/12/2025,152.04,69.61,29/12/2025,48.0,1,29/12/2025,3,3,5,102,59,29/12/2025,,,,,,,,,,,,,,,,,,,,,,,,,,,
7506232022,01/04/2014,WC1A 2NS,3,G,1,16/11/2022,,,,G85023,PZ999,15/12/2025,,,,,,,,,,,,,,,,,,,,,,,,,,,,,,99,,,,,,,,,
7506232022,01/04/2014,WC1A 2NS,3,G,1,16/11/2022,,,,G85023,PZ999,23/11/2025,150.4,48.29,23/11/2025,56.0,1,23/11/2025,2,,4,96,56,23/11/2025,,,,,,,,,,,,,,,,,,,,,,,,,,,
7506232022,01/04/2014,WC1A 2NS,3,G,1,16/11/2022,,,,G85023,PZ999,18/01/2026,157.56,47.08,18/01/2026,49.0,1,18/01/2026,3,4,3,101,60,18/01/2026,,,,,,,,,,,,,,,,,,,,,,,,,,,
7506232022,01/04/2014,WC1A 2NS,3,G,1,16/11/2022,,,,G85023,PZ999,01/01/2026,,,,,,,,,,,,,,,,,,,,,,,,,,,,,,1,01/01/2026,,,,,,,,
7506232022,01/04/2014,WC1A 2NS,3,G,1,16/11/2022,,,,G85023,PZ999,15/03/2026,158.48,48.26,15/03/2026,56.0,1,15/03/2026,4,,99,105,50,15/03/2026,,,,,,,,,,,,,,,,,,,,,,,,,,,
7506232022,01/04/2014,WC1A 2NS,3,G,1,16/11/2022,,,,G85023,PZ999,29/03/2026,,,,,,,,,,,,,,,,,,,,,,,,,,,,,,2,,,,,,,,,
6432565847,01/04/2011,WC1A 9HU,1,M,1,11/03/2013,,,,G85023,PZ999,20/04/2025,163.4,57.82,20/04/2025,54.0,1,20/04/2025,4,,4,99,57,20/04/2025,,,,,,,,,,,,,,,,,,,,,,,,,,,
6432565847,01/04/2011,WC1A 9HU,1,M,1,11/03/2013,,,,G85023,PZ999,25/04/2025,,,,,,,,,,,,,,,,,,,,,,,,,,,,,,99,,,,,,,,,
6432565847,01/04/2011,WC1A 9HU,1,M,1,11/03/2013,,,,G85023,PZ999,04/06/2025,151.44,53.53,04/06/2025,52.0,1,04/06/2025,1,,1,97,50,04/06/2025,,,,,,,,,,,,,,,,,,,,,,,,,,,
6432565847,01/04/2011,WC1A 9HU,1,M,1,11/03/2013,,,,G85023,PZ999,13/04/2025,,,,,,,,,,,,,,,,,,,,,,,,,,,,,,99,,,,,,,,,
6432565847,01/04/2011,WC1A 9HU,1,M,1,11/03/2013,,,,G85023,PZ999,01/07/2025,,,,,,,,,,,,,,,,,,,,,,,,,,,,,,1,01/07/2025,,,,,,,,
6432565847,01/04/2011,WC1A 9HU,1,M,1,11/03/2013,,,,G85023,PZ999,18/08/2025,,,,,,,,,,,,,,,,,,,,,,,,,,,,,,,,,,,18/08/2025,18/08/2025,4,,
6432565847,01/04/2011,WC1A 9HU,1,M,1,11/03/2013,,,,G85023,PZ999,23/09/2025,,,,,,,,,,,,,,,,,,,,,,,,,23/09/2025,1,,,,,,,,,,,,,
6432565847,01/04/2011,WC1A 9HU,1,M,1,11/03/2013,,,,G85023,PZ999,11/09/2025,160.53,43.38,11/09/2025,55.0,1,11/09/2025,4,,99,97,60,11/09/2025,,,,,,,,,,,,,,,,,,,,,,,,,,,
6432565847,01/04/2011,WC1A 9HU,1,M,1,11/03/2013,,,,G85023,PZ999,27/10/2025,,,,,,,,,,,,,27/10/2025,27/10/2025,2,71.0,27/10/2025,3,2.72,27/10/2025,27/10/2025,1,27/10/2025,1,,,99,,27/10/2025,,,2,27/10/2025,27/10/2025,,,,,
6432565847,01/04/2011,WC1A 9HU,1,M,1,11/03/2013,,,,G85023,PZ999,28/10/2025,160.79,63.6,28/10/2025,49.0,1,28/10/2025,1,,1,101,56,28/10/2025,,,,,,,,,,,,,,,,,,,,,,,,,,,
6432565847,01/04/2011,WC1A 9HU,1,M,1,11/03/2013,,,,G85023,PZ999,09/11/2025,,,,,,,,,,,,,,,,,,,,,,,,,,,,,,2,,,,,,,,,
6432565847,01/04/2011,WC1A 9HU,1,M,1,11/03/2013,,,,G85023,PZ999,09/10/2025,150.33,61.73,09/10/2025,48.0,1,09/10/2025,6,2,1,98,60,09/10/2025,,,,,,,,,,,,,,,,,,,,,,,,,,,
6432565847,01/04/2011,WC1A 9HU,1,M,1,11/03/2013,,,,G85023,PZ999,21/02/2026,165.21,47.87,21/02/2026,50.0,1,21/02/2026,3,1,2,103,55,21/02/2026,,,,,,,,,,,,,,,,,,,,,,,,,,,
6432565847,01/04/2011,WC1A 9HU,1,M,1,11/03/2013,,,,G85023,PZ999,29/01/2026,,,,,,,,,,,,,,,,,,,,,,,,,,,,,,1,29/01/2026,,,,,,,,
6432565847,01/04/2011,WC1A 9HU,1,M,1,11/03/2013,,,,G85023,PZ999,11/03/2026,157.64,63.59,11/03/2026,58.0,1,11/03/2026,2,,2,102,60,11/03/2026,,,,,,,,,,,,,,,,,,,,,,,,,,,
6432565847,01/04/2011,WC1A 9HU,1,M,1,11/03/2013,,,,G85023,PZ999,22/02/2026,,,,,,,,,,,,,,,,,,,,,,,,,,,,,,1,22/02/2026,,,,,,,,
6873262234,01/04/2012,WC1A 1NS,2,J,1,04/04/2023,,,,G85023,PZ999,12/06/2025,165.16,56.45,12/06/2025,55.0,1,12/06/2025,5,,5,96,50,12/06/2025,,,,,,,,,,,,,,,,,,,,,,,,,,,
6873262234,01/04/2012,WC1A 1NS,2,J,1,04/04/2023,,,,G85023,PZ999,14/05/2025,,,,,,,,,,,,,,,,,,,,,,,,,,,,,,2,,,,,,,,,
6873262234,01/04/2012,WC1A 1NS,2,J,1,04/04/2023,,,,G85023,PZ999,30/05/2025,151.57,53.63,30/05/2025,57.0,1,30/05/2025,5,,5,98,59,30/05/2025,,,,,,,,,,,,,,,,,,,,,,,,,,,
6873262234,01/04/2012,WC1A 1NS,2,J,1,04/04/2023,,,,G85023,PZ999,19/05/2025,,,,,,,,,,,,,,,,,,,,,,,,,,,,,,1,19/05/2025,,,,,,,,
6873262234,01/04/2012,WC1A 1NS,2,J,1,04/04/2023,,,,G85023,PZ999,27/07/2025,,,,,,,,,,,,,,,,,,,,,,,,,,,,,,2,,,,,,,,,
6873262234,01/04/2012,WC1A 1NS,2,J,1,04/04/2023,,,,G85023,PZ999,05/09/2025,,,,,,,,,,,,,,,,,,,,,,,,,,,,,,,,,,,05/09/2025,05/09/2025,2,4,
6873262234,01/04/2012,WC1A 1NS,2,J,1,04/04/2023,,,,G85023,PZ999,19/07/2025,,,,,,,,,,,,,,,,,,,,,,,,,19/07/2025,1,,,,,,,,,,,,,
6873262234,01/04/2012,WC1A 1NS,2,J,1,04/04/2023,,,,G85023,PZ999,12/08/2025,156.75,64.0,12/08/2025,53.0,1,12/08/2025,2,,99,104,55,12/08/2025,,,,,,,,,,,,,,,,,,,,,,,,,,,
6873262234,01/04/2012,WC1A 1NS,2,J,1,04/04/2023,,,,G85023,PZ999,10/11/2025,,,,,,,,,,,,,10/11/2025,10/11/2025,99,281.0,10/11/2025,2,5.41,10/11/2025,10/11/2025,99,10/11/2025,2,,,99,,10/11/2025,,,1,10/11/2025,10/11/2025,,,,,
6873262234,01/04/2012,WC1A 1NS,2,J,1,04/04/2023,,,,G85023,PZ999,09/10/2025,160.28,50.14,09/10/2025,58.0,1,09/10/2025,1,,2,104,50,09/10/2025,,,,,,,,,,,,,,,,,,,,,,,,,,,
6873262234,01/04/2012,WC1A 1NS,2,J,1,04/04/2023,,,,G85023,PZ999,10/11/2025,,,,,,,,,,,,,,,,,,,,,,,,,,,,,,1,10/11/2025,,,,,,,,
6873262234,01/04/2012,WC1A 1NS,2,J,1,04/04/2023,,,,G85023,PZ999,13/12/2025,158.16,50.38,13/12/2025,55.0,1,13/12/2025,2,,5,104,60,13/12/2025,,,,,,,,,,,,,,,,,,,,,,,,,,,
6873262234,01/04/2012,WC1A 1NS,2,J,1,04/04/2023,,,,G85023,PZ999,28/03/2026,163.58,47.77,28/03/2026,52.0,1,28/03/2026,3,4,3,104,60,28/03/2026,,,,,,,,,,,,,,,,,,,,,,,,,,,
6873262234,01/04/2012,WC1A 1NS,2,J,1,04/04/2023,,,,G85023,PZ999,28/01/2026,,,,,,,,,,,,,,,,,,,,,,,,,,,,,,99,,,,,,,,,
6873262234,01/04/2012,WC1A 1NS,2,J,1,04/04/2023,,,,G85023,PZ999,07/01/2026,157.21,45.46,07/01/2026,48.0,1,07/01/2026,6,4,4,97,51,07/01/2026,,,,,,,,,,,,,,,,,,,,,,,,,,,
6873262234,01/04/2012,WC1A 1NS,2,J,1,04/04/2023,,,,G85023,PZ999,04/02/2026,,,,,,,,,,,,,,,,,,,,,,,,,,,,,,1,04/02/2026,,,,,,,,
6940918477,01/04/2011,WC1A 2JL,2,D,1,06/09/2018,,,,G85023,PZ999,04/05/2025,160.3,62.67,04/05/2025,50.0,1,04/05/2025,3,1,1,104,60,04/05/2025,,,,,,,,,,,,,,,,,,,,,,,,,,,
6940918477,01/04/2011,WC1A 2JL,2,D,1,06/09/2018,,,,G85023,PZ999,25/04/2025,,,,,,,,,,,,,,,,,,,,,,,,,,,,,,1,25/04/2025,,,,,,,,
6940918477,01/04/2011,WC1A 2JL,2,D,1,06/09/2018,,,,G85023,PZ999,28/05/2025,157.05,57.56,28/05/2025,52.0,1,28/05/2025,6,2,2,96,51,28/05/2025,,,,,,,,,,,,,,,,,,,,,,,,,,,
6940918477,01/04/2011,WC1A 2JL,2,D,1,06/09/2018,,,,G85023,PZ999,25/04/2025,,,,,,,,,,,,,,,,,,,,,,,,,,,,,,99,,,,,,,,,
6940918477,01/04/2011,WC1A 2JL,2,D,1,06/09/2018,,,,G85023,PZ999,19/08/2025,,,,,,,,,,,,,,,,,,,,,,,,,,,,,,99,,,,,,,,,
6940918477,01/04/2011,WC1A 2JL,2,D,1,06/09/2018,,,,G85023,PZ999,08/08/2025,,,,,,,,,,,,,,,,,,,,,,,,,,,,,,,,,,,08/08/2025,08/08/2025,5,,
6940918477,01/04/2011,WC1A 2JL,2,D,1,06/09/2018,,,,G85023,PZ999,14/07/2025,,,,,,,,,,,,,,,,,,,,,,,,,14/07/2025,99,,,,,,,,,,,,,
6940918477,01/04/2011,WC1A 2JL,2,D,1,06/09/2018,,,,G85023,PZ999,07/07/2025,166.48,59.09,07/07/2025,58.0,1,07/07/2025,2,,1,96,52,07/07/2025,,,,,,,,,,,,,,,,,,,,,,,,,,,
6940918477,01/04/2011,WC1A 2JL,2,D,1,06/09/2018,,,,G85023,PZ999,09/11/2025,,,,,,,,,,,,,09/11/2025,09/11/2025,2,153.0,09/11/2025,2,2.8,09/11/2025,09/11/2025,2,09/11/2025,99,,,99,,09/11/2025,,,99,09/11/2025,09/11/2025,,,,,
6940918477,01/04/2011,WC1A 2JL,2,D,1,06/09/2018,,,,G85023,PZ999,07/11/2025,158.2,62.91,07/11/2025,55.0,1,07/11/2025,5,,3,98,55,07/11/2025,,,,,,,,,,,,,,,,,,,,,,,,,,,
6940918477,01/04/2011,WC1A 2JL,2,D,1,06/09/2018,,,,G85023,PZ999,17/11/2025,,,,,,,,,,,,,,,,,,,,,,,,,,,,,,99,,,,,,,,,
6940918477,01/04/2011,WC1A 2JL,2,D,1,06/09/2018,,,,G85023,PZ999,15/10/2025,158.32,42.89,15/10/2025,49.0,1,15/10/2025,4,,5,103,50,15/10/2025,,,,,,,,,,,,,,,,,,,,,,,,,,,
6940918477,01/04/2011,WC1A 2JL,2,D,1,06/09/2018,,,,G85023,PZ999,20/02/2026,160.32,68.96,20/02/2026,56.0,1,20/02/2026,6,2,1,101,55,20/02/2026,,,,,,,,,,,,,,,,,,,,,,,,,,,
6940918477,01/04/2011,WC1A 2JL,2,D,1,06/09/2018,,,,G85023,PZ999,29/03/2026,,,,,,,,,,,,,,,,,,,,,,,,,,,,,,1,29/03/2026,,,,,,,,
6940918477,01/04/2011,WC1A 2JL,2,D,1,06/09/2018,,,,G85023,PZ999,16/03/2026,158.04,42.56,16/03/2026,56.0,1,16/03/2026,2,,3,100,60,16/03/2026,,,,,,,,,,,,,,,,,,,,,,,,,,,
6940918477,01/04/2011,WC1A 2JL,2,D,1,06/09/2018,,,,G85023,PZ999,29/03/2026,,,,,,,,,,,,,,,,,,,,,,,,,,,,,,2,,,,,,,,,
6538972160,01/04/2013,WC1A 1PB,2,B,1,19/09/2013,,,,G85023,PZ999,28/06/2025,152.4,51.58,28/06/2025,48.0,1,28/06/2025,2,,3,105,54,28/06/2025,,,,,,,,,,,,,,,,,,,,,,,,,,,
6538972160,01/04/2013,WC1A 1PB,2,B,1,19/09/2013,,,,G85023,PZ999,22/04/2025,,,,,,,,,,,,,,,,,,,,,,,,,,,,,,1,22/04/2025,,,,,,,,
6538972160,01/04/2013,WC1A 1PB,2,B,1,19/09/2013,,,,G85023,PZ999,22/04/2025,158.91,64.7,22/04/2025,57.0,1,22/04/2025,6,4,3,105,51,22/04/2025,,,,,,,,,,,,,,,,,,,,,,,,,,,
6538972160,01/04/2013,WC1A 1PB,2,B,1,19/09/2013,,,,G85023,PZ999,17/05/2025,,,,,,,,,,,,,,,,,,,,,,,,,,,,,,2,,,,,,,,,
6538972160,01/04/2013,WC1A 1PB,2,B,1,19/09/2013,,,,G85023,PZ999,21/08/2025,,,,,,,,,,,,,,,,,,,,,,,,,,,,,,2,,,,,,,,,
6538972160,01/04/2013,WC1A 1PB,2,B,1,19/09/2013,,,,G85023,PZ999,30/07/2025,,,,,,,,,,,,,,,,,,,,,,,,,,,,,,,,,,,30/07/2025,30/07/2025,4,,
6538972160,01/04/2013,WC1A 1PB,2,B,1,19/09/2013,,,,G85023,PZ999,07/09/2025,,,,,,,,,,,,,,,,,,,,,,,,,07/09/2025,1,,,,,,,,,,,,,
6538972160,01/04/2013,WC1A 1PB,2,B,1,19/09/2013,,,,G85023,PZ999,14/09/2025,158.31,54.34,14/09/2025,55.0,1,14/09/2025,3,2,99,102,53,14/09/2025,,,,,,,,,,,,,,,,,,,,,,,,,,,
6538972160,01/04/2013,WC1A 1PB,2,B,1,19/09/2013,,,,G85023,PZ999,17/11/2025,,,,,,,,,,,,,17/11/2025,17/11/2025,99,83.0,17/11/2025,99,4.08,17/11/2025,17/11/2025,1,17/11/2025,99,,,1,,17/11/2025,,,2,17/11/2025,17/11/2025,,,,,
6538972160,01/04/2013,WC1A 1PB,2,B,1,19/09/2013,,,,G85023,PZ999,01/12/2025,168.35,47.33,01/12/2025,51.0,1,01/12/2025,1,,99,103,53,01/12/2025,,,,,,,,,,,,,,,,,,,,,,,,,,,
6538972160,01/04/2013,WC1A 1PB,2,B,1,19/09/2013,,,,G85023,PZ999,30/10/2025,,,,,,,,,,,,,,,,,,,,,,,,,,,,,,99,,,,,,,,,
6538972160,01/04/2013,WC1A 1PB,2,B,1,19/09/2013,,,,G85023,PZ999,09/11/2025,163.2,46.58,09/11/2025,54.0,1,09/11/2025,1,,3,105,54,09/11/2025,,,,,,,,,,,,,,,,,,,,,,,,,,,
6538972160,01/04/2013,WC1A 1PB,2,B,1,19/09/2013,,,,G85023,PZ999,03/03/2026,159.14,56.29,03/03/2026,53.0,1,03/03/2026,3,1,99,96,50,03/03/2026,,,,,,,,,,,,,,,,,,,,,,,,,,,
6538972160,01/04/2013,WC1A 1PB,2,B,1,19/09/2013,,,,G85023,PZ999,04/02/2026,,,,,,,,,,,,,,,,,,,,,,,,,,,,,,99,,,,,,,,,
6538972160,01/04/2013,WC1A 1PB,2,B,1,19/09/2013,,,,G85023,PZ999,08/02/2026,152.78,55.97,08/02/2026,51.0,1,08/02/2026,3,1,1,100,53,08/02/2026,,,,,,,,,,,,,,,,,,,,,,,,,,,
6538972160,01/04/2013,WC1A 1PB,2,B,1,19/09/2013,,,,G85023,PZ999,21/01/2026,,,,,,,,,,,,,,,,,,,,,,,,,,,,,,2,,,,,,,,,
4037470349,01/04/2013,WC1A 1AP,1,B,1,24/09/2015,,,,G85023,PZ999,18/04/2025,151.01,42.64,18/04/2025,50.0,1,18/04/2025,3,4,5,96,54,18/04/2025,,,,,,,,,,,,,,,,,,,,,,,,,,,
4037470349,01/04/2013,WC1A 1AP,1,B,1,24/09/2015,,,,G85023,PZ999,14/06/2025,,,,,,,,,,,,,,,,,,,,,,,,,,,,,,2,,,,,,,,,
4037470349,01/04/2013,WC1A 1AP,1,B,1,24/09/2015,,,,G85023,PZ999,06/05/2025,156.5,49.25,06/05/2025,52.0,1,06/05/2025,5,,2,104,50,06/05/2025,,,,,,,,,,,,,,,,,,,,,,,,,,,
4037470349,01/04/2013,WC1A 1AP,1,B,1,24/09/2015,,,,G85023,PZ999,06/05/2025,,,,,,,,,,,,,,,,,,,,,,,,,,,,,,99,,,,,,,,,
4037470349,01/04/2013,WC1A 1AP,1,B,1,24/09/2015,,,,G85023,PZ999,13/09/2025,,,,,,,,,,,,,,,,,,,,,,,,,,,,,,2,,,,,,,,,
4037470349,01/04/2013,WC1A 1AP,1,B,1,24/09/2015,,,,G85023,PZ999,13/09/2025,,,,,,,,,,,,,,,,,,,,,,,,,,,,,,,,,,,13/09/2025,13/09/2025,5,,
4037470349,01/04/2013,WC1A 1AP,1,B,1,24/09/2015,,,,G85023,PZ999,23/08/2025,,,,,,,,,,,,,,,,,,,,,,,,,23/08/2025,99,,,,,,,,,,,,,
4037470349,01/04/2013,WC1A 1AP,1,B,1,24/09/2015,,,,G85023,PZ999,25/09/2025,162.53,51.14,25/09/2025,54.0,1,25/09/2025,2,,4,98,58,25/09/2025,,,,,,,,,,,,,,,,,,,,,,,,,,,
4037470349,01/04/2013,WC1A 1AP,1,B,1,24/09/2015,,,,G85023,PZ999,05/10/2025,,,,,,,,,,,,,05/10/2025,05/10/2025,99,100.0,05/10/2025,99,4.44,05/10/2025,05/10/2025,99,05/10/2025,2,,,2,05/10/2025,05/10/2025,,,2,05/10/2025,05/10/2025,,,,,
4037470349,01/04/2013,WC1A 1AP,1,B,1,24/09/2015,,,,G85023,PZ999,08/11/2025,169.85,41.55,08/11/2025,56.0,1,08/11/2025,1,,99,104,59,08/11/2025,,,,,,,,,,,,,,,,,,,,,,,,,,,
4037470349,01/04/2013,WC1A 1AP,1,B,1,24/09/2015,,,,G85023,PZ999,01/12/2025,,,,,,,,,,,,,,,,,,,,,,,,,,,,,,1,01/12/2025,,,,,,,,
4037470349,01/04/2013,WC1A 1AP,1,B,1,24/09/2015,,,,G85023,PZ999,14/12/2025,156.19,44.58,14/12/2025,48.0,1,14/12/2025,2,,4,98,54,14/12/2025,,,,,,,,,,,,,,,,,,,,,,,,,,,
4037470349,01/04/2013,WC1A 1AP,1,B,1,24/09/2015,,,,G85023,PZ999,16/02/2026,150.79,64.13,16/02/2026,53.0,1,16/02/2026,5,,3,95,51,16/02/2026,,,,,,,,,,,,,,,,,,,,,,,,,,,
4037470349,01/04/2013,WC1A 1AP,1,B,1,24/09/2015,,,,G85023,PZ999,23/02/2026,,,,,,,,,,,,,,,,,,,,,,,,,,,,,,2,,,,,,,,,
4037470349,01/04/2013,WC1A 1AP,1,B,1,24/09/2015,,,,G85023,PZ999,10/03/2026,169.99,44.61,10/03/2026,58.0,1,10/03/2026,4,,3,95,56,10/03/2026,,,,,,,,,,,,,,,,,,,,,,,,,,,
4037470349,01/04/2013,WC1A 1AP,1,B,1,24/09/2015,,,,G85023,PZ999,06/03/2026,,,,,,,,,,,,,,,,,,,,,,,,,,,,,,1,06/03/2026,,,,,,,,
4843358908,01/04/2011,WC1A 9UH,99,99,1,25/07/2021,,,,G85023,PZ999,02/06/2025,166.37,60.29,02/06/2025,54.0,1,02/06/2025,1,,99,95,50,02/06/2025,,,,,,,,,,,,,,,,,,,,,,,,,,,
4843358908,01/04/2011,WC1A 9UH,99,99,1,25/07/2021,,,,G85023,PZ999,28/06/2025,,,,,,,,,,,,,,,,,,,,,,,,,,,,,,1,28/06/2025,,,,,,,,
4843358908,01/04/2011,WC1A 9UH,99,99,1,25/07/2021,,,,G85023,PZ999,09/06/2025,162.76,64.13,09/06/2025,50.0,1,09/06/2025,3,3,1,95,53,09/06/2025,,,,,,,,,,,,,,,,,,,,,,,,,,,
4843358908,01/04/2011,WC1A 9UH,99,99,1,25/07/2021,,,,G85023,PZ999,21/05/2025,,,,,,,,,,,,,,,,,,,,,,,,,,,,,,2,,,,,,,,,
4843358908,01/04/2011,WC1A 9UH,99,99,1,25/07/2021,,,,G85023,PZ999,05/09/2025,,,,,,,,,,,,,,,,,,,,,,,,,,,,,,2,,,,,,,,,
4843358908,01/04/2011,WC1A 9UH,99,99,1,25/07/2021,,,,G85023,PZ999,30/07/2025,,,,,,,,,,,,,,,,,,,,,,,,,,,,,,,,,,,30/07/2025,30/07/2025,6,,test admission description
4843358908,01/04/2011,WC1A 9UH,99,99,1,25/07/2021,,,,G85023,PZ999,28/08/2025,,,,,,,,,,,,,,,,,,,,,,,,,28/08/2025,99,,,,,,,,,,,,,
4843358908,01/04/2011,WC1A 9UH,99,99,1,25/07/2021,,,,G85023,PZ999,14/08/2025,154.18,55.1,14/08/2025,53.0,1,14/08/2025,2,,3,96,58,14/08/2025,,,,,,,,,,,,,,,,,,,,,,,,,,,
4843358908,01/04/2011,WC1A 9UH,99,99,1,25/07/2021,,,,G85023,PZ999,24/10/2025,,,,,,,,,,,,,24/10/2025,24/10/2025,2,199.0,24/10/2025,1,2.53,24/10/2025,24/10/2025,3,24/10/2025,2,,,2,24/10/2025,24/10/2025,,,1,24/10/2025,24/10/2025,,,,,
4843358908,01/04/2011,WC1A 9UH,99,99,1,25/07/2021,,,,G85023,PZ999,25/11/2025,163.58,54.04,25/11/2025,57.0,1,25/11/2025,5,,99,104,59,25/11/2025,,,,,,,,,,,,,,,,,,,,,,,,,,,
4843358908,01/04/2011,WC1A 9UH,99,99,1,25/07/2021,,,,G85023,PZ999,23/10/2025,,,,,,,,,,,,,,,,,,,,,,,,,,,,,,99,,,,,,,,,
4843358908,01/04/2011,WC1A 9UH,99,99,1,25/07/2021,,,,G85023,PZ999,11/11/2025,167.8,55.85,11/11/2025,56.0,1,11/11/2025,3,3,99,97,55,11/11/2025,,,,,,,,,,,,,,,,,,,,,,,,,,,
4843358908,01/04/2011,WC1A 9UH,99,99,1,25/07/2021,,,,G85023,PZ999,25/01/2026,163.42,46.69,25/01/2026,49.0,1,25/01/2026,4,,5,104,56,25/01/2026,,,,,,,,,,,,,,,,,,,,,,,,,,,
4843358908,01/04/2011,WC1A 9UH,99,99,1,25/07/2021,,,,G85023,PZ999,15/01/2026,,,,,,,,,,,,,,,,,,,,,,,,,,,,,,99,,,,,,,,,
4843358908,01/04/2011,WC1A 9UH,99,99,1,25/07/2021,,,,G85023,PZ999,05/01/2026,168.51,50.85,05/01/2026,55.0,1,05/01/2026,3,3,5,105,51,05/01/2026,,,,,,,,,,,,,,,,,,,,,,,,,,,
4843358908,01/04/2011,WC1A 9UH,99,99,1,25/07/2021,,,,G85023,PZ999,25/02/2026,,,,,,,,,,,,,,,,,,,,,,,,,,,,,,99,,,,,,,,,
4804052712,01/04/2010,WC1A 2QP,99,S,1,13/10/2020,,,,G85023,PZ999,27/06/2025,160.94,51.2,27/06/2025,57.0,1,27/06/2025,1,,4,101,54,27/06/2025,,,,,,,,,,,,,,,,,,,,,,,,,,,
4804052712,01/04/2010,WC1A 2QP,99,S,1,13/10/2020,,,,G85023,PZ999,03/04/2025,,,,,,,,,,,,,,,,,,,,,,,,,,,,,,1,03/04/2025,,,,,,,,
4804052712,01/04/2010,WC1A 2QP,99,S,1,13/10/2020,,,,G85023,PZ999,21/06/2025,161.57,64.12,21/06/2025,54.0,1,21/06/2025,4,,2,103,59,21/06/2025,,,,,,,,,,,,,,,,,,,,,,,,,,,
4804052712,01/04/2010,WC1A 2QP,99,S,1,13/10/2020,,,,G85023,PZ999,08/05/2025,,,,,,,,,,,,,,,,,,,,,,,,,,,,,,1,08/05/2025,,,,,,,,
4804052712,01/04/2010,WC1A 2QP,99,S,1,13/10/2020,,,,G85023,PZ999,24/09/2025,,,,,,,,,,,,,,,,,,,,,,,,,,,,,,99,,,,,,,,,
4804052712,01/04/2010,WC1A 2QP,99,S,1,13/10/2020,,,,G85023,PZ999,03/08/2025,,,,,,,,,,,,,,,,,,,,,,,,,,,,,,,,,,,03/08/2025,03/08/2025,2,3,
4804052712,01/04/2010,WC1A 2QP,99,S,1,13/10/2020,,,,G85023,PZ999,28/09/2025,,,,,,,,,,,,,,,,,,,,,,,,,28/09/2025,99,,,,,,,,,,,,,
4804052712,01/04/2010,WC1A 2QP,99,S,1,13/10/2020,,,,G85023,PZ999,22/09/2025,156.58,43.11,22/09/2025,48.0,1,22/09/2025,4,,5,96,60,22/09/2025,,,,,,,,,,,,,,,,,,,,,,,,,,,
4804052712,01/04/2010,WC1A 2QP,99,S,1,13/10/2020,,,,G85023,PZ999,11/12/2025,,,,,,,,,,,,,11/12/2025,11/12/2025,1,28.0,11/12/2025,3,2.06,11/12/2025,11/12/2025,99,11/12/2025,99,,,2,11/12/2025,11/12/2025,,,2,11/12/2025,11/12/2025,,,,,
4804052712,01/04/2010,WC1A 2QP,99,S,1,13/10/2020,,,,G85023,PZ999,05/10/2025,159.55,62.44,05/10/2025,51.0,1,05/10/2025,1,,5,102,59,05/10/2025,,,,,,,,,,,,,,,,,,,,,,,,,,,
4804052712,01/04/2010,WC1A 2QP,99,S,1,13/10/2020,,,,G85023,PZ999,03/10/2025,,,,,,,,,,,,,,,,,,,,,,,,,,,,,,99,,,,,,,,,
4804052712,01/04/2010,WC1A 2QP,99,S,1,13/10/2020,,,,G85023,PZ999,19/12/2025,168.16,59.06,19/12/2025,58.0,1,19/12/2025,1,,2,99,51,19/12/2025,,,,,,,,,,,,,,,,,,,,,,,,,,,
4804052712,01/04/2010,WC1A 2QP,99,S,1,13/10/2020,,,,G85023,PZ999,17/03/2026,169.27,67.22,17/03/2026,52.0,1,17/03/2026,4,,2,98,56,17/03/2026,,,,,,,,,,,,,,,,,,,,,,,,,,,
4804052712,01/04/2010,WC1A 2QP,99,S,1,13/10/2020,,,,G85023,PZ999,18/03/2026,,,,,,,,,,,,,,,,,,,,,,,,,,,,,,99,,,,,,,,,
4804052712,01/04/2010,WC1A 2QP,99,S,1,13/10/2020,,,,G85023,PZ999,07/01/2026,162.04,51.46,07/01/2026,50.0,1,07/01/2026,5,,3,105,58,07/01/2026,,,,,,,,,,,,,,,,,,,,,,,,,,,
4804052712,01/04/2010,WC1A 2QP,99,S,1,13/10/2020,,,,G85023,PZ999,02/02/2026,,,,,,,,,,,,,,,,,,,,,,,,,,,,,,99,,,,,,,,,
6653152006,01/04/2013,WC1A 1ES,3,N,1,31/07/2017,,,,G85023,PZ999,25/04/2025,161.01,49.6,25/04/2025,48.0,1,25/04/2025,5,,99,101,58,25/04/2025,,,,,,,,,,,,,,,,,,,,,,,,,,,
6653152006,01/04/2013,WC1A 1ES,3,N,1,31/07/2017,,,,G85023,PZ999,24/04/2025,,,,,,,,,,,,,,,,,,,,,,,,,,,,,,2,,,,,,,,,
6653152006,01/04/2013,WC1A 1ES,3,N,1,31/07/2017,,,,G85023,PZ999,06/05/2025,159.89,55.29,06/05/2025,52.0,1,06/05/2025,6,4,3,96,60,06/05/2025,,,,,,,,,,,,,,,,,,,,,,,,,,,
6653152006,01/04/2013,WC1A 1ES,3,N,1,31/07/2017,,,,G85023,PZ999,19/04/2025,,,,,,,,,,,,,,,,,,,,,,,,,,,,,,99,,,,,,,,,
6653152006,01/04/2013,WC1A 1ES,3,N,1,31/07/2017,,,,G85023,PZ999,08/07/2025,,,,,,,,,,,,,,,,,,,,,,,,,,,,,,99,,,,,,,,,
6653152006,01/04/2013,WC1A 1ES,3,N,1,31/07/2017,,,,G85023,PZ999,25/07/2025,,,,,,,,,,,,,,,,,,,,,,,,,,,,,,,,,,,25/07/2025,25/07/2025,5,,
6653152006,01/04/2013,WC1A 1ES,3,N,1,31/07/2017,,,,G85023,PZ999,21/08/2025,,,,,,,,,,,,,,,,,,,,,,,,,21/08/2025,99,,,,,,,,,,,,,
6653152006,01/04/2013,WC1A 1ES,3,N,1,31/07/2017,,,,G85023,PZ999,18/08/2025,154.21,65.69,18/08/2025,52.0,1,18/08/2025,1,,2,95,56,18/08/2025,,,,,,,,,,,,,,,,,,,,,,,,,,,
6653152006,01/04/2013,WC1A 1ES,3,N,1,31/07/2017,,,,G85023,PZ999,15/11/2025,,,,,,,,,,,,,15/11/2025,15/11/2025,2,31.0,15/11/2025,2,5.32,15/11/2025,15/11/2025,99,15/11/2025,2,,,1,,15/11/2025,,,2,15/11/2025,15/11/2025,,,,,
6653152006,01/04/2013,WC1A 1ES,3,N,1,31/07/2017,,,,G85023,PZ999,11/11/2025,163.63,69.09,11/11/2025,51.0,1,11/11/2025,5,,4,101,51,11/11/2025,,,,,,,,,,,,,,,,,,,,,,,,,,,
6653152006,01/04/2013,WC1A 1ES,3,N,1,31/07/2017,,,,G85023,PZ999,17/11/2025,,,,,,,,,,,,,,,,,,,,,,,,,,,,,,99,,,,,,,,,
6653152006,01/04/2013,WC1A 1ES,3,N,1,31/07/2017,,,,G85023,PZ999,07/10/2025,164.27,52.54,07/10/2025,48.0,1,07/10/2025,1,,99,100,55,07/10/2025,,,,,,,,,,,,,,,,,,,,,,,,,,,
6653152006,01/04/2013,WC1A 1ES,3,N,1,31/07/2017,,,,G85023,PZ999,25/03/2026,164.26,55.45,25/03/2026,58.0,1,25/03/2026,3,2,1,100,57,25/03/2026,,,,,,,,,,,,,,,,,,,,,,,,,,,
6653152006,01/04/2013,WC1A 1ES,3,N,1,31/07/2017,,,,G85023,PZ999,07/01/2026,,,,,,,,,,,,,,,,,,,,,,,,,,,,,,1,07/01/2026,,,,,,,,
6653152006,01/04/2013,WC1A 1ES,3,N,1,31/07/2017,,,,G85023,PZ999,14/03/2026,160.23,48.67,14/03/2026,55.0,1,14/03/2026,6,3,1,104,58,14/03/2026,,,,,,,,,,,,,,,,,,,,,,,,,,,
6653152006,01/04/2013,WC1A 1ES,3,N,1,31/07/2017,,,,G85023,PZ999,17/01/2026,,,,,,,,,,,,,,,,,,,,,,,,,,,,,,99,,,,,,,,,
4988320200,01/04/2010,WC1A 2QD,3,D,1,14/10/2017,,,,G85023,PZ999,21/06/2025,150.66,66.14,21/06/2025,51.0,1,21/06/2025,5,,99,96,51,21/06/2025,,,,,,,,,,,,,,,,,,,,,,,,,,,
4988320200,01/04/2010,WC1A 2QD,3,D,1,14/10/2017,,,,G85023,PZ999,25/05/2025,,,,,,,,,,,,,,,,,,,,,,,,,,,,,,1,25/05/2025,,,,,,,,
4988320200,01/04/2010,WC1A 2QD,3,D,1,14/10/2017,,,,G85023,PZ999,22/05/2025,165.17,64.03,22/05/2025,48.0,1,22/05/2025,1,,4,104,57,22/05/2025,,,,,,,,,,,,,,,,,,,,,,,,,,,
4988320200,01/04/2010,WC1A 2QD,3,D,1,14/10/2017,,,,G85023,PZ999,06/06/2025,,,,,,,,,,,,,,,,,,,,,,,,,,,,,,2,,,,,,,,,
4988320200,01/04/2010,WC1A 2QD,3,D,1,14/10/2017,,,,G85023,PZ999,20/08/2025,,,,,,,,,,,,,,,,,,,,,,,,,,,,,,1,20/08/2025,,,,,,,,
4988320200,01/04/2010,WC1A 2QD,3,D,1,14/10/2017,,,,G85023,PZ999,13/09/2025,,,,,,,,,,,,,,,,,,,,,,,,,,,,,,,,,,,13/09/2025,13/09/2025,3,,
4988320200,01/04/2010,WC1A 2QD,3,D,1,14/10/2017,,,,G85023,PZ999,04/09/2025,,,,,,,,,,,,,,,,,,,,,,,,,04/09/2025,2,,,,,,,,,,,,,
4988320200,01/04/2010,WC1A 2QD,3,D,1,14/10/2017,,,,G85023,PZ999,21/08/2025,162.34,48.98,21/08/2025,56.0,1,21/08/2025,3,4,99,96,53,21/08/2025,,,,,,,,,,,,,,,,,,,,,,,,,,,
4988320200,01/04/2010,WC1A 2QD,3,D,1,14/10/2017,,,,G85023,PZ999,20/10/2025,,,,,,,,,,,,,20/10/2025,20/10/2025,99,225.0,20/10/2025,99,3.07,20/10/2025,20/10/2025,1,20/10/2025,1,,,99,,20/10/2025,,,1,20/10/2025,20/10/2025,,,,,
4988320200,01/04/2010,WC1A 2QD,3,D,1,14/10/2017,,,,G85023,PZ999,30/10/2025,156.89,55.14,30/10/2025,57.0,1,30/10/2025,2,,4,98,54,30/10/2025,,,,,,,,,,,,,,,,,,,,,,,,,,,
4988320200,01/04/2010,WC1A 2QD,3,D,1,14/10/2017,,,,G85023,PZ999,11/12/2025,,,,,,,,,,,,,,,,,,,,,,,,,,,,,,1,11/12/2025,,,,,,,,
4988320200,01/04/2010,WC1A 2QD,3,D,1,14/10/2017,,,,G85023,PZ999,28/10/2025,167.23,58.98,28/10/2025,55.0,1,28/10/2025,1,,1,103,58,28/10/2025,,,,,,,,,,,,,,,,,,,,,,,,,,,
4988320200,01/04/2010,WC1A 2QD,3,D,1,14/10/2017,,,,G85023,PZ999,12/03/2026,163.47,54.65,12/03/2026,58.0,1,12/03/2026,3,3,2,103,51,12/03/2026,,,,,,,,,,,,,,,,,,,,,,,,,,,
4988320200,01/04/2010,WC1A 2QD,3,D,1,14/10/2017,,,,G85023,PZ999,30/01/2026,,,,,,,,,,,,,,,,,,,,,,,,,,,,,,2,,,,,,,,,
4988320200,01/04/2010,WC1A 2QD,3,D,1,14/10/2017,,,,G85023,PZ999,18/03/2026,159.23,67.49,18/03/2026,57.0,1,18/03/2026,6,1,5,103,60,18/03/2026,,,,,,,,,,,,,,,,,,,,,,,,,,,
4988320200,01/04/2010,WC1A 2QD,3,D,1,14/10/2017,,,,G85023,PZ999,16/02/2026,,,,,,,,,,,,,,,,,,,,,,,,,,,,,,99,,,,,,,,,
6435894337,01/04/2012,WC1A 9NL,3,N,1,18/03/2023,,,,G85023,PZ999,10/06/2025,160.69,60.6,10/06/2025,50.0,1,10/06/2025,4,,4,96,55,10/06/2025,,,,,,,,,,,,,,,,,,,,,,,,,,,
6435894337,01/04/2012,WC1A 9NL,3,N,1,18/03/2023,,,,G85023,PZ999,05/06/2025,,,,,,,,,,,,,,,,,,,,,,,,,,,,,,2,,,,,,,,,
6435894337,01/04/2012,WC1A 9NL,3,N,1,18/03/2023,,,,G85023,PZ999,15/05/2025,165.11,40.86,15/05/2025,49.0,1,15/05/2025,5,,4,100,57,15/05/2025,,,,,,,,,,,,,,,,,,,,,,,,,,,
6435894337,01/04/2012,WC1A 9NL,3,N,1,18/03/2023,,,,G85023,PZ999,08/06/2025,,,,,,,,,,,,,,,,,,,,,,,,,,,,,,1,08/06/2025,,,,,,,,
6435894337,01/04/2012,WC1A 9NL,3,N,1,18/03/2023,,,,G85023,PZ999,10/09/2025,,,,,,,,,,,,,,,,,,,,,,,,,,,,,,1,10/09/2025,,,,,,,,
6435894337,01/04/2012,WC1A 9NL,3,N,1,18/03/2023,,,,G85023,PZ999,24/08/2025,,,,,,,,,,,,,,,,,,,,,,,,,,,,,,,,,,,24/08/2025,24/08/2025,6,,test admission description
6435894337,01/04/2012,WC1A 9NL,3,N,1,18/03/2023,,,,G85023,PZ999,21/07/2025,,,,,,,,,,,,,,,,,,,,,,,,,21/07/2025,1,,,,,,,,,,,,,
6435894337,01/04/2012,WC1A 9NL,3,N,1,18/03/2023,,,,G85023,PZ999,07/08/2025,165.25,62.0,07/08/2025,56.0,1,07/08/2025,4,,4,103,55,07/08/2025,,,,,,,,,,,,,,,,,,,,,,,,,,,
6435894337,01/04/2012,WC1A 9NL,3,N,1,18/03/2023,,,,G85023,PZ999,08/12/2025,,,,,,,,,,,,,08/12/2025,08/12/2025,1,148.0,08/12/2025,3,4.29,08/12/2025,08/12/2025,2,08/12/2025,99,,,99,,08/12/2025,,,99,08/12/2025,08/12/2025,,,,,
6435894337,01/04/2012,WC1A 9NL,3,N,1,18/03/2023,,,,G85023,PZ999,28/10/2025,155.52,43.39,28/10/2025,49.0,1,28/10/2025,5,,5,100,52,28/10/2025,,,,,,,,,,,,,,,,,,,,,,,,,,,
6435894337,01/04/2012,WC1A 9NL,3,N,1,18/03/2023,,,,G85023,PZ999,30/11/2025,,,,,,,,,,,,,,,,,,,,,,,,,,,,,,1,30/11/2025,,,,,,,,
6435894337,01/04/2012,WC1A 9NL,3,N,1,18/03/2023,,,,G85023,PZ999,21/12/2025,169.33,53.12,21/12/2025,55.0,1,21/12/2025,1,,2,102,55,21/12/2025,,,,,,,,,,,,,,,,,,,,,,,,,,,
6435894337,01/04/2012,WC1A 9NL,3,N,1,18/03/2023,,,,G85023,PZ999,08/01/2026,162.02,52.72,08/01/2026,57.0,1,08/01/2026,3,2,3,104,52,08/01/2026,,,,,,,,,,,,,,,,,,,,,,,,,,,
6435894337,01/04/2012,WC1A 9NL,3,N,1,18/03/2023,,,,G85023,PZ999,21/01/2026,,,,,,,,,,,,,,,,,,,,,,,,,,,,,,99,,,,,,,,,
6435894337,01/04/2012,WC1A 9NL,3,N,1,18/03/2023,,,,G85023,PZ999,13/01/2026,166.04,46.75,13/01/2026,49.0,1,13/01/2026,1,,3,98,60,13/01/2026,,,,,,,,,,,,,,,,,,,,,,,,,,,
6435894337,01/04/2012,WC1A 9NL,3,N,1,18/03/2023,,,,G85023,PZ999,14/01/2026,,,,,,,,,,,,,,,,,,,,,,,,,,,,,,1,14/01/2026,,,,,,,,
7887576008,01/04/2013,WC1A 9TT,99,S,1,17/07/2018,,,,G85023,PZ999,21/05/2025,163.05,46.52,21/05/2025,55.0,1,21/05/2025,6,4,5,98,57,21/05/2025,,,,,,,,,,,,,,,,,,,,,,,,,,,
7887576008,01/04/2013,WC1A 9TT,99,S,1,17/07/2018,,,,G85023,PZ999,10/06/2025,,,,,,,,,,,,,,,,,,,,,,,,,,,,,,2,,,,,,,,,
7887576008,01/04/2013,WC1A 9TT,99,S,1,17/07/2018,,,,G85023,PZ999,10/04/2025,153.54,54.42,10/04/2025,51.0,1,10/04/2025,3,2,5,95,56,10/04/2025,,,,,,,,,,,,,,,,,,,,,,,,,,,
7887576008,01/04/2013,WC1A 9TT,99,S,1,17/07/2018,,,,G85023,PZ999,27/05/2025,,,,,,,,,,,,,,,,,,,,,,,,,,,,,,99,,,,,,,,,
7887576008,01/04/2013,WC1A 9TT,99,S,1,17/07/2018,,,,G85023,PZ999,31/07/2025,,,,,,,,,,,,,,,,,,,,,,,,,,,,,,2,,,,,,,,,
7887576008,01/04/2013,WC1A 9TT,99,S,1,17/07/2018,,,,G85023,PZ999,01/08/2025,,,,,,,,,,,,,,,,,,,,,,,,,,,,,,,,,,,01/08/2025,01/08/2025,3,,
7887576008,01/04/2013,WC1A 9TT,99,S,1,17/07/2018,,,,G85023,PZ999,30/08/2025,,,,,,,,,,,,,,,,,,,,,,,,,30/08/2025,1,,,,,,,,,,,,,
7887576008,01/04/2013,WC1A 9TT,99,S,1,17/07/2018,,,,G85023,PZ999,24/07/2025,151.89,46.75,24/07/2025,53.0,1,24/07/2025,6,1,99,95,50,24/07/2025,,,,,,,,,,,,,,,,,,,,,,,,,,,
7887576008,01/04/2013,WC1A 9TT,99,S,1,17/07/2018,,,,G85023,PZ999,01/10/2025,,,,,,,,,,,,,01/10/2025,01/10/2025,1,222.0,01/10/2025,1,2.5,01/10/2025,01/10/2025,2,01/10/2025,99,,,99,,01/10/2025,,,1,01/10/2025,01/10/2025,,,,,
7887576008,01/04/2013,WC1A 9TT,99,S,1,17/07/2018,,,,G85023,PZ999,30/10/2025,160.75,46.89,30/10/2025,49.0,1,30/10/2025,2,,5,100,56,30/10/2025,,,,,,,,,,,,,,,,,,,,,,,,,,,
7887576008,01/04/2013,WC1A 9TT,99,S,1,17/07/2018,,,,G85023,PZ999,25/12/2025,,,,,,,,,,,,,,,,,,,,,,,,,,,,,,1,25/12/2025,,,,,,,,
7887576008,01/04/2013,WC1A 9TT,99,S,1,17/07/2018,,,,G85023,PZ999,05/10/2025,164.7,52.11,05/10/2025,53.0,1,05/10/2025,6,4,3,98,52,05/10/2025,,,,,,,,,,,,,,,,,,,,,,,,,,,
7887576008,01/04/2013,WC1A 9TT,99,S,1,17/07/2018,,,,G85023,PZ999,04/02/2026,153.55,42.79,04/02/2026,57.0,1,04/02/2026,5,,2,95,54,04/02/2026,,,,,,,,,,,,,,,,,,,,,,,,,,,
7887576008,01/04/2013,WC1A 9TT,99,S,1,17/07/2018,,,,G85023,PZ999,18/02/2026,,,,,,,,,,,,,,,,,,,,,,,,,,,,,,99,,,,,,,,,
7887576008,01/04/2013,WC1A 9TT,99,S,1,17/07/2018,,,,G85023,PZ999,03/02/2026,169.84,47.81,03/02/2026,51.0,1,03/02/2026,4,,5,98,59,03/02/2026,,,,,,,,,,,,,,,,,,,,,,,,,,,
7887576008,01/04/2013,WC1A 9TT,99,S,1,17/07/2018,,,,G85023,PZ999,17/02/2026,,,,,,,,,,,,,,,,,,,,,,,,,,,,,,1,17/02/2026,,,,,,,,
4015996569,01/04/2012,WC1A 1YT,2,S,1,11/08/2014,,,,G85023,PZ999,10/04/2025,166.05,51.89,10/04/2025,58.0,1,10/04/2025,2,,3,97,52,10/04/2025,,,,,,,,,,,,,,,,,,,,,,,,,,,
4015996569,01/04/2012,WC1A 1YT,2,S,1,11/08/2014,,,,G85023,PZ999,03/06/2025,,,,,,,,,,,,,,,,,,,,,,,,,,,,,,99,,,,,,,,,
4015996569,01/04/2012,WC1A 1YT,2,S,1,11/08/2014,,,,G85023,PZ999,16/05/2025,156.99,52.08,16/05/2025,48.0,1,16/05/2025,5,,1,104,60,16/05/2025,,,,,,,,,,,,,,,,,,,,,,,,,,,
4015996569,01/04/2012,WC1A 1YT,2,S,1,11/08/2014,,,,G85023,PZ999,18/04/2025,,,,,,,,,,,,,,,,,,,,,,,,,,,,,,1,18/04/2025,,,,,,,,
4015996569,01/04/2012,WC1A 1YT,2,S,1,11/08/2014,,,,G85023,PZ999,10/07/2025,,,,,,,,,,,,,,,,,,,,,,,,,,,,,,1,10/07/2025,,,,,,,,
4015996569,01/04/2012,WC1A 1YT,2,S,1,11/08/2014,,,,G85023,PZ999,22/07/2025,,,,,,,,,,,,,,,,,,,,,,,,,,,,,,,,,,,22/07/2025,22/07/2025,5,,
4015996569,01/04/2012,WC1A 1YT,2,S,1,11/08/2014,,,,G85023,PZ999,16/07/2025,,,,,,,,,,,,,,,,,,,,,,,,,16/07/2025,1,,,,,,,,,,,,,
4015996569,01/04/2012,WC1A 1YT,2,S,1,11/08/2014,,,,G85023,PZ999,09/09/2025,154.09,52.28,09/09/2025,51.0,1,09/09/2025,3,2,99,102,56,09/09/2025,,,,,,,,,,,,,,,,,,,,,,,,,,,
4015996569,01/04/2012,WC1A 1YT,2,S,1,11/08/2014,,,,G85023,PZ999,26/10/2025,,,,,,,,,,,,,26/10/2025,26/10/2025,99,253.0,26/10/2025,99,6.98,26/10/2025,26/10/2025,99,26/10/2025,2,,,2,26/10/2025,26/10/2025,,,2,26/10/2025,26/10/2025,,,,,
4015996569,01/04/2012,WC1A 1YT,2,S,1,11/08/2014,,,,G85023,PZ999,18/10/2025,158.88,49.2,18/10/2025,49.0,1,18/10/2025,5,,3,101,59,18/10/2025,,,,,,,,,,,,,,,,,,,,,,,,,,,
4015996569,01/04/2012,WC1A 1YT,2,S,1,11/08/2014,,,,G85023,PZ999,18/11/2025,,,,,,,,,,,,,,,,,,,,,,,,,,,,,,99,,,,,,,,,
4015996569,01/04/2012,WC1A 1YT,2,S,1,11/08/2014,,,,G85023,PZ999,02/10/2025,153.37,56.55,02/10/2025,55.0,1,02/10/2025,2,,2,98,60,02/10/2025,,,,,,,,,,,,,,,,,,,,,,,,,,,
4015996569,01/04/2012,WC1A 1YT,2,S,1,11/08/2014,,,,G85023,PZ999,28/03/2026,167.43,51.0,28/03/2026,53.0,1,28/03/2026,3,2,4,95,54,28/03/2026,,,,,,,,,,,,,,,,,,,,,,,,,,,
4015996569,01/04/2012,WC1A 1YT,2,S,1,11/08/2014,,,,G85023,PZ999,13/01/2026,,,,,,,,,,,,,,,,,,,,,,,,,,,,,,1,13/01/2026,,,,,,,,
4015996569,01/04/2012,WC1A 1YT,2,S,1,11/08/2014,,,,G85023,PZ999,27/02/2026,162.41,61.61,27/02/2026,52.0,1,27/02/2026,3,1,99,98,59,27/02/2026,,,,,,,,,,,,,,,,,,,,,,,,,,,
4015996569,01/04/2012,WC1A 1YT,2,S,1,11/08/2014,,,,G85023,PZ999,24/01/2026,,,,,,,,,,,,,,,,,,,,,,,,,,,,,,2,,,,,,,,,
6265624741,01/04/2010,WC1A 2JU,3,G,1,28/01/2019,,,,G85023,PZ999,11/04/2025,159.14,67.75,11/04/2025,58.0,1,11/04/2025,3,1,99,99,56,11/04/2025,,,,,,,,,,,,,,,,,,,,,,,,,,,
6265624741,01/04/2010,WC1A 2JU,3,G,1,28/01/2019,,,,G85023,PZ999,16/04/2025,,,,,,,,,,,,,,,,,,,,,,,,,,,,,,1,16/04/2025,,,,,,,,
6265624741,01/04/2010,WC1A 2JU,3,G,1,28/01/2019,,,,G85023,PZ999,17/04/2025,155.96,62.46,17/04/2025,48.0,1,17/04/2025,6,1,1,101,53,17/04/2025,,,,,,,,,,,,,,,,,,,,,,,,,,,
6265624741,01/04/2010,WC1A 2JU,3,G,1,28/01/2019,,,,G85023,PZ999,05/05/2025,,,,,,,,,,,,,,,,,,,,,,,,,,,,,,2,,,,,,,,,
6265624741,01/04/2010,WC1A 2JU,3,G,1,28/01/2019,,,,G85023,PZ999,19/07/2025,,,,,,,,,,,,,,,,,,,,,,,,,,,,,,99,,,,,,,,,
6265624741,01/04/2010,WC1A 2JU,3,G,1,28/01/2019,,,,G85023,PZ999,28/09/2025,,,,,,,,,,,,,,,,,,,,,,,,,,,,,,,,,,,28/09/2025,28/09/2025,3,,
6265624741,01/04/2010,WC1A 2JU,3,G,1,28/01/2019,,,,G85023,PZ999,10/09/2025,,,,,,,,,,,,,,,,,,,,,,,,,10/09/2025,99,,,,,,,,,,,,,
6265624741,01/04/2010,WC1A 2JU,3,G,1,28/01/2019,,,,G85023,PZ999,22/07/2025,153.66,44.12,22/07/2025,50.0,1,22/07/2025,5,,3,100,50,22/07/2025,,,,,,,,,,,,,,,,,,,,,,,,,,,
6265624741,01/04/2010,WC1A 2JU,3,G,1,28/01/2019,,,,G85023,PZ999,03/11/2025,,,,,,,,,,,,,03/11/2025,03/11/2025,1,153.0,03/11/2025,2,3.77,03/11/2025,03/11/2025,1,03/11/2025,1,,,99,,03/11/2025,,,1,03/11/2025,03/11/2025,,,,,
6265624741,01/04/2010,WC1A 2JU,3,G,1,28/01/2019,,,,G85023,PZ999,26/12/2025,155.5,56.3,26/12/2025,53.0,1,26/12/2025,6,3,3,98,54,26/12/2025,,,,,,,,,,,,,,,,,,,,,,,,,,,
6265624741,01/04/2010,WC1A 2JU,3,G,1,28/01/2019,,,,G85023,PZ999,26/10/2025,,,,,,,,,,,,,,,,,,,,,,,,,,,,,,99,,,,,,,,,
6265624741,01/04/2010,WC1A 2JU,3,G,1,28/01/2019,,,,G85023,PZ999,14/11/2025,160.66,64.85,14/11/2025,48.0,1,14/11/2025,1,,1,105,60,14/11/2025,,,,,,,,,,,,,,,,,,,,,,,,,,,
6265624741,01/04/2010,WC1A 2JU,3,G,1,28/01/2019,,,,G85023,PZ999,16/02/2026,156.47,57.25,16/02/2026,53.0,1,16/02/2026,2,,3,95,58,16/02/2026,,,,,,,,,,,,,,,,,,,,,,,,,,,
6265624741,01/04/2010,WC1A 2JU,3,G,1,28/01/2019,,,,G85023,PZ999,05/02/2026,,,,,,,,,,,,,,,,,,,,,,,,,,,,,,2,,,,,,,,,
6265624741,01/04/2010,WC1A 2JU,3,G,1,28/01/2019,,,,G85023,PZ999,21/01/2026,152.45,44.08,21/01/2026,48.0,1,21/01/2026,4,,4,100,52,21/01/2026,,,,,,,,,,,,,,,,,,,,,,,,,,,
6265624741,01/04/2010,WC1A 2JU,3,G,1,28/01/2019,,,,G85023,PZ999,15/01/2026,,,,,,,,,,,,,,,,,,,,,,,,,,,,,,1,15/01/2026,,,,,,,,
4161595875,01/04/2012,WC1A 2AJ,1,99,1,06/07/2015,,,,G85023,PZ999,09/06/2025,152.48,45.45,09/06/2025,52.0,1,09/06/2025,6,3,5,99,54,09/06/2025,,,,,,,,,,,,,,,,,,,,,,,,,,,
4161595875,01/04/2012,WC1A 2AJ,1,99,1,06/07/2015,,,,G85023,PZ999,14/05/2025,,,,,,,,,,,,,,,,,,,,,,,,,,,,,,99,,,,,,,,,
4161595875,01/04/2012,WC1A 2AJ,1,99,1,06/07/2015,,,,G85023,PZ999,30/04/2025,162.77,54.28,30/04/2025,54.0,1,30/04/2025,5,,4,105,60,30/04/2025,,,,,,,,,,,,,,,,,,,,,,,,,,,
4161595875,01/04/2012,WC1A 2AJ,1,99,1,06/07/2015,,,,G85023,PZ999,14/04/2025,,,,,,,,,,,,,,,,,,,,,,,,,,,,,,2,,,,,,,,,
4161595875,01/04/2012,WC1A 2AJ,1,99,1,06/07/2015,,,,G85023,PZ999,18/07/2025,,,,,,,,,,,,,,,,,,,,,,,,,,,,,,1,18/07/2025,,,,,,,,
4161595875,01/04/2012,WC1A 2AJ,1,99,1,06/07/2015,,,,G85023,PZ999,28/08/2025,,,,,,,,,,,,,,,,,,,,,,,,,,,,,,,,,,,28/08/2025,28/08/2025,6,,test admission description
4161595875,01/04/2012,WC1A 2AJ,1,99,1,06/07/2015,,,,G85023,PZ999,19/09/2025,,,,,,,,,,,,,,,,,,,,,,,,,19/09/2025,99,,,,,,,,,,,,,
4161595875,01/04/2012,WC1A 2AJ,1,99,1,06/07/2015,,,,G85023,PZ999,22/08/2025,158.94,59.66,22/08/2025,54.0,1,22/08/2025,6,3,5,103,54,22/08/2025,,,,,,,,,,,,,,,,,,,,,,,,,,,
4161595875,01/04/2012,WC1A 2AJ,1,99,1,06/07/2015,,,,G85023,PZ999,04/11/2025,,,,,,,,,,,,,04/11/2025,04/11/2025,1,103.0,04/11/2025,1,3.05,04/11/2025,04/11/2025,3,04/11/2025,99,,,2,04/11/2025,04/11/2025,,,99,04/11/2025,04/11/2025,,,,,
4161595875,01/04/2012,WC1A 2AJ,1,99,1,06/07/2015,,,,G85023,PZ999,27/12/2025,151.51,66.04,27/12/2025,57.0,1,27/12/2025,6,4,4,100,51,27/12/2025,,,,,,,,,,,,,,,,,,,,,,,,,,,
4161595875,01/04/2012,WC1A 2AJ,1,99,1,06/07/2015,,,,G85023,PZ999,25/10/2025,,,,,,,,,,,,,,,,,,,,,,,,,,,,,,2,,,,,,,,,
4161595875,01/04/2012,WC1A 2AJ,1,99,1,06/07/2015,,,,G85023,PZ999,13/11/2025,161.49,68.69,13/11/2025,51.0,1,13/11/2025,2,,3,104,52,13/11/2025,,,,,,,,,,,,,,,,,,,,,,,,,,,
4161595875,01/04/2012,WC1A 2AJ,1,99,1,06/07/2015,,,,G85023,PZ999,30/01/2026,163.04,62.94,30/01/2026,58.0,1,30/01/2026,2,,99,96,60,30/01/2026,,,,,,,,,,,,,,,,,,,,,,,,,,,
4161595875,01/04/2012,WC1A 2AJ,1,99,1,06/07/2015,,,,G85023,PZ999,09/02/2026,,,,,,,,,,,,,,,,,,,,,,,,,,,,,,2,,,,,,,,,
4161595875,01/04/2012,WC1A 2AJ,1,99,1,06/07/2015,,,,G85023,PZ999,30/03/2026,155.83,47.32,30/03/2026,56.0,1,30/03/2026,2,,5,97,58,30/03/2026,,,,,,,,,,,,,,,,,,,,,,,,,,,
4161595875,01/04/2012,WC1A 2AJ,1,99,1,06/07/2015,,,,G85023,PZ999,16/01/2026,,,,,,,,,,,,,,,,,,,,,,,,,,,,,,2,,,,,,,,,
4334106080,01/04/2010,WC1A 1ES,99,C,1,31/10/2021,,,,G85023,PZ999,12/06/2025,163.95,56.12,12/06/2025,50.0,1,12/06/2025,6,3,4,101,55,12/06/2025,,,,,,,,,,,,,,,,,,,,,,,,,,,
4334106080,01/04/2010,WC1A 1ES,99,C,1,31/10/2021,,,,G85023,PZ999,28/06/2025,,,,,,,,,,,,,,,,,,,,,,,,,,,,,,2,,,,,,,,,
4334106080,01/04/2010,WC1A 1ES,99,C,1,31/10/2021,,,,G85023,PZ999,28/04/2025,154.12,48.53,28/04/2025,57.0,1,28/04/2025,4,,2,100,54,28/04/2025,,,,,,,,,,,,,,,,,,,,,,,,,,,
4334106080,01/04/2010,WC1A 1ES,99,C,1,31/10/2021,,,,G85023,PZ999,12/05/2025,,,,,,,,,,,,,,,,,,,,,,,,,,,,,,1,12/05/2025,,,,,,,,
4334106080,01/04/2010,WC1A 1ES,99,C,1,31/10/2021,,,,G85023,PZ999,15/08/2025,,,,,,,,,,,,,,,,,,,,,,,,,,,,,,1,15/08/2025,,,,,,,,
4334106080,01/04/2010,WC1A 1ES,99,C,1,31/10/2021,,,,G85023,PZ999,01/07/2025,,,,,,,,,,,,,,,,,,,,,,,,,,,,,,,,,,,01/07/2025,01/07/2025,5,,
4334106080,01/04/2010,WC1A 1ES,99,C,1,31/10/2021,,,,G85023,PZ999,09/09/2025,,,,,,,,,,,,,,,,,,,,,,,,,09/09/2025,2,,,,,,,,,,,,,
4334106080,01/04/2010,WC1A 1ES,99,C,1,31/10/2021,,,,G85023,PZ999,09/07/2025,168.34,43.2,09/07/2025,57.0,1,09/07/2025,5,,2,97,59,09/07/2025,,,,,,,,,,,,,,,,,,,,,,,,,,,
4334106080,01/04/2010,WC1A 1ES,99,C,1,31/10/2021,,,,G85023,PZ999,16/12/2025,,,,,,,,,,,,,16/12/2025,16/12/2025,99,281.0,16/12/2025,1,4.93,16/12/2025,16/12/2025,99,16/12/2025,99,,,2,16/12/2025,16/12/2025,,,2,16/12/2025,16/12/2025,,,,,
4334106080,01/04/2010,WC1A 1ES,99,C,1,31/10/2021,,,,G85023,PZ999,19/10/2025,164.79,43.3,19/10/2025,50.0,1,19/10/2025,6,1,4,95,52,19/10/2025,,,,,,,,,,,,,,,,,,,,,,,,,,,
4334106080,01/04/2010,WC1A 1ES,99,C,1,31/10/2021,,,,G85023,PZ999,19/10/2025,,,,,,,,,,,,,,,,,,,,,,,,,,,,,,99,,,,,,,,,
4334106080,01/04/2010,WC1A 1ES,99,C,1,31/10/2021,,,,G85023,PZ999,03/11/2025,155.23,62.96,03/11/2025,54.0,1,03/11/2025,6,3,4,105,52,03/11/2025,,,,,,,,,,,,,,,,,,,,,,,,,,,
4334106080,01/04/2010,WC1A 1ES,99,C,1,31/10/2021,,,,G85023,PZ999,16/02/2026,169.61,64.0,16/02/2026,57.0,1,16/02/2026,4,,5,95,52,16/02/2026,,,,,,,,,,,,,,,,,,,,,,,,,,,
4334106080,01/04/2010,WC1A 1ES,99,C,1,31/10/2021,,,,G85023,PZ999,20/02/2026,,,,,,,,,,,,,,,,,,,,,,,,,,,,,,1,20/02/2026,,,,,,,,
4334106080,01/04/2010,WC1A 1ES,99,C,1,31/10/2021,,,,G85023,PZ999,29/01/2026,164.26,42.6,29/01/2026,58.0,1,29/01/2026,1,,99,97,55,29/01/2026,,,,,,,,,,,,,,,,,,,,,,,,,,,
4334106080,01/04/2010,WC1A 1ES,99,C,1,31/10/2021,,,,G85023,PZ999,23/03/2026,,,,,,,,,,,,,,,,,,,,,,,,,,,,,,2,,,,,,,,,
7088014726,01/04/2013,WC1A 9NL,3,E,1,06/05/2024,,,,G85023,PZ999,02/06/2025,166.91,42.42,02/06/2025,54.0,1,02/06/2025,2,,99,96,57,02/06/2025,,,,,,,,,,,,,,,,,,,,,,,,,,,
7088014726,01/04/2013,WC1A 9NL,3,E,1,06/05/2024,,,,G85023,PZ999,28/06/2025,,,,,,,,,,,,,,,,,,,,,,,,,,,,,,1,28/06/2025,,,,,,,,
7088014726,01/04/2013,WC1A 9NL,3,E,1,06/05/2024,,,,G85023,PZ999,20/04/2025,154.7,45.36,20/04/2025,52.0,1,20/04/2025,2,,5,102,56,20/04/2025,,,,,,,,,,,,,,,,,,,,,,,,,,,
7088014726,01/04/2013,WC1A 9NL,3,E,1,06/05/2024,,,,G85023,PZ999,19/06/2025,,,,,,,,,,,,,,,,,,,,,,,,,,,,,,2,,,,,,,,,
7088014726,01/04/2013,WC1A 9NL,3,E,1,06/05/2024,,,,G85023,PZ999,31/08/2025,,,,,,,,,,,,,,,,,,,,,,,,,,,,,,1,31/08/2025,,,,,,,,
7088014726,01/04/2013,WC1A 9NL,3,E,1,06/05/2024,,,,G85023,PZ999,02/09/2025,,,,,,,,,,,,,,,,,,,,,,,,,,,,,,,,,,,02/09/2025,02/09/2025,5,,
7088014726,01/04/2013,WC1A 9NL,3,E,1,06/05/2024,,,,G85023,PZ999,22/09/2025,,,,,,,,,,,,,,,,,,,,,,,,,22/09/2025,1,,,,,,,,,,,,,
7088014726,01/04/2013,WC1A 9NL,3,E,1,06/05/2024,,,,G85023,PZ999,30/07/2025,157.01,52.17,30/07/2025,56.0,1,30/07/2025,4,,2,103,52,30/07/2025,,,,,,,,,,,,,,,,,,,,,,,,,,,
7088014726,01/04/2013,WC1A 9NL,3,E,1,06/05/2024,,,,G85023,PZ999,06/10/2025,,,,,,,,,,,,,06/10/2025,06/10/2025,1,134.0,06/10/2025,1,6.67,06/10/2025,06/10/2025,99,06/10/2025,2,,,2,06/10/2025,06/10/2025,,,1,06/10/2025,06/10/2025,,,,,
7088014726,01/04/2013,WC1A 9NL,3,E,1,06/05/2024,,,,G85023,PZ999,02/11/2025,162.93,56.9,02/11/2025,48.0,1,02/11/2025,6,4,3,104,55,02/11/2025,,,,,,,,,,,,,,,,,,,,,,,,,,,
7088014726,01/04/2013,WC1A 9NL,3,E,1,06/05/2024,,,,G85023,PZ999,01/12/2025,,,,,,,,,,,,,,,,,,,,,,,,,,,,,,2,,,,,,,,,
7088014726,01/04/2013,WC1A 9NL,3,E,1,06/05/2024,,,,G85023,PZ999,10/10/2025,163.51,69.66,10/10/2025,56.0,1,10/10/2025,1,,4,102,56,10/10/2025,,,,,,,,,,,,,,,,,,,,,,,,,,,
7088014726,01/04/2013,WC1A 9NL,3,E,1,06/05/2024,,,,G85023,PZ999,06/02/2026,154.51,54.68,06/02/2026,56.0,1,06/02/2026,1,,99,99,52,06/02/2026,,,,,,,,,,,,,,,,,,,,,,,,,,,
7088014726,01/04/2013,WC1A 9NL,3,E,1,06/05/2024,,,,G85023,PZ999,25/01/2026,,,,,,,,,,,,,,,,,,,,,,,,,,,,,,99,,,,,,,,,
7088014726,01/04/2013,WC1A 9NL,3,E,1,06/05/2024,,,,G85023,PZ999,25/01/2026,168.95,64.5,25/01/2026,54.0,1,25/01/2026,4,,5,97,51,25/01/2026,,,,,,,,,,,,,,,,,,,,,,,,,,,
7088014726,01/04/2013,WC1A 9NL,3,E,1,06/05/2024,,,,G85023,PZ999,23/01/2026,,,,,,,,,,,,,,,,,,,,,,,,,,,,,,2,,,,,,,,,
7858789554,01/04/2010,WC1A 9QN,1,R,1,03/05/2015,,,,G85023,PZ999,07/04/2025,151.69,58.76,07/04/2025,53.0,1,07/04/2025,5,,5,101,51,07/04/2025,,,,,,,,,,,,,,,,,,,,,,,,,,,
7858789554,01/04/2010,WC1A 9QN,1,R,1,03/05/2015,,,,G85023,PZ999,03/05/2025,,,,,,,,,,,,,,,,,,,,,,,,,,,,,,99,,,,,,,,,
7858789554,01/04/2010,WC1A 9QN,1,R,1,03/05/2015,,,,G85023,PZ999,10/06/2025,165.32,51.71,10/06/2025,58.0,1,10/06/2025,4,,5,104,55,10/06/2025,,,,,,,,,,,,,,,,,,,,,,,,,,,
7858789554,01/04/2010,WC1A 9QN,1,R,1,03/05/2015,,,,G85023,PZ999,30/04/2025,,,,,,,,,,,,,,,,,,,,,,,,,,,,,,2,,,,,,,,,
7858789554,01/04/2010,WC1A 9QN,1,R,1,03/05/2015,,,,G85023,PZ999,01/09/2025,,,,,,,,,,,,,,,,,,,,,,,,,,,,,,99,,,,,,,,,
7858789554,01/04/2010,WC1A 9QN,1,R,1,03/05/2015,,,,G85023,PZ999,03/08/2025,,,,,,,,,,,,,,,,,,,,,,,,,,,,,,,,,,,03/08/2025,03/08/2025,5,,
7858789554,01/04/2010,WC1A 9QN,1,R,1,03/05/2015,,,,G85023,PZ999,01/09/2025,,,,,,,,,,,,,,,,,,,,,,,,,01/09/2025,1,,,,,,,,,,,,,
7858789554,01/04/2010,WC1A 9QN,1,R,1,03/05/2015,,,,G85023,PZ999,27/07/2025,155.45,55.0,27/07/2025,55.0,1,27/07/2025,5,,99,98,58,27/07/2025,,,,,,,,,,,,,,,,,,,,,,,,,,,
7858789554,01/04/2010,WC1A 9QN,1,R,1,03/05/2015,,,,G85023,PZ999,13/10/2025,,,,,,,,,,,,,13/10/2025,13/10/2025,99,107.0,13/10/2025,99,6.64,13/10/2025,13/10/2025,1,13/10/2025,2,,,99,,13/10/2025,,,99,13/10/2025,13/10/2025,,,,,
7858789554,01/04/2010,WC1A 9QN,1,R,1,03/05/2015,,,,G85023,PZ999,04/12/2025,167.41,63.32,04/12/2025,57.0,1,04/12/2025,1,,2,104,53,04/12/2025,,,,,,,,,,,,,,,,,,,,,,,,,,,
7858789554,01/04/2010,WC1A 9QN,1,R,1,03/05/2015,,,,G85023,PZ999,21/11/2025,,,,,,,,,,,,,,,,,,,,,,,,,,,,,,2,,,,,,,,,
7858789554,01/04/2010,WC1A 9QN,1,R,1,03/05/2015,,,,G85023,PZ999,21/12/2025,156.65,52.79,21/12/2025,56.0,1,21/12/2025,5,,99,105,55,21/12/2025,,,,,,,,,,,,,,,,,,,,,,,,,,,
7858789554,01/04/2010,WC1A 9QN,1,R,1,03/05/2015,,,,G85023,PZ999,01/03/2026,151.18,48.24,01/03/2026,50.0,1,01/03/2026,2,,2,98,55,01/03/2026,,,,,,,,,,,,,,,,,,,,,,,,,,,
7858789554,01/04/2010,WC1A 9QN,1,R,1,03/05/2015,,,,G85023,PZ999,05/03/2026,,,,,,,,,,,,,,,,,,,,,,,,,,,,,,1,05/03/2026,,,,,,,,
7858789554,01/04/2010,WC1A 9QN,1,R,1,03/05/2015,,,,G85023,PZ999,12/01/2026,152.92,52.49,12/01/2026,51.0,1,12/01/2026,6,4,3,97,52,12/01/2026,,,,,,,,,,,,,,,,,,,,,,,,,,,
7858789554,01/04/2010,WC1A 9QN,1,R,1,03/05/2015,,,,G85023,PZ999,26/01/2026,,,,,,,,,,,,,,,,,,,,,,,,,,,,,,99,,,,,,,,,
4348405247,01/04/2014,WC1A 1ES,2,P,1,13/06/2018,,,,G85023,PZ999,27/04/2025,156.67,62.5,27/04/2025,51.0,1,27/04/2025,1,,2,99,56,27/04/2025,,,,,,,,,,,,,,,,,,,,,,,,,,,
4348405247,01/04/2014,WC1A 1ES,2,P,1,13/06/2018,,,,G85023,PZ999,22/04/2025,,,,,,,,,,,,,,,,,,,,,,,,,,,,,,1,22/04/2025,,,,,,,,
4348405247,01/04/2014,WC1A 1ES,2,P,1,13/06/2018,,,,G85023,PZ999,22/04/2025,164.59,44.11,22/04/2025,57.0,1,22/04/2025,5,,5,98,54,22/04/2025,,,,,,,,,,,,,,,,,,,,,,,,,,,
4348405247,01/04/2014,WC1A 1ES,2,P,1,13/06/2018,,,,G85023,PZ999,18/06/2025,,,,,,,,,,,,,,,,,,,,,,,,,,,,,,2,,,,,,,,,
4348405247,01/04/2014,WC1A 1ES,2,P,1,13/06/2018,,,,G85023,PZ999,18/08/2025,,,,,,,,,,,,,,,,,,,,,,,,,,,,,,1,18/08/2025,,,,,,,,
4348405247,01/04/2014,WC1A 1ES,2,P,1,13/06/2018,,,,G85023,PZ999,08/09/2025,,,,,,,,,,,,,,,,,,,,,,,,,,,,,,,,,,,08/09/2025,08/09/2025,4,,
4348405247,01/04/2014,WC1A 1ES,2,P,1,13/06/2018,,,,G85023,PZ999,26/09/2025,,,,,,,,,,,,,,,,,,,,,,,,,26/09/2025,99,,,,,,,,,,,,,
4348405247,01/04/2014,WC1A 1ES,2,P,1,13/06/2018,,,,G85023,PZ999,12/08/2025,163.63,44.51,12/08/2025,54.0,1,12/08/2025,3,4,1,98,50,12/08/2025,,,,,,,,,,,,,,,,,,,,,,,,,,,
4348405247,01/04/2014,WC1A 1ES,2,P,1,13/06/2018,,,,G85023,PZ999,24/12/2025,,,,,,,,,,,,,24/12/2025,24/12/2025,2,282.0,24/12/2025,99,5.3,24/12/2025,24/12/2025,99,24/12/2025,99,,,99,,24/12/2025,,,99,24/12/2025,24/12/2025,,,,,
4348405247,01/04/2014,WC1A 1ES,2,P,1,13/06/2018,,,,G85023,PZ999,08/12/2025,167.37,49.06,08/12/2025,50.0,1,08/12/2025,1,,1,102,56,08/12/2025,,,,,,,,,,,,,,,,,,,,,,,,,,,
4348405247,01/04/2014,WC1A 1ES,2,P,1,13/06/2018,,,,G85023,PZ999,03/12/2025,,,,,,,,,,,,,,,,,,,,,,,,,,,,,,2,,,,,,,,,
4348405247,01/04/2014,WC1A 1ES,2,P,1,13/06/2018,,,,G85023,PZ999,20/12/2025,160.16,68.63,20/12/2025,52.0,1,20/12/2025,6,4,5,104,56,20/12/2025,,,,,,,,,,,,,,,,,,,,,,,,,,,
4348405247,01/04/2014,WC1A 1ES,2,P,1,13/06/2018,,,,G85023,PZ999,05/01/2026,159.29,44.35,05/01/2026,49.0,1,05/01/2026,6,3,3,98,54,05/01/2026,,,,,,,,,,,,,,,,,,,,,,,,,,,
4348405247,01/04/2014,WC1A 1ES,2,P,1,13/06/2018,,,,G85023,PZ999,29/01/2026,,,,,,,,,,,,,,,,,,,,,,,,,,,,,,2,,,,,,,,,
4348405247,01/04/2014,WC1A 1ES,2,P,1,13/06/2018,,,,G85023,PZ999,27/01/2026,157.54,45.9,27/01/2026,57.0,1,27/01/2026,5,,3,105,59,27/01/2026,,,,,,,,,,,,,,,,,,,,,,,,,,,
4348405247,01/04/2014,WC1A 1ES,2,P,1,13/06/2018,,,,G85023,PZ999,04/01/2026,,,,,,,,,,,,,,,,,,,,,,,,,,,,,,1,04/01/2026,,,,,,,,
6616760324,01/04/2010,WC1A 2LP,99,B,1,22/06/2013,,,,G85023,PZ999,04/06/2025,160.8,52.08,04/06/2025,50.0,1,04/06/2025,1,,99,98,50,04/06/2025,,,,,,,,,,,,,,,,,,,,,,,,,,,
6616760324,01/04/2010,WC1A 2LP,99,B,1,22/06/2013,,,,G85023,PZ999,29/04/2025,,,,,,,,,,,,,,,,,,,,,,,,,,,,,,2,,,,,,,,,
6616760324,01/04/2010,WC1A 2LP,99,B,1,22/06/2013,,,,G85023,PZ999,30/05/2025,151.57,66.87,30/05/2025,57.0,1,30/05/2025,4,,5,95,53,30/05/2025,,,,,,,,,,,,,,,,,,,,,,,,,,,
6616760324,01/04/2010,WC1A 2LP,99,B,1,22/06/2013,,,,G85023,PZ999,24/06/2025,,,,,,,,,,,,,,,,,,,,,,,,,,,,,,2,,,,,,,,,
6616760324,01/04/2010,WC1A 2LP,99,B,1,22/06/2013,,,,G85023,PZ999,11/09/2025,,,,,,,,,,,,,,,,,,,,,,,,,,,,,,99,,,,,,,,,
6616760324,01/04/2010,WC1A 2LP,99,B,1,22/06/2013,,,,G85023,PZ999,13/08/2025,,,,,,,,,,,,,,,,,,,,,,,,,,,,,,,,,,,13/08/2025,13/08/2025,3,,
6616760324,01/04/2010,WC1A 2LP,99,B,1,22/06/2013,,,,G85023,PZ999,17/07/2025,,,,,,,,,,,,,,,,,,,,,,,,,17/07/2025,1,,,,,,,,,,,,,
6616760324,01/04/2010,WC1A 2LP,99,B,1,22/06/2013,,,,G85023,PZ999,10/09/2025,159.76,43.51,10/09/2025,57.0,1,10/09/2025,5,,99,96,50,10/09/2025,,,,,,,,,,,,,,,,,,,,,,,,,,,
6616760324,01/04/2010,WC1A 2LP,99,B,1,22/06/2013,,,,G85023,PZ999,15/12/2025,,,,,,,,,,,,,15/12/2025,15/12/2025,2,168.0,15/12/2025,99,4.06,15/12/2025,15/12/2025,1,15/12/2025,2,,,2,15/12/2025,15/12/2025,,,2,15/12/2025,15/12/2025,,,,,
6616760324,01/04/2010,WC1A 2LP,99,B,1,22/06/2013,,,,G85023,PZ999,07/10/2025,168.69,45.55,07/10/2025,56.0,1,07/10/2025,5,,5,95,60,07/10/2025,,,,,,,,,,,,,,,,,,,,,,,,,,,
6616760324,01/04/2010,WC1A 2LP,99,B,1,22/06/2013,,,,G85023,PZ999,12/10/2025,,,,,,,,,,,,,,,,,,,,,,,,,,,,,,99,,,,,,,,,
6616760324,01/04/2010,WC1A 2LP,99,B,1,22/06/2013,,,,G85023,PZ999,28/11/2025,166.94,62.04,28/11/2025,49.0,1,28/11/2025,1,,4,97,52,28/11/2025,,,,,,,,,,,,,,,,,,,,,,,,,,,
6616760324,01/04/2010,WC1A 2LP,99,B,1,22/06/2013,,,,G85023,PZ999,09/02/2026,167.94,67.59,09/02/2026,51.0,1,09/02/2026,3,1,4,95,60,09/02/2026,,,,,,,,,,,,,,,,,,,,,,,,,,,
6616760324,01/04/2010,WC1A 2LP,99,B,1,22/06/2013,,,,G85023,PZ999,15/02/2026,,,,,,,,,,,,,,,,,,,,,,,,,,,,,,99,,,,,,,,,
6616760324,01/04/2010,WC1A 2LP,99,B,1,22/06/2013,,,,G85023,PZ999,17/03/2026,159.52,65.7,17/03/2026,49.0,1,17/03/2026,2,,99,96,52,17/03/2026,,,,,,,,,,,,,,,,,,,,,,,,,,,
6616760324,01/04/2010,WC1A 2LP,99,B,1,22/06/2013,,,,G85023,PZ999,01/01/2026,,,,,,,,,,,,,,,,,,,,,,,,,,,,,,2,,,,,,,,,
4444274387,01/04/2012,WC1A 2BP,2,J,1,12/04/2013,,,,G85023,PZ999,14/05/2025,168.42,66.4,14/05/2025,55.0,1,14/05/2025,6,1,2,100,53,14/05/2025,,,,,,,,,,,,,,,,,,,,,,,,,,,
4444274387,01/04/2012,WC1A 2BP,2,J,1,12/04/2013,,,,G85023,PZ999,21/06/2025,,,,,,,,,,,,,,,,,,,,,,,,,,,,,,99,,,,,,,,,
4444274387,01/04/2012,WC1A 2BP,2,J,1,12/04/2013,,,,G85023,PZ999,29/05/2025,160.97,66.74,29/05/2025,57.0,1,29/05/2025,6,4,4,99,55,29/05/2025,,,,,,,,,,,,,,,,,,,,,,,,,,,
4444274387,01/04/2012,WC1A 2BP,2,J,1,12/04/2013,,,,G85023,PZ999,21/04/2025,,,,,,,,,,,,,,,,,,,,,,,,,,,,,,2,,,,,,,,,
4444274387,01/04/2012,WC1A 2BP,2,J,1,12/04/2013,,,,G85023,PZ999,26/09/2025,,,,,,,,,,,,,,,,,,,,,,,,,,,,,,99,,,,,,,,,
4444274387,01/04/2012,WC1A 2BP,2,J,1,12/04/2013,,,,G85023,PZ999,28/07/2025,,,,,,,,,,,,,,,,,,,,,,,,,,,,,,,,,,,28/07/2025,28/07/2025,2,1,
4444274387,01/04/2012,WC1A 2BP,2,J,1,12/04/2013,,,,G85023,PZ999,26/08/2025,,,,,,,,,,,,,,,,,,,,,,,,,26/08/2025,1,,,,,,,,,,,,,
4444274387,01/04/2012,WC1A 2BP,2,J,1,12/04/2013,,,,G85023,PZ999,22/09/2025,154.34,53.34,22/09/2025,57.0,1,22/09/2025,1,,1,98,56,22/09/2025,,,,,,,,,,,,,,,,,,,,,,,,,,,
4444274387,01/04/2012,WC1A 2BP,2,J,1,12/04/2013,,,,G85023,PZ999,12/12/2025,,,,,,,,,,,,,12/12/2025,12/12/2025,99,242.0,12/12/2025,99,4.42,12/12/2025,12/12/2025,1,12/12/2025,99,,,1,,12/12/2025,,,1,12/12/2025,12/12/2025,,,,,
4444274387,01/04/2012,WC1A 2BP,2,J,1,12/04/2013,,,,G85023,PZ999,02/11/2025,168.84,42.9,02/11/2025,57.0,1,02/11/2025,6,4,4,101,57,02/11/2025,,,,,,,,,,,,,,,,,,,,,,,,,,,
4444274387,01/04/2012,WC1A 2BP,2,J,1,12/04/2013,,,,G85023,PZ999,22/10/2025,,,,,,,,,,,,,,,,,,,,,,,,,,,,,,1,22/10/2025,,,,,,,,
4444274387,01/04/2012,WC1A 2BP,2,J,1,12/04/2013,,,,G85023,PZ999,14/11/2025,161.56,65.3,14/11/2025,57.0,1,14/11/2025,6,3,1,97,50,14/11/2025,,,,,,,,,,,,,,,,,,,,,,,,,,,
4444274387,01/04/2012,WC1A 2BP,2,J,1,12/04/2013,,,,G85023,PZ999,14/01/2026,152.81,64.4,14/01/2026,48.0,1,14/01/2026,5,,4,103,58,14/01/2026,,,,,,,,,,,,,,,,,,,,,,,,,,,
4444274387,01/04/2012,WC1A 2BP,2,J,1,12/04/2013,,,,G85023,PZ999,01/03/2026,,,,,,,,,,,,,,,,,,,,,,,,,,,,,,2,,,,,,,,,
4444274387,01/04/2012,WC1A 2BP,2,J,1,12/04/2013,,,,G85023,PZ999,02/01/2026,162.65,49.23,02/01/2026,51.0,1,02/01/2026,3,2,1,105,50,02/01/2026,,,,,,,,,,,,,,,,,,,,,,,,,,,
4444274387,01/04/2012,WC1A 2BP,2,J,1,12/04/2013,,,,G85023,PZ999,27/01/2026,,,,,,,,,,,,,,,,,,,,,,,,,,,,,,99,,,,,,,,,
7590596728,01/04/2010,WC1A 9SR,3,S,1,25/12/2016,,,,G85023,PZ999,25/05/2025,160.04,52.63,25/05/2025,52.0,1,25/05/2025,3,1,3,98,52,25/05/2025,,,,,,,,,,,,,,,,,,,,,,,,,,,
7590596728,01/04/2010,WC1A 9SR,3,S,1,25/12/2016,,,,G85023,PZ999,29/05/2025,,,,,,,,,,,,,,,,,,,,,,,,,,,,,,2,,,,,,,,,
7590596728,01/04/2010,WC1A 9SR,3,S,1,25/12/2016,,,,G85023,PZ999,22/04/2025,162.59,65.49,22/04/2025,54.0,1,22/04/2025,6,1,3,104,56,22/04/2025,,,,,,,,,,,,,,,,,,,,,,,,,,,
7590596728,01/04/2010,WC1A 9SR,3,S,1,25/12/2016,,,,G85023,PZ999,03/06/2025,,,,,,,,,,,,,,,,,,,,,,,,,,,,,,1,03/06/2025,,,,,,,,
7590596728,01/04/2010,WC1A 9SR,3,S,1,25/12/2016,,,,G85023,PZ999,13/07/2025,,,,,,,,,,,,,,,,,,,,,,,,,,,,,,99,,,,,,,,,
7590596728,01/04/2010,WC1A 9SR,3,S,1,25/12/2016,,,,G85023,PZ999,23/07/2025,,,,,,,,,,,,,,,,,,,,,,,,,,,,,,,,,,,23/07/2025,23/07/2025,1,,
7590596728,01/04/2010,WC1A 9SR,3,S,1,25/12/2016,,,,G85023,PZ999,20/07/2025,,,,,,,,,,,,,,,,,,,,,,,,,20/07/2025,99,,,,,,,,,,,,,
7590596728,01/04/2010,WC1A 9SR,3,S,1,25/12/2016,,,,G85023,PZ999,03/08/2025,153.89,55.43,03/08/2025,58.0,1,03/08/2025,1,,3,99,57,03/08/2025,,,,,,,,,,,,,,,,,,,,,,,,,,,
7590596728,01/04/2010,WC1A 9SR,3,S,1,25/12/2016,,,,G85023,PZ999,05/10/2025,,,,,,,,,,,,,05/10/2025,05/10/2025,1,251.0,05/10/2025,3,2.04,05/10/2025,05/10/2025,2,05/10/2025,99,,,2,05/10/2025,05/10/2025,,,1,05/10/2025,05/10/2025,,,,,
7590596728,01/04/2010,WC1A 9SR,3,S,1,25/12/2016,,,,G85023,PZ999,10/11/2025,165.6,59.71,10/11/2025,49.0,1,10/11/2025,5,,5,95,54,10/11/2025,,,,,,,,,,,,,,,,,,,,,,,,,,,
7590596728,01/04/2010,WC1A 9SR,3,S,1,25/12/2016,,,,G85023,PZ999,12/10/2025,,,,,,,,,,,,,,,,,,,,,,,,,,,,,,99,,,,,,,,,
7590596728,01/04/2010,WC1A 9SR,3,S,1,25/12/2016,,,,G85023,PZ999,07/12/2025,160.31,55.73,07/12/2025,58.0,1,07/12/2025,3,2,3,100,56,07/12/2025,,,,,,,,,,,,,,,,,,,,,,,,,,,
7590596728,01/04/2010,WC1A 9SR,3,S,1,25/12/2016,,,,G85023,PZ999,20/03/2026,156.21,54.86,20/03/2026,51.0,1,20/03/2026,1,,5,100,51,20/03/2026,,,,,,,,,,,,,,,,,,,,,,,,,,,
7590596728,01/04/2010,WC1A 9SR,3,S,1,25/12/2016,,,,G85023,PZ999,29/01/2026,,,,,,,,,,,,,,,,,,,,,,,,,,,,,,2,,,,,,,,,
7590596728,01/04/2010,WC1A 9SR,3,S,1,25/12/2016,,,,G85023,PZ999,10/01/2026,164.83,50.55,10/01/2026,54.0,1,10/01/2026,1,,4,96,56,10/01/2026,,,,,,,,,,,,,,,,,,,,,,,,,,,
7590596728,01/04/2010,WC1A 9SR,3,S,1,25/12/2016,,,,G85023,PZ999,04/03/2026,,,,,,,,,,,,,,,,,,,,,,,,,,,,,,1,04/03/2026,,,,,,,,
7427823745,01/04/2011,WC1A 2LS,3,K,1,03/09/2018,,,,G85023,PZ999,06/04/2025,162.72,57.28,06/04/2025,52.0,1,06/04/2025,3,1,3,101,58,06/04/2025,,,,,,,,,,,,,,,,,,,,,,,,,,,
7427823745,01/04/2011,WC1A 2LS,3,K,1,03/09/2018,,,,G85023,PZ999,14/05/2025,,,,,,,,,,,,,,,,,,,,,,,,,,,,,,99,,,,,,,,,
7427823745,01/04/2011,WC1A 2LS,3,K,1,03/09/2018,,,,G85023,PZ999,13/04/2025,155.3,61.91,13/04/2025,55.0,1,13/04/2025,4,,2,96,53,13/04/2025,,,,,,,,,,,,,,,,,,,,,,,,,,,
7427823745,01/04/2011,WC1A 2LS,3,K,1,03/09/2018,,,,G85023,PZ999,25/04/2025,,,,,,,,,,,,,,,,,,,,,,,,,,,,,,1,25/04/2025,,,,,,,,
7427823745,01/04/2011,WC1A 2LS,3,K,1,03/09/2018,,,,G85023,PZ999,19/09/2025,,,,,,,,,,,,,,,,,,,,,,,,,,,,,,99,,,,,,,,,
7427823745,01/04/2011,WC1A 2LS,3,K,1,03/09/2018,,,,G85023,PZ999,30/08/2025,,,,,,,,,,,,,,,,,,,,,,,,,,,,,,,,,,,30/08/2025,30/08/2025,5,,
7427823745,01/04/2011,WC1A 2LS,3,K,1,03/09/2018,,,,G85023,PZ999,03/08/2025,,,,,,,,,,,,,,,,,,,,,,,,,03/08/2025,1,,,,,,,,,,,,,
7427823745,01/04/2011,WC1A 2LS,3,K,1,03/09/2018,,,,G85023,PZ999,26/07/2025,165.41,43.11,26/07/2025,51.0,1,26/07/2025,4,,99,99,52,26/07/2025,,,,,,,,,,,,,,,,,,,,,,,,,,,
7427823745,01/04/2011,WC1A 2LS,3,K,1,03/09/2018,,,,G85023,PZ999,22/10/2025,,,,,,,,,,,,,22/10/2025,22/10/2025,1,256.0,22/10/2025,2,6.28,22/10/2025,22/10/2025,1,22/10/2025,2,,,99,,22/10/2025,,,1,22/10/2025,22/10/2025,,,,,
7427823745,01/04/2011,WC1A 2LS,3,K,1,03/09/2018,,,,G85023,PZ999,18/11/2025,166.93,59.62,18/11/2025,50.0,1,18/11/2025,2,,4,101,51,18/11/2025,,,,,,,,,,,,,,,,,,,,,,,,,,,
7427823745,01/04/2011,WC1A 2LS,3,K,1,03/09/2018,,,,G85023,PZ999,21/10/2025,,,,,,,,,,,,,,,,,,,,,,,,,,,,,,1,21/10/2025,,,,,,,,
7427823745,01/04/2011,WC1A 2LS,3,K,1,03/09/2018,,,,G85023,PZ999,26/10/2025,161.8,59.79,26/10/2025,58.0,1,26/10/2025,4,,5,97,55,26/10/2025,,,,,,,,,,,,,,,,,,,,,,,,,,,
7427823745,01/04/2011,WC1A 2LS,3,K,1,03/09/2018,,,,G85023,PZ999,08/01/2026,161.04,45.32,08/01/2026,57.0,1,08/01/2026,5,,3,103,55,08/01/2026,,,,,,,,,,,,,,,,,,,,,,,,,,,
7427823745,01/04/2011,WC1A 2LS,3,K,1,03/09/2018,,,,G85023,PZ999,02/03/2026,,,,,,,,,,,,,,,,,,,,,,,,,,,,,,99,,,,,,,,,
7427823745,01/04/2011,WC1A 2LS,3,K,1,03/09/2018,,,,G85023,PZ999,05/02/2026,161.66,46.13,05/02/2026,51.0,1,05/02/2026,1,,3,100,53,05/02/2026,,,,,,,,,,,,,,,,,,,,,,,,,,,
7427823745,01/04/2011,WC1A 2LS,3,K,1,03/09/2018,,,,G85023,PZ999,06/03/2026,,,,,,,,,,,,,,,,,,,,,,,,,,,,,,2,,,,,,,,,
6211548060,01/04/2011,WC1A 1AD,99,P,1,16/08/2014,,,,G85023,PZ999,08/06/2025,165.04,51.32,08/06/2025,53.0,1,08/06/2025,6,1,2,102,54,08/06/2025,,,,,,,,,,,,,,,,,,,,,,,,,,,
6211548060,01/04/2011,WC1A 1AD,99,P,1,16/08/2014,,,,G85023,PZ999,06/05/2025,,,,,,,,,,,,,,,,,,,,,,,,,,,,,,2,,,,,,,,,
6211548060,01/04/2011,WC1A 1AD,99,P,1,16/08/2014,,,,G85023,PZ999,09/04/2025,167.42,60.48,09/04/2025,49.0,1,09/04/2025,5,,99,99,51,09/04/2025,,,,,,,,,,,,,,,,,,,,,,,,,,,
6211548060,01/04/2011,WC1A 1AD,99,P,1,16/08/2014,,,,G85023,PZ999,06/04/2025,,,,,,,,,,,,,,,,,,,,,,,,,,,,,,99,,,,,,,,,
6211548060,01/04/2011,WC1A 1AD,99,P,1,16/08/2014,,,,G85023,PZ999,04/08/2025,,,,,,,,,,,,,,,,,,,,,,,,,,,,,,2,,,,,,,,,
6211548060,01/04/2011,WC1A 1AD,99,P,1,16/08/2014,,,,G85023,PZ999,10/09/2025,,,,,,,,,,,,,,,,,,,,,,,,,,,,,,,,,,,10/09/2025,10/09/2025,6,,test admission description
6211548060,01/04/2011,WC1A 1AD,99,P,1,16/08/2014,,,,G85023,PZ999,31/07/2025,,,,,,,,,,,,,,,,,,,,,,,,,31/07/2025,2,,,,,,,,,,,,,
6211548060,01/04/2011,WC1A 1AD,99,P,1,16/08/2014,,,,G85023,PZ999,06/08/2025,167.45,46.6,06/08/2025,55.0,1,06/08/2025,5,,3,103,53,06/08/2025,,,,,,,,,,,,,,,,,,,,,,,,,,,
6211548060,01/04/2011,WC1A 1AD,99,P,1,16/08/2014,,,,G85023,PZ999,03/12/2025,,,,,,,,,,,,,03/12/2025,03/12/2025,1,232.0,03/12/2025,1,5.75,03/12/2025,03/12/2025,2,03/12/2025,99,,,2,03/12/2025,03/12/2025,,,1,03/12/2025,03/12/2025,,,,,
6211548060,01/04/2011,WC1A 1AD,99,P,1,16/08/2014,,,,G85023,PZ999,25/11/2025,169.67,53.09,25/11/2025,48.0,1,25/11/2025,3,2,5,98,56,25/11/2025,,,,,,,,,,,,,,,,,,,,,,,,,,,
6211548060,01/04/2011,WC1A 1AD,99,P,1,16/08/2014,,,,G85023,PZ999,09/12/2025,,,,,,,,,,,,,,,,,,,,,,,,,,,,,,99,,,,,,,,,
6211548060,01/04/2011,WC1A 1AD,99,P,1,16/08/2014,,,,G85023,PZ999,10/10/2025,162.49,66.43,10/10/2025,55.0,1,10/10/2025,1,,5,101,51,10/10/2025,,,,,,,,,,,,,,,,,,,,,,,,,,,
6211548060,01/04/2011,WC1A 1AD,99,P,1,16/08/2014,,,,G85023,PZ999,24/03/2026,156.97,54.18,24/03/2026,54.0,1,24/03/2026,5,,5,103,50,24/03/2026,,,,,,,,,,,,,,,,,,,,,,,,,,,
6211548060,01/04/2011,WC1A 1AD,99,P,1,16/08/2014,,,,G85023,PZ999,02/02/2026,,,,,,,,,,,,,,,,,,,,,,,,,,,,,,1,02/02/2026,,,,,,,,
6211548060,01/04/2011,WC1A 1AD,99,P,1,16/08/2014,,,,G85023,PZ999,24/02/2026,159.02,45.57,24/02/2026,57.0,1,24/02/2026,1,,5,104,56,24/02/2026,,,,,,,,,,,,,,,,,,,,,,,,,,,
6211548060,01/04/2011,WC1A 1AD,99,P,1,16/08/2014,,,,G85023,PZ999,22/01/2026,,,,,,,,,,,,,,,,,,,,,,,,,,,,,,2,,,,,,,,,
7079642574,01/04/2011,WC1A 2JB,1,N,1,24/08/2018,,,,G85023,PZ999,16/05/2025,153.9,48.71,16/05/2025,53.0,1,16/05/2025,5,,4,101,60,16/05/2025,,,,,,,,,,,,,,,,,,,,,,,,,,,
7079642574,01/04/2011,WC1A 2JB,1,N,1,24/08/2018,,,,G85023,PZ999,12/05/2025,,,,,,,,,,,,,,,,,,,,,,,,,,,,,,1,12/05/2025,,,,,,,,
7079642574,01/04/2011,WC1A 2JB,1,N,1,24/08/2018,,,,G85023,PZ999,13/05/2025,154.46,40.02,13/05/2025,50.0,1,13/05/2025,4,,5,104,55,13/05/2025,,,,,,,,,,,,,,,,,,,,,,,,,,,
7079642574,01/04/2011,WC1A 2JB,1,N,1,24/08/2018,,,,G85023,PZ999,06/06/2025,,,,,,,,,,,,,,,,,,,,,,,,,,,,,,99,,,,,,,,,
7079642574,01/04/2011,WC1A 2JB,1,N,1,24/08/2018,,,,G85023,PZ999,29/08/2025,,,,,,,,,,,,,,,,,,,,,,,,,,,,,,2,,,,,,,,,
7079642574,01/04/2011,WC1A 2JB,1,N,1,24/08/2018,,,,G85023,PZ999,04/09/2025,,,,,,,,,,,,,,,,,,,,,,,,,,,,,,,,,,,04/09/2025,04/09/2025,1,,
7079642574,01/04/2011,WC1A 2JB,1,N,1,24/08/2018,,,,G85023,PZ999,23/07/2025,,,,,,,,,,,,,,,,,,,,,,,,,23/07/2025,2,,,,,,,,,,,,,
7079642574,01/04/2011,WC1A 2JB,1,N,1,24/08/2018,,,,G85023,PZ999,17/09/2025,157.77,42.34,17/09/2025,49.0,1,17/09/2025,2,,2,105,58,17/09/2025,,,,,,,,,,,,,,,,,,,,,,,,,,,
7079642574,01/04/2011,WC1A 2JB,1,N,1,24/08/2018,,,,G85023,PZ999,11/11/2025,,,,,,,,,,,,,11/11/2025,11/11/2025,99,83.0,11/11/2025,2,3.02,11/11/2025,11/11/2025,1,11/11/2025,2,,,2,11/11/2025,11/11/2025,,,1,11/11/2025,11/11/2025,,,,,
7079642574,01/04/2011,WC1A 2JB,1,N,1,24/08/2018,,,,G85023,PZ999,17/11/2025,151.25,52.21,17/11/2025,49.0,1,17/11/2025,1,,5,105,54,17/11/2025,,,,,,,,,,,,,,,,,,,,,,,,,,,
7079642574,01/04/2011,WC1A 2JB,1,N,1,24/08/2018,,,,G85023,PZ999,31/10/2025,,,,,,,,,,,,,,,,,,,,,,,,,,,,,,2,,,,,,,,,
7079642574,01/04/2011,WC1A 2JB,1,N,1,24/08/2018,,,,G85023,PZ999,10/10/2025,156.46,46.15,10/10/2025,54.0,1,10/10/2025,5,,1,100,52,10/10/2025,,,,,,,,,,,,,,,,,,,,,,,,,,,
7079642574,01/04/2011,WC1A 2JB,1,N,1,24/08/2018,,,,G85023,PZ999,20/02/2026,157.02,46.07,20/02/2026,56.0,1,20/02/2026,5,,1,98,51,20/02/2026,,,,,,,,,,,,,,,,,,,,,,,,,,,
7079642574,01/04/2011,WC1A 2JB,1,N,1,24/08/2018,,,,G85023,PZ999,30/03/2026,,,,,,,,,,,,,,,,,,,,,,,,,,,,,,2,,,,,,,,,
7079642574,01/04/2011,WC1A 2JB,1,N,1,24/08/2018,,,,G85023,PZ999,20/03/2026,166.95,66.62,20/03/2026,51.0,1,20/03/2026,1,,1,96,51,20/03/2026,,,,,,,,,,,,,,,,,,,,,,,,,,,
7079642574,01/04/2011,WC1A 2JB,1,N,1,24/08/2018,,,,G85023,PZ999,14/03/2026,,,,,,,,,,,,,,,,,,,,,,,,,,,,,,2,,,,,,,,,
4297571722,01/04/2011,WC1A 9UB,2,J,1,17/10/2016,,,,G85023,PZ999,04/05/2025,156.11,49.19,04/05/2025,55.0,1,04/05/2025,4,,99,104,58,04/05/2025,,,,,,,,,,,,,,,,,,,,,,,,,,,
4297571722,01/04/2011,WC1A 9UB,2,J,1,17/10/2016,,,,G85023,PZ999,05/06/2025,,,,,,,,,,,,,,,,,,,,,,,,,,,,,,99,,,,,,,,,
4297571722,01/04/2011,WC1A 9UB,2,J,1,17/10/2016,,,,G85023,PZ999,17/06/2025,158.51,56.29,17/06/2025,58.0,1,17/06/2025,6,4,4,102,57,17/06/2025,,,,,,,,,,,,,,,,,,,,,,,,,,,
4297571722,01/04/2011,WC1A 9UB,2,J,1,17/10/2016,,,,G85023,PZ999,21/04/2025,,,,,,,,,,,,,,,,,,,,,,,,,,,,,,99,,,,,,,,,
4297571722,01/04/2011,WC1A 9UB,2,J,1,17/10/2016,,,,G85023,PZ999,17/07/2025,,,,,,,,,,,,,,,,,,,,,,,,,,,,,,2,,,,,,,,,
4297571722,01/04/2011,WC1A 9UB,2,J,1,17/10/2016,,,,G85023,PZ999,12/09/2025,,,,,,,,,,,,,,,,,,,,,,,,,,,,,,,,,,,12/09/2025,12/09/2025,2,2,
4297571722,01/04/2011,WC1A 9UB,2,J,1,17/10/2016,,,,G85023,PZ999,24/08/2025,,,,,,,,,,,,,,,,,,,,,,,,,24/08/2025,99,,,,,,,,,,,,,
4297571722,01/04/2011,WC1A 9UB,2,J,1,17/10/2016,,,,G85023,PZ999,05/07/2025,161.15,58.91,05/07/2025,57.0,1,05/07/2025,4,,4,98,57,05/07/2025,,,,,,,,,,,,,,,,,,,,,,,,,,,
4297571722,01/04/2011,WC1A 9UB,2,J,1,17/10/2016,,,,G85023,PZ999,10/12/2025,,,,,,,,,,,,,10/12/2025,10/12/2025,2,130.0,10/12/2025,2,4.96,10/12/2025,10/12/2025,1,10/12/2025,2,,,2,10/12/2025,10/12/2025,,,2,10/12/2025,10/12/2025,,,,,
4297571722,01/04/2011,WC1A 9UB,2,J,1,17/10/2016,,,,G85023,PZ999,29/12/2025,152.99,42.32,29/12/2025,48.0,1,29/12/2025,1,,2,101,54,29/12/2025,,,,,,,,,,,,,,,,,,,,,,,,,,,
4297571722,01/04/2011,WC1A 9UB,2,J,1,17/10/2016,,,,G85023,PZ999,06/12/2025,,,,,,,,,,,,,,,,,,,,,,,,,,,,,,1,06/12/2025,,,,,,,,
4297571722,01/04/2011,WC1A 9UB,2,J,1,17/10/2016,,,,G85023,PZ999,12/12/2025,153.34,51.47,12/12/2025,50.0,1,12/12/2025,2,,99,96,55,12/12/2025,,,,,,,,,,,,,,,,,,,,,,,,,,,
4297571722,01/04/2011,WC1A 9UB,2,J,1,17/10/2016,,,,G85023,PZ999,16/02/2026,156.77,63.25,16/02/2026,53.0,1,16/02/2026,1,,5,99,56,16/02/2026,,,,,,,,,,,,,,,,,,,,,,,,,,,
4297571722,01/04/2011,WC1A 9UB,2,J,1,17/10/2016,,,,G85023,PZ999,13/03/2026,,,,,,,,,,,,,,,,,,,,,,,,,,,,,,1,13/03/2026,,,,,,,,
4297571722,01/04/2011,WC1A 9UB,2,J,1,17/10/2016,,,,G85023,PZ999,27/01/2026,151.04,60.01,27/01/2026,54.0,1,27/01/2026,3,2,3,105,59,27/01/2026,,,,,,,,,,,,,,,,,,,,,,,,,,,
4297571722,01/04/2011,WC1A 9UB,2,J,1,17/10/2016,,,,G85023,PZ999,21/03/2026,,,,,,,,,,,,,,,,,,,,,,,,,,,,,,1,21/03/2026,,,,,,,,
6214966211,01/04/2013,WC1A 2SN,2,K,1,09/12/2014,,,,G85023,PZ999,04/04/2025,159.73,54.14,04/04/2025,51.0,1,04/04/2025,3,3,3,98,55,04/04/2025,,,,,,,,,,,,,,,,,,,,,,,,,,,
6214966211,01/04/2013,WC1A 2SN,2,K,1,09/12/2014,,,,G85023,PZ999,26/04/2025,,,,,,,,,,,,,,,,,,,,,,,,,,,,,,1,26/04/2025,,,,,,,,
6214966211,01/04/2013,WC1A 2SN,2,K,1,09/12/2014,,,,G85023,PZ999,28/05/2025,167.1,51.4,28/05/2025,54.0,1,28/05/2025,6,1,2,98,57,28/05/2025,,,,,,,,,,,,,,,,,,,,,,,,,,,
6214966211,01/04/2013,WC1A 2SN,2,K,1,09/12/2014,,,,G85023,PZ999,04/06/2025,,,,,,,,,,,,,,,,,,,,,,,,,,,,,,2,,,,,,,,,
6214966211,01/04/2013,WC1A 2SN,2,K,1,09/12/2014,,,,G85023,PZ999,28/07/2025,,,,,,,,,,,,,,,,,,,,,,,,,,,,,,1,28/07/2025,,,,,,,,
6214966211,01/04/2013,WC1A 2SN,2,K,1,09/12/2014,,,,G85023,PZ999,25/09/2025,,,,,,,,,,,,,,,,,,,,,,,,,,,,,,,,,,,25/09/2025,25/09/2025,6,,test admission description
6214966211,01/04/2013,WC1A 2SN,2,K,1,09/12/2014,,,,G85023,PZ999,25/07/2025,,,,,,,,,,,,,,,,,,,,,,,,,25/07/2025,2,,,,,,,,,,,,,
6214966211,01/04/2013,WC1A 2SN,2,K,1,09/12/2014,,,,G85023,PZ999,11/07/2025,158.79,54.2,11/07/2025,58.0,1,11/07/2025,5,,2,101,58,11/07/2025,,,,,,,,,,,,,,,,,,,,,,,,,,,
6214966211,01/04/2013,WC1A 2SN,2,K,1,09/12/2014,,,,G85023,PZ999,23/10/2025,,,,,,,,,,,,,23/10/2025,23/10/2025,2,57.0,23/10/2025,2,5.98,23/10/2025,23/10/2025,2,23/10/2025,99,,,1,,23/10/2025,,,2,23/10/2025,23/10/2025,,,,,
6214966211,01/04/2013,WC1A 2SN,2,K,1,09/12/2014,,,,G85023,PZ999,22/12/2025,162.24,68.2,22/12/2025,54.0,1,22/12/2025,2,,1,99,59,22/12/2025,,,,,,,,,,,,,,,,,,,,,,,,,,,
6214966211,01/04/2013,WC1A 2SN,2,K,1,09/12/2014,,,,G85023,PZ999,05/12/2025,,,,,,,,,,,,,,,,,,,,,,,,,,,,,,1,05/12/2025,,,,,,,,
6214966211,01/04/2013,WC1A 2SN,2,K,1,09/12/2014,,,,G85023,PZ999,21/12/2025,167.13,54.51,21/12/2025,57.0,1,21/12/2025,5,,2,96,50,21/12/2025,,,,,,,,,,,,,,,,,,,,,,,,,,,
6214966211,01/04/2013,WC1A 2SN,2,K,1,09/12/2014,,,,G85023,PZ999,06/02/2026,151.2,41.43,06/02/2026,53.0,1,06/02/2026,3,1,5,97,52,06/02/2026,,,,,,,,,,,,,,,,,,,,,,,,,,,
6214966211,01/04/2013,WC1A 2SN,2,K,1,09/12/2014,,,,G85023,PZ999,20/01/2026,,,,,,,,,,,,,,,,,,,,,,,,,,,,,,2,,,,,,,,,
6214966211,01/04/2013,WC1A 2SN,2,K,1,09/12/2014,,,,G85023,PZ999,23/03/2026,169.77,50.48,23/03/2026,51.0,1,23/03/2026,5,,2,97,56,23/03/2026,,,,,,,,,,,,,,,,,,,,,,,,,,,
6214966211,01/04/2013,WC1A 2SN,2,K,1,09/12/2014,,,,G85023,PZ999,26/01/2026,,,,,,,,,,,,,,,,,,,,,,,,,,,,,,2,,,,,,,,,
4675928471,01/04/2011,WC1A 1JS,3,M,1,18/10/2018,,,,G85023,PZ999,03/05/2025,159.32,64.15,03/05/2025,54.0,1,03/05/2025,2,,3,97,59,03/05/2025,,,,,,,,,,,,,,,,,,,,,,,,,,,
4675928471,01/04/2011,WC1A 1JS,3,M,1,18/10/2018,,,,G85023,PZ999,13/06/2025,,,,,,,,,,,,,,,,,,,,,,,,,,,,,,2,,,,,,,,,
4675928471,01/04/2011,WC1A 1JS,3,M,1,18/10/2018,,,,G85023,PZ999,24/04/2025,157.66,43.4,24/04/2025,57.0,1,24/04/2025,3,4,4,100,59,24/04/2025,,,,,,,,,,,,,,,,,,,,,,,,,,,
4675928471,01/04/2011,WC1A 1JS,3,M,1,18/10/2018,,,,G85023,PZ999,29/04/2025,,,,,,,,,,,,,,,,,,,,,,,,,,,,,,99,,,,,,,,,
4675928471,01/04/2011,WC1A 1JS,3,M,1,18/10/2018,,,,G85023,PZ999,08/09/2025,,,,,,,,,,,,,,,,,,,,,,,,,,,,,,99,,,,,,,,,
4675928471,01/04/2011,WC1A 1JS,3,M,1,18/10/2018,,,,G85023,PZ999,17/07/2025,,,,,,,,,,,,,,,,,,,,,,,,,,,,,,,,,,,17/07/2025,17/07/2025,6,,test admission description
4675928471,01/04/2011,WC1A 1JS,3,M,1,18/10/2018,,,,G85023,PZ999,20/08/2025,,,,,,,,,,,,,,,,,,,,,,,,,20/08/2025,2,,,,,,,,,,,,,
4675928471,01/04/2011,WC1A 1JS,3,M,1,18/10/2018,,,,G85023,PZ999,20/09/2025,151.66,63.48,20/09/2025,52.0,1,20/09/2025,1,,99,100,57,20/09/2025,,,,,,,,,,,,,,,,,,,,,,,,,,,
4675928471,01/04/2011,WC1A 1JS,3,M,1,18/10/2018,,,,G85023,PZ999,15/11/2025,,,,,,,,,,,,,15/11/2025,15/11/2025,1,224.0,15/11/2025,3,5.34,15/11/2025,15/11/2025,3,15/11/2025,99,,,99,,15/11/2025,,,2,15/11/2025,15/11/2025,,,,,
4675928471,01/04/2011,WC1A 1JS,3,M,1,18/10/2018,,,,G85023,PZ999,07/12/2025,160.56,63.36,07/12/2025,53.0,1,07/12/2025,4,,1,100,57,07/12/2025,,,,,,,,,,,,,,,,,,,,,,,,,,,
4675928471,01/04/2011,WC1A 1JS,3,M,1,18/10/2018,,,,G85023,PZ999,24/10/2025,,,,,,,,,,,,,,,,,,,,,,,,,,,,,,1,24/10/2025,,,,,,,,
4675928471,01/04/2011,WC1A 1JS,3,M,1,18/10/2018,,,,G85023,PZ999,06/10/2025,162.16,63.55,06/10/2025,52.0,1,06/10/2025,5,,5,98,60,06/10/2025,,,,,,,,,,,,,,,,,,,,,,,,,,,
4675928471,01/04/2011,WC1A 1JS,3,M,1,18/10/2018,,,,G85023,PZ999,16/02/2026,155.29,67.98,16/02/2026,52.0,1,16/02/2026,4,,4,101,59,16/02/2026,,,,,,,,,,,,,,,,,,,,,,,,,,,
4675928471,01/04/2011,WC1A 1JS,3,M,1,18/10/2018,,,,G85023,PZ999,06/03/2026,,,,,,,,,,,,,,,,,,,,,,,,,,,,,,2,,,,,,,,,
4675928471,01/04/2011,WC1A 1JS,3,M,1,18/10/2018,,,,G85023,PZ999,15/02/2026,161.91,66.31,15/02/2026,49.0,1,15/02/2026,1,,5,105,58,15/02/2026,,,,,,,,,,,,,,,,,,,,,,,,,,,
4675928471,01/04/2011,WC1A 1JS,3,M,1,18/10/2018,,,,G85023,PZ999,17/03/2026,,,,,,,,,,,,,,,,,,,,,,,,,,,,,,99,,,,,,,,,
6286099743,01/04/2011,WC1A 1NN,3,G,1,24/07/2012,,,,G85023,PZ999,21/06/2025,169.56,64.21,21/06/2025,55.0,1,21/06/2025,2,,2,98,50,21/06/2025,,,,,,,,,,,,,,,,,,,,,,,,,,,
6286099743,01/04/2011,WC1A 1NN,3,G,1,24/07/2012,,,,G85023,PZ999,30/04/2025,,,,,,,,,,,,,,,,,,,,,,,,,,,,,,2,,,,,,,,,
6286099743,01/04/2011,WC1A 1NN,3,G,1,24/07/2012,,,,G85023,PZ999,11/06/2025,168.03,42.79,11/06/2025,51.0,1,11/06/2025,3,4,4,101,54,11/06/2025,,,,,,,,,,,,,,,,,,,,,,,,,,,
6286099743,01/04/2011,WC1A 1NN,3,G,1,24/07/2012,,,,G85023,PZ999,29/04/2025,,,,,,,,,,,,,,,,,,,,,,,,,,,,,,2,,,,,,,,,
6286099743,01/04/2011,WC1A 1NN,3,G,1,24/07/2012,,,,G85023,PZ999,10/07/2025,,,,,,,,,,,,,,,,,,,,,,,,,,,,,,1,10/07/2025,,,,,,,,
6286099743,01/04/2011,WC1A 1NN,3,G,1,24/07/2012,,,,G85023,PZ999,17/09/2025,,,,,,,,,,,,,,,,,,,,,,,,,,,,,,,,,,,17/09/2025,17/09/2025,4,,
6286099743,01/04/2011,WC1A 1NN,3,G,1,24/07/2012,,,,G85023,PZ999,24/08/2025,,,,,,,,,,,,,,,,,,,,,,,,,24/08/2025,99,,,,,,,,,,,,,
6286099743,01/04/2011,WC1A 1NN,3,G,1,24/07/2012,,,,G85023,PZ999,16/07/2025,166.66,60.46,16/07/2025,48.0,1,16/07/2025,2,,3,95,58,16/07/2025,,,,,,,,,,,,,,,,,,,,,,,,,,,
6286099743,01/04/2011,WC1A 1NN,3,G,1,24/07/2012,,,,G85023,PZ999,04/12/2025,,,,,,,,,,,,,04/12/2025,04/12/2025,2,257.0,04/12/2025,2,3.04,04/12/2025,04/12/2025,3,04/12/2025,99,,,99,,04/12/2025,,,1,04/12/2025,04/12/2025,,,,,
6286099743,01/04/2011,WC1A 1NN,3,G,1,24/07/2012,,,,G85023,PZ999,01/10/2025,155.82,43.54,01/10/2025,48.0,1,01/10/2025,2,,99,96,50,01/10/2025,,,,,,,,,,,,,,,,,,,,,,,,,,,
6286099743,01/04/2011,WC1A 1NN,3,G,1,24/07/2012,,,,G85023,PZ999,30/10/2025,,,,,,,,,,,,,,,,,,,,,,,,,,,,,,2,,,,,,,,,
6286099743,01/04/2011,WC1A 1NN,3,G,1,24/07/2012,,,,G85023,PZ999,09/12/2025,157.3,68.2,09/12/2025,51.0,1,09/12/2025,2,,1,99,57,09/12/2025,,,,,,,,,,,,,,,,,,,,,,,,,,,
6286099743,01/04/2011,WC1A 1NN,3,G,1,24/07/2012,,,,G85023,PZ999,07/02/2026,156.42,48.83,07/02/2026,48.0,1,07/02/2026,6,2,4,100,54,07/02/2026,,,,,,,,,,,,,,,,,,,,,,,,,,,
6286099743,01/04/2011,WC1A 1NN,3,G,1,24/07/2012,,,,G85023,PZ999,03/02/2026,,,,,,,,,,,,,,,,,,,,,,,,,,,,,,1,03/02/2026,,,,,,,,
6286099743,01/04/2011,WC1A 1NN,3,G,1,24/07/2012,,,,G85023,PZ999,23/02/2026,161.08,59.87,23/02/2026,48.0,1,23/02/2026,1,,4,104,51,23/02/2026,,,,,,,,,,,,,,,,,,,,,,,,,,,
6286099743,01/04/2011,WC1A 1NN,3,G,1,24/07/2012,,,,G85023,PZ999,23/03/2026,,,,,,,,,,,,,,,,,,,,,,,,,,,,,,99,,,,,,,,,
4528992337,01/04/2014,WC1A 9NY,3,L,1,19/02/2020,,,,G85023,PZ999,26/06/2025,159.82,47.94,26/06/2025,50.0,1,26/06/2025,1,,2,103,51,26/06/2025,,,,,,,,,,,,,,,,,,,,,,,,,,,
4528992337,01/04/2014,WC1A 9NY,3,L,1,19/02/2020,,,,G85023,PZ999,28/05/2025,,,,,,,,,,,,,,,,,,,,,,,,,,,,,,99,,,,,,,,,
4528992337,01/04/2014,WC1A 9NY,3,L,1,19/02/2020,,,,G85023,PZ999,11/06/2025,151.65,45.71,11/06/2025,51.0,1,11/06/2025,1,,5,100,59,11/06/2025,,,,,,,,,,,,,,,,,,,,,,,,,,,
4528992337,01/04/2014,WC1A 9NY,3,L,1,19/02/2020,,,,G85023,PZ999,27/05/2025,,,,,,,,,,,,,,,,,,,,,,,,,,,,,,1,27/05/2025,,,,,,,,
4528992337,01/04/2014,WC1A 9NY,3,L,1,19/02/2020,,,,G85023,PZ999,09/09/2025,,,,,,,,,,,,,,,,,,,,,,,,,,,,,,1,09/09/2025,,,,,,,,
4528992337,01/04/2014,WC1A 9NY,3,L,1,19/02/2020,,,,G85023,PZ999,28/08/2025,,,,,,,,,,,,,,,,,,,,,,,,,,,,,,,,,,,28/08/2025,28/08/2025,5,,
4528992337,01/04/2014,WC1A 9NY,3,L,1,19/02/2020,,,,G85023,PZ999,07/08/2025,,,,,,,,,,,,,,,,,,,,,,,,,07/08/2025,2,,,,,,,,,,,,,
4528992337,01/04/2014,WC1A 9NY,3,L,1,19/02/2020,,,,G85023,PZ999,08/08/2025,150.73,44.6,08/08/2025,54.0,1,08/08/2025,3,2,4,104,53,08/08/2025,,,,,,,,,,,,,,,,,,,,,,,,,,,
4528992337,01/04/2014,WC1A 9NY,3,L,1,19/02/2020,,,,G85023,PZ999,19/11/2025,,,,,,,,,,,,,19/11/2025,19/11/2025,99,9.0,19/11/2025,3,5.8,19/11/2025,19/11/2025,2,19/11/2025,2,,,99,,19/11/2025,,,2,19/11/2025,19/11/2025,,,,,
4528992337,01/04/2014,WC1A 9NY,3,L,1,19/02/2020,,,,G85023,PZ999,27/10/2025,150.53,59.81,27/10/2025,51.0,1,27/10/2025,6,4,3,97,58,27/10/2025,,,,,,,,,,,,,,,,,,,,,,,,,,,
4528992337,01/04/2014,WC1A 9NY,3,L,1,19/02/2020,,,,G85023,PZ999,18/11/2025,,,,,,,,,,,,,,,,,,,,,,,,,,,,,,1,18/11/2025,,,,,,,,
4528992337,01/04/2014,WC1A 9NY,3,L,1,19/02/2020,,,,G85023,PZ999,30/11/2025,169.51,41.78,30/11/2025,52.0,1,30/11/2025,6,2,5,104,51,30/11/2025,,,,,,,,,,,,,,,,,,,,,,,,,,,
4528992337,01/04/2014,WC1A 9NY,3,L,1,19/02/2020,,,,G85023,PZ999,31/01/2026,161.47,40.65,31/01/2026,49.0,1,31/01/2026,2,,99,95,59,31/01/2026,,,,,,,,,,,,,,,,,,,,,,,,,,,
4528992337,01/04/2014,WC1A 9NY,3,L,1,19/02/2020,,,,G85023,PZ999,15/03/2026,,,,,,,,,,,,,,,,,,,,,,,,,,,,,,99,,,,,,,,,
4528992337,01/04/2014,WC1A 9NY,3,L,1,19/02/2020,,,,G85023,PZ999,01/03/2026,159.37,46.34,01/03/2026,48.0,1,01/03/2026,5,,2,97,59,01/03/2026,,,,,,,,,,,,,,,,,,,,,,,,,,,
4528992337,01/04/2014,WC1A 9NY,3,L,1,19/02/2020,,,,G85023,PZ999,16/02/2026,,,,,,,,,,,,,,,,,,,,,,,,,,,,,,1,16/02/2026,,,,,,,,
7883510878,01/04/2012,WC1A 2RP,1,H,1,17/01/2013,,,,G85023,PZ999,21/05/2025,161.97,48.86,21/05/2025,51.0,1,21/05/2025,5,,4,95,51,21/05/2025,,,,,,,,,,,,,,,,,,,,,,,,,,,
7883510878,01/04/2012,WC1A 2RP,1,H,1,17/01/2013,,,,G85023,PZ999,15/04/2025,,,,,,,,,,,,,,,,,,,,,,,,,,,,,,99,,,,,,,,,
7883510878,01/04/2012,WC1A 2RP,1,H,1,17/01/2013,,,,G85023,PZ999,25/04/2025,167.51,62.96,25/04/2025,55.0,1,25/04/2025,2,,99,98,55,25/04/2025,,,,,,,,,,,,,,,,,,,,,,,,,,,
7883510878,01/04/2012,WC1A 2RP,1,H,1,17/01/2013,,,,G85023,PZ999,09/06/2025,,,,,,,,,,,,,,,,,,,,,,,,,,,,,,99,,,,,,,,,
7883510878,01/04/2012,WC1A 2RP,1,H,1,17/01/2013,,,,G85023,PZ999,12/07/2025,,,,,,,,,,,,,,,,,,,,,,,,,,,,,,2,,,,,,,,,
7883510878,01/04/2012,WC1A 2RP,1,H,1,17/01/2013,,,,G85023,PZ999,14/09/2025,,,,,,,,,,,,,,,,,,,,,,,,,,,,,,,,,,,14/09/2025,14/09/2025,5,,
7883510878,01/04/2012,WC1A 2RP,1,H,1,17/01/2013,,,,G85023,PZ999,11/08/2025,,,,,,,,,,,,,,,,,,,,,,,,,11/08/2025,99,,,,,,,,,,,,,
7883510878,01/04/2012,WC1A 2RP,1,H,1,17/01/2013,,,,G85023,PZ999,04/09/2025,168.86,51.11,04/09/2025,50.0,1,04/09/2025,5,,1,103,55,04/09/2025,,,,,,,,,,,,,,,,,,,,,,,,,,,
7883510878,01/04/2012,WC1A 2RP,1,H,1,17/01/2013,,,,G85023,PZ999,14/10/2025,,,,,,,,,,,,,14/10/2025,14/10/2025,99,287.0,14/10/2025,99,6.46,14/10/2025,14/10/2025,1,14/10/2025,2,,,1,,14/10/2025,,,1,14/10/2025,14/10/2025,,,,,
7883510878,01/04/2012,WC1A 2RP,1,H,1,17/01/2013,,,,G85023,PZ999,22/12/2025,155.27,57.81,22/12/2025,50.0,1,22/12/2025,3,3,3,100,54,22/12/2025,,,,,,,,,,,,,,,,,,,,,,,,,,,
7883510878,01/04/2012,WC1A 2RP,1,H,1,17/01/2013,,,,G85023,PZ999,17/11/2025,,,,,,,,,,,,,,,,,,,,,,,,,,,,,,1,17/11/2025,,,,,,,,
7883510878,01/04/2012,WC1A 2RP,1,H,1,17/01/2013,,,,G85023,PZ999,13/10/2025,153.55,58.65,13/10/2025,54.0,1,13/10/2025,3,4,5,97,57,13/10/2025,,,,,,,,,,,,,,,,,,,,,,,,,,,
7883510878,01/04/2012,WC1A 2RP,1,H,1,17/01/2013,,,,G85023,PZ999,19/01/2026,159.12,49.01,19/01/2026,55.0,1,19/01/2026,2,,3,98,51,19/01/2026,,,,,,,,,,,,,,,,,,,,,,,,,,,
7883510878,01/04/2012,WC1A 2RP,1,H,1,17/01/2013,,,,G85023,PZ999,12/02/2026,,,,,,,,,,,,,,,,,,,,,,,,,,,,,,99,,,,,,,,,
7883510878,01/04/2012,WC1A 2RP,1,H,1,17/01/2013,,,,G85023,PZ999,13/03/2026,150.06,59.96,13/03/2026,53.0,1,13/03/2026,4,,3,96,56,13/03/2026,,,,,,,,,,,,,,,,,,,,,,,,,,,
7883510878,01/04/2012,WC1A 2RP,1,H,1,17/01/2013,,,,G85023,PZ999,11/03/2026,,,,,,,,,,,,,,,,,,,,,,,,,,,,,,99,,,,,,,,,
7989148935,01/04/2014,WC1A 1EP,99,D,1,30/09/2016,,,,G85023,PZ999,25/05/2025,169.22,67.46,25/05/2025,49.0,1,25/05/2025,2,,3,95,58,25/05/2025,,,,,,,,,,,,,,,,,,,,,,,,,,,
7989148935,01/04/2014,WC1A 1EP,99,D,1,30/09/2016,,,,G85023,PZ999,07/05/2025,,,,,,,,,,,,,,,,,,,,,,,,,,,,,,99,,,,,,,,,
7989148935,01/04/2014,WC1A 1EP,99,D,1,30/09/2016,,,,G85023,PZ999,11/06/2025,167.07,63.02,11/06/2025,56.0,1,11/06/2025,3,1,1,102,57,11/06/2025,,,,,,,,,,,,,,,,,,,,,,,,,,,
7989148935,01/04/2014,WC1A 1EP,99,D,1,30/09/2016,,,,G85023,PZ999,21/04/2025,,,,,,,,,,,,,,,,,,,,,,,,,,,,,,99,,,,,,,,,
7989148935,01/04/2014,WC1A 1EP,99,D,1,30/09/2016,,,,G85023,PZ999,28/07/2025,,,,,,,,,,,,,,,,,,,,,,,,,,,,,,2,,,,,,,,,
7989148935,01/04/2014,WC1A 1EP,99,D,1,30/09/2016,,,,G85023,PZ999,21/07/2025,,,,,,,,,,,,,,,,,,,,,,,,,,,,,,,,,,,21/07/2025,21/07/2025,5,,
7989148935,01/04/2014,WC1A 1EP,99,D,1,30/09/2016,,,,G85023,PZ999,07/08/2025,,,,,,,,,,,,,,,,,,,,,,,,,07/08/2025,99,,,,,,,,,,,,,
7989148935,01/04/2014,WC1A 1EP,99,D,1,30/09/2016,,,,G85023,PZ999,05/08/2025,159.72,46.94,05/08/2025,57.0,1,05/08/2025,4,,1,97,50,05/08/2025,,,,,,,,,,,,,,,,,,,,,,,,,,,
7989148935,01/04/2014,WC1A 1EP,99,D,1,30/09/2016,,,,G85023,PZ999,15/11/2025,,,,,,,,,,,,,15/11/2025,15/11/2025,2,34.0,15/11/2025,99,3.85,15/11/2025,15/11/2025,3,15/11/2025,99,,,99,,15/11/2025,,,1,15/11/2025,15/11/2025,,,,,
7989148935,01/04/2014,WC1A 1EP,99,D,1,30/09/2016,,,,G85023,PZ999,20/11/2025,152.86,40.22,20/11/2025,51.0,1,20/11/2025,1,,5,102,52,20/11/2025,,,,,,,,,,,,,,,,,,,,,,,,,,,
7989148935,01/04/2014,WC1A 1EP,99,D,1,30/09/2016,,,,G85023,PZ999,28/10/2025,,,,,,,,,,,,,,,,,,,,,,,,,,,,,,2,,,,,,,,,
7989148935,01/04/2014,WC1A 1EP,99,D,1,30/09/2016,,,,G85023,PZ999,09/12/2025,152.8,49.53,09/12/2025,57.0,1,09/12/2025,6,2,99,105,54,09/12/2025,,,,,,,,,,,,,,,,,,,,,,,,,,,
7989148935,01/04/2014,WC1A 1EP,99,D,1,30/09/2016,,,,G85023,PZ999,26/02/2026,162.64,64.89,26/02/2026,58.0,1,26/02/2026,5,,99,96,57,26/02/2026,,,,,,,,,,,,,,,,,,,,,,,,,,,
7989148935,01/04/2014,WC1A 1EP,99,D,1,30/09/2016,,,,G85023,PZ999,27/01/2026,,,,,,,,,,,,,,,,,,,,,,,,,,,,,,2,,,,,,,,,
7989148935,01/04/2014,WC1A 1EP,99,D,1,30/09/2016,,,,G85023,PZ999,28/01/2026,150.92,56.08,28/01/2026,57.0,1,28/01/2026,4,,99,96,55,28/01/2026,,,,,,,,,,,,,,,,,,,,,,,,,,,
7989148935,01/04/2014,WC1A 1EP,99,D,1,30/09/2016,,,,G85023,PZ999,27/02/2026,,,,,,,,,,,,,,,,,,,,,,,,,,,,,,2,,,,,,,,,
4414726786,01/04/2014,WC1A 1AD,1,P,1,08/05/2018,,,,G85023,PZ999,26/04/2025,156.59,51.12,26/04/2025,54.0,1,26/04/2025,6,1,2,100,59,26/04/2025,,,,,,,,,,,,,,,,,,,,,,,,,,,
4414726786,01/04/2014,WC1A 1AD,1,P,1,08/05/2018,,,,G85023,PZ999,30/05/2025,,,,,,,,,,,,,,,,,,,,,,,,,,,,,,2,,,,,,,,,
4414726786,01/04/2014,WC1A 1AD,1,P,1,08/05/2018,,,,G85023,PZ999,04/06/2025,156.33,42.94,04/06/2025,53.0,1,04/06/2025,3,3,3,103,54,04/06/2025,,,,,,,,,,,,,,,,,,,,,,,,,,,
4414726786,01/04/2014,WC1A 1AD,1,P,1,08/05/2018,,,,G85023,PZ999,26/06/2025,,,,,,,,,,,,,,,,,,,,,,,,,,,,,,99,,,,,,,,,
4414726786,01/04/2014,WC1A 1AD,1,P,1,08/05/2018,,,,G85023,PZ999,28/08/2025,,,,,,,,,,,,,,,,,,,,,,,,,,,,,,2,,,,,,,,,
4414726786,01/04/2014,WC1A 1AD,1,P,1,08/05/2018,,,,G85023,PZ999,25/09/2025,,,,,,,,,,,,,,,,,,,,,,,,,,,,,,,,,,,25/09/2025,25/09/2025,2,3,
4414726786,01/04/2014,WC1A 1AD,1,P,1,08/05/2018,,,,G85023,PZ999,21/09/2025,,,,,,,,,,,,,,,,,,,,,,,,,21/09/2025,1,,,,,,,,,,,,,
4414726786,01/04/2014,WC1A 1AD,1,P,1,08/05/2018,,,,G85023,PZ999,21/07/2025,163.49,61.15,21/07/2025,54.0,1,21/07/2025,1,,3,96,56,21/07/2025,,,,,,,,,,,,,,,,,,,,,,,,,,,
4414726786,01/04/2014,WC1A 1AD,1,P,1,08/05/2018,,,,G85023,PZ999,29/11/2025,,,,,,,,,,,,,29/11/2025,29/11/2025,2,153.0,29/11/2025,2,2.7,29/11/2025,29/11/2025,3,29/11/2025,1,,,1,,29/11/2025,,,2,29/11/2025,29/11/2025,,,,,
4414726786,01/04/2014,WC1A 1AD,1,P,1,08/05/2018,,,,G85023,PZ999,05/11/2025,169.54,66.8,05/11/2025,56.0,1,05/11/2025,5,,4,101,54,05/11/2025,,,,,,,,,,,,,,,,,,,,,,,,,,,
4414726786,01/04/2014,WC1A 1AD,1,P,1,08/05/2018,,,,G85023,PZ999,12/12/2025,,,,,,,,,,,,,,,,,,,,,,,,,,,,,,99,,,,,,,,,
4414726786,01/04/2014,WC1A 1AD,1,P,1,08/05/2018,,,,G85023,PZ999,25/10/2025,150.63,53.6,25/10/2025,49.0,1,25/10/2025,1,,4,95,57,25/10/2025,,,,,,,,,,,,,,,,,,,,,,,,,,,
4414726786,01/04/2014,WC1A 1AD,1,P,1,08/05/2018,,,,G85023,PZ999,19/02/2026,152.14,50.24,19/02/2026,50.0,1,19/02/2026,3,3,2,98,56,19/02/2026,,,,,,,,,,,,,,,,,,,,,,,,,,,
4414726786,01/04/2014,WC1A 1AD,1,P,1,08/05/2018,,,,G85023,PZ999,03/01/2026,,,,,,,,,,,,,,,,,,,,,,,,,,,,,,2,,,,,,,,,
4414726786,01/04/2014,WC1A 1AD,1,P,1,08/05/2018,,,,G85023,PZ999,19/02/2026,156.79,55.93,19/02/2026,50.0,1,19/02/2026,6,1,2,102,59,19/02/2026,,,,,,,,,,,,,,,,,,,,,,,,,,,
4414726786,01/04/2014,WC1A 1AD,1,P,1,08/05/2018,,,,G85023,PZ999,12/02/2026,,,,,,,,,,,,,,,,,,,,,,,,,,,,,,1,12/02/2026,,,,,,,,
4923448571,01/04/2010,WC1A 1NL,2,N,1,27/12/2015,,,,G85023,PZ999,23/06/2025,157.85,69.0,23/06/2025,51.0,1,23/06/2025,4,,4,96,56,23/06/2025,,,,,,,,,,,,,,,,,,,,,,,,,,,
4923448571,01/04/2010,WC1A 1NL,2,N,1,27/12/2015,,,,G85023,PZ999,24/04/2025,,,,,,,,,,,,,,,,,,,,,,,,,,,,,,1,24/04/2025,,,,,,,,
4923448571,01/04/2010,WC1A 1NL,2,N,1,27/12/2015,,,,G85023,PZ999,25/06/2025,158.14,48.7,25/06/2025,50.0,1,25/06/2025,5,,4,97,50,25/06/2025,,,,,,,,,,,,,,,,,,,,,,,,,,,
4923448571,01/04/2010,WC1A 1NL,2,N,1,27/12/2015,,,,G85023,PZ999,02/06/2025,,,,,,,,,,,,,,,,,,,,,,,,,,,,,,1,02/06/2025,,,,,,,,
4923448571,01/04/2010,WC1A 1NL,2,N,1,27/12/2015,,,,G85023,PZ999,16/07/2025,,,,,,,,,,,,,,,,,,,,,,,,,,,,,,2,,,,,,,,,
4923448571,01/04/2010,WC1A 1NL,2,N,1,27/12/2015,,,,G85023,PZ999,29/09/2025,,,,,,,,,,,,,,,,,,,,,,,,,,,,,,,,,,,29/09/2025,29/09/2025,6,,test admission description
4923448571,01/04/2010,WC1A 1NL,2,N,1,27/12/2015,,,,G85023,PZ999,26/07/2025,,,,,,,,,,,,,,,,,,,,,,,,,26/07/2025,1,,,,,,,,,,,,,
4923448571,01/04/2010,WC1A 1NL,2,N,1,27/12/2015,,,,G85023,PZ999,16/07/2025,157.87,50.04,16/07/2025,58.0,1,16/07/2025,5,,2,96,58,16/07/2025,,,,,,,,,,,,,,,,,,,,,,,,,,,
4923448571,01/04/2010,WC1A 1NL,2,N,1,27/12/2015,,,,G85023,PZ999,11/12/2025,,,,,,,,,,,,,11/12/2025,11/12/2025,1,147.0,11/12/2025,2,4.61,11/12/2025,11/12/2025,1,11/12/2025,2,,,2,11/12/2025,11/12/2025,,,99,11/12/2025,11/12/2025,,,,,
4923448571,01/04/2010,WC1A 1NL,2,N,1,27/12/2015,,,,G85023,PZ999,05/10/2025,167.13,57.88,05/10/2025,50.0,1,05/10/2025,5,,5,105,52,05/10/2025,,,,,,,,,,,,,,,,,,,,,,,,,,,
4923448571,01/04/2010,WC1A 1NL,2,N,1,27/12/2015,,,,G85023,PZ999,02/10/2025,,,,,,,,,,,,,,,,,,,,,,,,,,,,,,2,,,,,,,,,
4923448571,01/04/2010,WC1A 1NL,2,N,1,27/12/2015,,,,G85023,PZ999,19/10/2025,164.81,63.86,19/10/2025,58.0,1,19/10/2025,3,2,5,98,56,19/10/2025,,,,,,,,,,,,,,,,,,,,,,,,,,,
4923448571,01/04/2010,WC1A 1NL,2,N,1,27/12/2015,,,,G85023,PZ999,12/02/2026,160.96,61.89,12/02/2026,52.0,1,12/02/2026,3,2,4,105,54,12/02/2026,,,,,,,,,,,,,,,,,,,,,,,,,,,
4923448571,01/04/2010,WC1A 1NL,2,N,1,27/12/2015,,,,G85023,PZ999,28/01/2026,,,,,,,,,,,,,,,,,,,,,,,,,,,,,,1,28/01/2026,,,,,,,,
4923448571,01/04/2010,WC1A 1NL,2,N,1,27/12/2015,,,,G85023,PZ999,30/03/2026,165.02,46.94,30/03/2026,56.0,1,30/03/2026,6,1,4,103,54,30/03/2026,,,,,,,,,,,,,,,,,,,,,,,,,,,
4923448571,01/04/2010,WC1A 1NL,2,N,1,27/12/2015,,,,G85023,PZ999,10/01/2026,,,,,,,,,,,,,,,,,,,,,,,,,,,,,,2,,,,,,,,,
7781873939,01/04/2011,WC1A 9UF,1,J,1,03/12/2019,,,,G85023,PZ999,19/04/2025,168.55,68.26,19/04/2025,51.0,1,19/04/2025,4,,5,103,51,19/04/2025,,,,,,,,,,,,,,,,,,,,,,,,,,,
7781873939,01/04/2011,WC1A 9UF,1,J,1,03/12/2019,,,,G85023,PZ999,04/06/2025,,,,,,,,,,,,,,,,,,,,,,,,,,,,,,2,,,,,,,,,
7781873939,01/04/2011,WC1A 9UF,1,J,1,03/12/2019,,,,G85023,PZ999,27/04/2025,150.2,57.86,27/04/2025,52.0,1,27/04/2025,3,2,99,98,50,27/04/2025,,,,,,,,,,,,,,,,,,,,,,,,,,,
7781873939,01/04/2011,WC1A 9UF,1,J,1,03/12/2019,,,,G85023,PZ999,19/06/2025,,,,,,,,,,,,,,,,,,,,,,,,,,,,,,2,,,,,,,,,
7781873939,01/04/2011,WC1A 9UF,1,J,1,03/12/2019,,,,G85023,PZ999,29/09/2025,,,,,,,,,,,,,,,,,,,,,,,,,,,,,,2,,,,,,,,,
7781873939,01/04/2011,WC1A 9UF,1,J,1,03/12/2019,,,,G85023,PZ999,09/08/2025,,,,,,,,,,,,,,,,,,,,,,,,,,,,,,,,,,,09/08/2025,09/08/2025,1,,
7781873939,01/04/2011,WC1A 9UF,1,J,1,03/12/2019,,,,G85023,PZ999,16/08/2025,,,,,,,,,,,,,,,,,,,,,,,,,16/08/2025,1,,,,,,,,,,,,,
7781873939,01/04/2011,WC1A 9UF,1,J,1,03/12/2019,,,,G85023,PZ999,25/08/2025,159.22,46.23,25/08/2025,58.0,1,25/08/2025,6,1,2,100,51,25/08/2025,,,,,,,,,,,,,,,,,,,,,,,,,,,
7781873939,01/04/2011,WC1A 9UF,1,J,1,03/12/2019,,,,G85023,PZ999,08/11/2025,,,,,,,,,,,,,08/11/2025,08/11/2025,2,266.0,08/11/2025,2,6.16,08/11/2025,08/11/2025,99,08/11/2025,1,,,99,,08/11/2025,,,2,08/11/2025,08/11/2025,,,,,
7781873939,01/04/2011,WC1A 9UF,1,J,1,03/12/2019,,,,G85023,PZ999,12/12/2025,156.7,50.57,12/12/2025,49.0,1,12/12/2025,2,,3,105,58,12/12/2025,,,,,,,,,,,,,,,,,,,,,,,,,,,
7781873939,01/04/2011,WC1A 9UF,1,J,1,03/12/2019,,,,G85023,PZ999,06/10/2025,,,,,,,,,,,,,,,,,,,,,,,,,,,,,,2,,,,,,,,,
7781873939,01/04/2011,WC1A 9UF,1,J,1,03/12/2019,,,,G85023,PZ999,06/10/2025,151.77,45.63,06/10/2025,55.0,1,06/10/2025,6,4,1,98,60,06/10/2025,,,,,,,,,,,,,,,,,,,,,,,,,,,
7781873939,01/04/2011,WC1A 9UF,1,J,1,03/12/2019,,,,G85023,PZ999,01/03/2026,151.0,52.99,01/03/2026,55.0,1,01/03/2026,3,4,4,104,60,01/03/2026,,,,,,,,,,,,,,,,,,,,,,,,,,,
7781873939,01/04/2011,WC1A 9UF,1,J,1,03/12/2019,,,,G85023,PZ999,19/03/2026,,,,,,,,,,,,,,,,,,,,,,,,,,,,,,99,,,,,,,,,
7781873939,01/04/2011,WC1A 9UF,1,J,1,03/12/2019,,,,G85023,PZ999,07/02/2026,164.78,53.07,07/02/2026,56.0,1,07/02/2026,4,,5,98,60,07/02/2026,,,,,,,,,,,,,,,,,,,,,,,,,,,
7781873939,01/04/2011,WC1A 9UF,1,J,1,03/12/2019,,,,G85023,PZ999,03/03/2026,,,,,,,,,,,,,,,,,,,,,,,,,,,,,,1,03/03/2026,,,,,,,,
4753410056,01/04/2013,WC1A 1HH,3,C,1,19/10/2019,,,,G85023,PZ999,26/05/2025,156.49,50.18,26/05/2025,48.0,1,26/05/2025,2,,2,98,52,26/05/2025,,,,,,,,,,,,,,,,,,,,,,,,,,,
4753410056,01/04/2013,WC1A 1HH,3,C,1,19/10/2019,,,,G85023,PZ999,24/05/2025,,,,,,,,,,,,,,,,,,,,,,,,,,,,,,1,24/05/2025,,,,,,,,
4753410056,01/04/2013,WC1A 1HH,3,C,1,19/10/2019,,,,G85023,PZ999,27/06/2025,160.13,68.59,27/06/2025,49.0,1,27/06/2025,3,1,4,99,55,27/06/2025,,,,,,,,,,,,,,,,,,,,,,,,,,,
4753410056,01/04/2013,WC1A 1HH,3,C,1,19/10/2019,,,,G85023,PZ999,30/05/2025,,,,,,,,,,,,,,,,,,,,,,,,,,,,,,2,,,,,,,,,
4753410056,01/04/2013,WC1A 1HH,3,C,1,19/10/2019,,,,G85023,PZ999,17/07/2025,,,,,,,,,,,,,,,,,,,,,,,,,,,,,,99,,,,,,,,,
4753410056,01/04/2013,WC1A 1HH,3,C,1,19/10/2019,,,,G85023,PZ999,28/09/2025,,,,,,,,,,,,,,,,,,,,,,,,,,,,,,,,,,,28/09/2025,28/09/2025,4,,
4753410056,01/04/2013,WC1A 1HH,3,C,1,19/10/2019,,,,G85023,PZ999,05/08/2025,,,,,,,,,,,,,,,,,,,,,,,,,05/08/2025,99,,,,,,,,,,,,,
4753410056,01/04/2013,WC1A 1HH,3,C,1,19/10/2019,,,,G85023,PZ999,23/09/2025,167.93,54.98,23/09/2025,53.0,1,23/09/2025,5,,2,97,60,23/09/2025,,,,,,,,,,,,,,,,,,,,,,,,,,,
4753410056,01/04/2013,WC1A 1HH,3,C,1,19/10/2019,,,,G85023,PZ999,26/10/2025,,,,,,,,,,,,,26/10/2025,26/10/2025,1,155.0,26/10/2025,3,2.4,26/10/2025,26/10/2025,3,26/10/2025,99,,,99,,26/10/2025,,,99,26/10/2025,26/10/2025,,,,,
4753410056,01/04/2013,WC1A 1HH,3,C,1,19/10/2019,,,,G85023,PZ999,30/11/2025,150.25,60.26,30/11/2025,54.0,1,30/11/2025,6,2,4,101,56,30/11/2025,,,,,,,,,,,,,,,,,,,,,,,,,,,
4753410056,01/04/2013,WC1A 1HH,3,C,1,19/10/2019,,,,G85023,PZ999,24/12/2025,,,,,,,,,,,,,,,,,,,,,,,,,,,,,,1,24/12/2025,,,,,,,,
4753410056,01/04/2013,WC1A 1HH,3,C,1,19/10/2019,,,,G85023,PZ999,13/10/2025,153.86,53.39,13/10/2025,54.0,1,13/10/2025,1,,3,96,58,13/10/2025,,,,,,,,,,,,,,,,,,,,,,,,,,,
4753410056,01/04/2013,WC1A 1HH,3,C,1,19/10/2019,,,,G85023,PZ999,11/03/2026,160.6,68.45,11/03/2026,49.0,1,11/03/2026,6,4,5,98,56,11/03/2026,,,,,,,,,,,,,,,,,,,,,,,,,,,
4753410056,01/04/2013,WC1A 1HH,3,C,1,19/10/2019,,,,G85023,PZ999,04/01/2026,,,,,,,,,,,,,,,,,,,,,,,,,,,,,,99,,,,,,,,,
4753410056,01/04/2013,WC1A 1HH,3,C,1,19/10/2019,,,,G85023,PZ999,05/02/2026,156.67,44.63,05/02/2026,50.0,1,05/02/2026,5,,2,102,56,05/02/2026,,,,,,,,,,,,,,,,,,,,,,,,,,,
4753410056,01/04/2013,WC1A 1HH,3,C,1,19/10/2019,,,,G85023,PZ999,08/02/2026,,,,,,,,,,,,,,,,,,,,,,,,,,,,,,2,,,,,,,,,
4213116808,01/04/2012,WC1A 9QE,1,F,1,06/11/2018,,,,G85023,PZ999,14/04/2025,151.4,60.28,14/04/2025,48.0,1,14/04/2025,2,,2,96,52,14/04/2025,,,,,,,,,,,,,,,,,,,,,,,,,,,
4213116808,01/04/2012,WC1A 9QE,1,F,1,06/11/2018,,,,G85023,PZ999,22/06/2025,,,,,,,,,,,,,,,,,,,,,,,,,,,,,,2,,,,,,,,,
4213116808,01/04/2012,WC1A 9QE,1,F,1,06/11/2018,,,,G85023,PZ999,12/04/2025,158.58,64.3,12/04/2025,48.0,1,12/04/2025,6,4,3,98,50,12/04/2025,,,,,,,,,,,,,,,,,,,,,,,,,,,
4213116808,01/04/2012,WC1A 9QE,1,F,1,06/11/2018,,,,G85023,PZ999,05/04/2025,,,,,,,,,,,,,,,,,,,,,,,,,,,,,,99,,,,,,,,,
4213116808,01/04/2012,WC1A 9QE,1,F,1,06/11/2018,,,,G85023,PZ999,25/09/2025,,,,,,,,,,,,,,,,,,,,,,,,,,,,,,99,,,,,,,,,
4213116808,01/04/2012,WC1A 9QE,1,F,1,06/11/2018,,,,G85023,PZ999,22/08/2025,,,,,,,,,,,,,,,,,,,,,,,,,,,,,,,,,,,22/08/2025,22/08/2025,1,,
4213116808,01/04/2012,WC1A 9QE,1,F,1,06/11/2018,,,,G85023,PZ999,04/09/2025,,,,,,,,,,,,,,,,,,,,,,,,,04/09/2025,99,,,,,,,,,,,,,
4213116808,01/04/2012,WC1A 9QE,1,F,1,06/11/2018,,,,G85023,PZ999,06/07/2025,158.26,41.79,06/07/2025,50.0,1,06/07/2025,1,,2,99,55,06/07/2025,,,,,,,,,,,,,,,,,,,,,,,,,,,
4213116808,01/04/2012,WC1A 9QE,1,F,1,06/11/2018,,,,G85023,PZ999,07/11/2025,,,,,,,,,,,,,07/11/2025,07/11/2025,1,148.0,07/11/2025,99,4.88,07/11/2025,07/11/2025,99,07/11/2025,1,,,1,,07/11/2025,,,1,07/11/2025,07/11/2025,,,,,
4213116808,01/04/2012,WC1A 9QE,1,F,1,06/11/2018,,,,G85023,PZ999,02/11/2025,166.41,44.18,02/11/2025,48.0,1,02/11/2025,3,2,5,95,51,02/11/2025,,,,,,,,,,,,,,,,,,,,,,,,,,,
4213116808,01/04/2012,WC1A 9QE,1,F,1,06/11/2018,,,,G85023,PZ999,05/11/2025,,,,,,,,,,,,,,,,,,,,,,,,,,,,,,99,,,,,,,,,
4213116808,01/04/2012,WC1A 9QE,1,F,1,06/11/2018,,,,G85023,PZ999,23/12/2025,165.6,50.12,23/12/2025,48.0,1,23/12/2025,2,,2,100,60,23/12/2025,,,,,,,,,,,,,,,,,,,,,,,,,,,
4213116808,01/04/2012,WC1A 9QE,1,F,1,06/11/2018,,,,G85023,PZ999,05/01/2026,166.99,48.06,05/01/2026,49.0,1,05/01/2026,1,,2,104,57,05/01/2026,,,,,,,,,,,,,,,,,,,,,,,,,,,
4213116808,01/04/2012,WC1A 9QE,1,F,1,06/11/2018,,,,G85023,PZ999,02/01/2026,,,,,,,,,,,,,,,,,,,,,,,,,,,,,,99,,,,,,,,,
4213116808,01/04/2012,WC1A 9QE,1,F,1,06/11/2018,,,,G85023,PZ999,04/03/2026,152.18,68.59,04/03/2026,51.0,1,04/03/2026,3,2,5,101,52,04/03/2026,,,,,,,,,,,,,,,,,,,,,,,,,,,
4213116808,01/04/2012,WC1A 9QE,1,F,1,06/11/2018,,,,G85023,PZ999,12/03/2026,,,,,,,,,,,,,,,,,,,,,,,,,,,,,,2,,,,,,,,,
4843618535,01/04/2014,WC1A 1HU,2,K,1,31/08/2017,,,,G85023,PZ999,18/05/2025,150.24,42.29,18/05/2025,55.0,1,18/05/2025,5,,3,104,60,18/05/2025,,,,,,,,,,,,,,,,,,,,,,,,,,,
4843618535,01/04/2014,WC1A 1HU,2,K,1,31/08/2017,,,,G85023,PZ999,03/04/2025,,,,,,,,,,,,,,,,,,,,,,,,,,,,,,99,,,,,,,,,
4843618535,01/04/2014,WC1A 1HU,2,K,1,31/08/2017,,,,G85023,PZ999,11/05/2025,160.29,43.27,11/05/2025,58.0,1,11/05/2025,6,4,3,97,58,11/05/2025,,,,,,,,,,,,,,,,,,,,,,,,,,,
4843618535,01/04/2014,WC1A 1HU,2,K,1,31/08/2017,,,,G85023,PZ999,26/06/2025,,,,,,,,,,,,,,,,,,,,,,,,,,,,,,1,26/06/2025,,,,,,,,
4843618535,01/04/2014,WC1A 1HU,2,K,1,31/08/2017,,,,G85023,PZ999,28/08/2025,,,,,,,,,,,,,,,,,,,,,,,,,,,,,,1,28/08/2025,,,,,,,,
4843618535,01/04/2014,WC1A 1HU,2,K,1,31/08/2017,,,,G85023,PZ999,19/07/2025,,,,,,,,,,,,,,,,,,,,,,,,,,,,,,,,,,,19/07/2025,19/07/2025,2,1,
4843618535,01/04/2014,WC1A 1HU,2,K,1,31/08/2017,,,,G85023,PZ999,15/09/2025,,,,,,,,,,,,,,,,,,,,,,,,,15/09/2025,2,,,,,,,,,,,,,
4843618535,01/04/2014,WC1A 1HU,2,K,1,31/08/2017,,,,G85023,PZ999,12/09/2025,156.8,48.07,12/09/2025,56.0,1,12/09/2025,3,4,99,97,58,12/09/2025,,,,,,,,,,,,,,,,,,,,,,,,,,,
4843618535,01/04/2014,WC1A 1HU,2,K,1,31/08/2017,,,,G85023,PZ999,11/12/2025,,,,,,,,,,,,,11/12/2025,11/12/2025,1,139.0,11/12/2025,2,5.12,11/12/2025,11/12/2025,99,11/12/2025,99,,,99,,11/12/2025,,,99,11/12/2025,11/12/2025,,,,,
4843618535,01/04/2014,WC1A 1HU,2,K,1,31/08/2017,,,,G85023,PZ999,22/11/2025,164.88,42.17,22/11/2025,48.0,1,22/11/2025,5,,3,103,55,22/11/2025,,,,,,,,,,,,,,,,,,,,,,,,,,,
4843618535,01/04/2014,WC1A 1HU,2,K,1,31/08/2017,,,,G85023,PZ999,28/10/2025,,,,,,,,,,,,,,,,,,,,,,,,,,,,,,99,,,,,,,,,
4843618535,01/04/2014,WC1A 1HU,2,K,1,31/08/2017,,,,G85023,PZ999,18/10/2025,150.56,57.58,18/10/2025,52.0,1,18/10/2025,1,,2,104,50,18/10/2025,,,,,,,,,,,,,,,,,,,,,,,,,,,
4843618535,01/04/2014,WC1A 1HU,2,K,1,31/08/2017,,,,G85023,PZ999,22/01/2026,154.8,56.51,22/01/2026,58.0,1,22/01/2026,5,,99,103,57,22/01/2026,,,,,,,,,,,,,,,,,,,,,,,,,,,
4843618535,01/04/2014,WC1A 1HU,2,K,1,31/08/2017,,,,G85023,PZ999,14/03/2026,,,,,,,,,,,,,,,,,,,,,,,,,,,,,,2,,,,,,,,,
4843618535,01/04/2014,WC1A 1HU,2,K,1,31/08/2017,,,,G85023,PZ999,13/02/2026,153.61,42.91,13/02/2026,56.0,1,13/02/2026,5,,3,100,51,13/02/2026,,,,,,,,,,,,,,,,,,,,,,,,,,,
4843618535,01/04/2014,WC1A 1HU,2,K,1,31/08/2017,,,,G85023,PZ999,22/03/2026,,,,,,,,,,,,,,,,,,,,,,,,,,,,,,2,,,,,,,,,
6182299681,01/04/2011,WC1A 1BH,1,B,1,04/11/2023,,,,G85023,PZ999,09/06/2025,154.57,42.67,09/06/2025,48.0,1,09/06/2025,1,,1,105,59,09/06/2025,,,,,,,,,,,,,,,,,,,,,,,,,,,
6182299681,01/04/2011,WC1A 1BH,1,B,1,04/11/2023,,,,G85023,PZ999,01/04/2025,,,,,,,,,,,,,,,,,,,,,,,,,,,,,,99,,,,,,,,,
6182299681,01/04/2011,WC1A 1BH,1,B,1,04/11/2023,,,,G85023,PZ999,17/05/2025,168.46,45.73,17/05/2025,53.0,1,17/05/2025,1,,99,97,52,17/05/2025,,,,,,,,,,,,,,,,,,,,,,,,,,,
6182299681,01/04/2011,WC1A 1BH,1,B,1,04/11/2023,,,,G85023,PZ999,03/06/2025,,,,,,,,,,,,,,,,,,,,,,,,,,,,,,1,03/06/2025,,,,,,,,
6182299681,01/04/2011,WC1A 1BH,1,B,1,04/11/2023,,,,G85023,PZ999,19/09/2025,,,,,,,,,,,,,,,,,,,,,,,,,,,,,,99,,,,,,,,,
6182299681,01/04/2011,WC1A 1BH,1,B,1,04/11/2023,,,,G85023,PZ999,23/07/2025,,,,,,,,,,,,,,,,,,,,,,,,,,,,,,,,,,,23/07/2025,23/07/2025,3,,
6182299681,01/04/2011,WC1A 1BH,1,B,1,04/11/2023,,,,G85023,PZ999,16/09/2025,,,,,,,,,,,,,,,,,,,,,,,,,16/09/2025,1,,,,,,,,,,,,,
6182299681,01/04/2011,WC1A 1BH,1,B,1,04/11/2023,,,,G85023,PZ999,17/07/2025,150.02,45.97,17/07/2025,56.0,1,17/07/2025,3,2,2,99,60,17/07/2025,,,,,,,,,,,,,,,,,,,,,,,,,,,
6182299681,01/04/2011,WC1A 1BH,1,B,1,04/11/2023,,,,G85023,PZ999,28/12/2025,,,,,,,,,,,,,28/12/2025,28/12/2025,99,27.0,28/12/2025,3,6.8,28/12/2025,28/12/2025,2,28/12/2025,1,,,1,,28/12/2025,,,1,28/12/2025,28/12/2025,,,,,
6182299681,01/04/2011,WC1A 1BH,1,B,1,04/11/2023,,,,G85023,PZ999,16/12/2025,158.37,59.76,16/12/2025,51.0,1,16/12/2025,4,,3,96,60,16/12/2025,,,,,,,,,,,,,,,,,,,,,,,,,,,
6182299681,01/04/2011,WC1A 1BH,1,B,1,04/11/2023,,,,G85023,PZ999,27/10/2025,,,,,,,,,,,,,,,,,,,,,,,,,,,,,,2,,,,,,,,,
6182299681,01/04/2011,WC1A 1BH,1,B,1,04/11/2023,,,,G85023,PZ999,08/12/2025,167.46,58.9,08/12/2025,54.0,1,08/12/2025,1,,4,104,50,08/12/2025,,,,,,,,,,,,,,,,,,,,,,,,,,,
6182299681,01/04/2011,WC1A 1BH,1,B,1,04/11/2023,,,,G85023,PZ999,07/01/2026,162.21,51.1,07/01/2026,58.0,1,07/01/2026,3,3,99,97,52,07/01/2026,,,,,,,,,,,,,,,,,,,,,,,,,,,
6182299681,01/04/2011,WC1A 1BH,1,B,1,04/11/2023,,,,G85023,PZ999,08/01/2026,,,,,,,,,,,,,,,,,,,,,,,,,,,,,,99,,,,,,,,,
6182299681,01/04/2011,WC1A 1BH,1,B,1,04/11/2023,,,,G85023,PZ999,19/02/2026,159.08,43.15,19/02/2026,57.0,1,19/02/2026,1,,1,102,52,19/02/2026,,,,,,,,,,,,,,,,,,,,,,,,,,,
6182299681,01/04/2011,WC1A 1BH,1,B,1,04/11/2023,,,,G85023,PZ999,19/02/2026,,,,,,,,,,,,,,,,,,,,,,,,,,,,,,2,,,,,,,,,
7154342757,01/04/2013,WC1A 9SN,1,Z,1,16/12/2023,,,,G85023,PZ999,11/06/2025,151.56,63.65,11/06/2025,56.0,1,11/06/2025,1,,4,105,54,11/06/2025,,,,,,,,,,,,,,,,,,,,,,,,,,,
7154342757,01/04/2013,WC1A 9SN,1,Z,1,16/12/2023,,,,G85023,PZ999,10/05/2025,,,,,,,,,,,,,,,,,,,,,,,,,,,,,,1,10/05/2025,,,,,,,,
7154342757,01/04/2013,WC1A 9SN,1,Z,1,16/12/2023,,,,G85023,PZ999,05/04/2025,160.92,61.91,05/04/2025,48.0,1,05/04/2025,3,2,1,101,52,05/04/2025,,,,,,,,,,,,,,,,,,,,,,,,,,,
7154342757,01/04/2013,WC1A 9SN,1,Z,1,16/12/2023,,,,G85023,PZ999,17/04/2025,,,,,,,,,,,,,,,,,,,,,,,,,,,,,,1,17/04/2025,,,,,,,,
7154342757,01/04/2013,WC1A 9SN,1,Z,1,16/12/2023,,,,G85023,PZ999,24/08/2025,,,,,,,,,,,,,,,,,,,,,,,,,,,,,,99,,,,,,,,,
7154342757,01/04/2013,WC1A 9SN,1,Z,1,16/12/2023,,,,G85023,PZ999,05/08/2025,,,,,,,,,,,,,,,,,,,,,,,,,,,,,,,,,,,05/08/2025,05/08/2025,3,,
7154342757,01/04/2013,WC1A 9SN,1,Z,1,16/12/2023,,,,G85023,PZ999,29/08/2025,,,,,,,,,,,,,,,,,,,,,,,,,29/08/2025,1,,,,,,,,,,,,,
7154342757,01/04/2013,WC1A 9SN,1,Z,1,16/12/2023,,,,G85023,PZ999,01/07/2025,165.59,61.74,01/07/2025,50.0,1,01/07/2025,2,,5,101,54,01/07/2025,,,,,,,,,,,,,,,,,,,,,,,,,,,
7154342757,01/04/2013,WC1A 9SN,1,Z,1,16/12/2023,,,,G85023,PZ999,02/11/2025,,,,,,,,,,,,,02/11/2025,02/11/2025,99,257.0,02/11/2025,3,6.84,02/11/2025,02/11/2025,99,02/11/2025,99,,,99,,02/11/2025,,,1,02/11/2025,02/11/2025,,,,,
7154342757,01/04/2013,WC1A 9SN,1,Z,1,16/12/2023,,,,G85023,PZ999,09/12/2025,150.09,41.38,09/12/2025,58.0,1,09/12/2025,6,3,2,102,50,09/12/2025,,,,,,,,,,,,,,,,,,,,,,,,,,,
7154342757,01/04/2013,WC1A 9SN,1,Z,1,16/12/2023,,,,G85023,PZ999,16/12/2025,,,,,,,,,,,,,,,,,,,,,,,,,,,,,,1,16/12/2025,,,,,,,,
7154342757,01/04/2013,WC1A 9SN,1,Z,1,16/12/2023,,,,G85023,PZ999,12/10/2025,165.47,65.39,12/10/2025,48.0,1,12/10/2025,6,3,99,104,50,12/10/2025,,,,,,,,,,,,,,,,,,,,,,,,,,,
7154342757,01/04/2013,WC1A 9SN,1,Z,1,16/12/2023,,,,G85023,PZ999,28/03/2026,154.5,49.5,28/03/2026,58.0,1,28/03/2026,3,2,2,99,55,28/03/2026,,,,,,,,,,,,,,,,,,,,,,,,,,,
7154342757,01/04/2013,WC1A 9SN,1,Z,1,16/12/2023,,,,G85023,PZ999,01/01/2026,,,,,,,,,,,,,,,,,,,,,,,,,,,,,,99,,,,,,,,,
7154342757,01/04/2013,WC1A 9SN,1,Z,1,16/12/2023,,,,G85023,PZ999,11/03/2026,156.48,40.65,11/03/2026,54.0,1,11/03/2026,4,,99,103,57,11/03/2026,,,,,,,,,,,,,,,,,,,,,,,,,,,
7154342757,01/04/2013,WC1A 9SN,1,Z,1,16/12/2023,,,,G85023,PZ999,21/03/2026,,,,,,,,,,,,,,,,,,,,,,,,,,,,,,2,,,,,,,,,
4881693077,01/04/2010,WC1A 9UF,3,L,1,19/07/2015,,,,G85023,PZ999,01/05/2025,162.73,61.8,01/05/2025,48.0,1,01/05/2025,6,1,3,100,51,01/05/2025,,,,,,,,,,,,,,,,,,,,,,,,,,,
4881693077,01/04/2010,WC1A 9UF,3,L,1,19/07/2015,,,,G85023,PZ999,29/04/2025,,,,,,,,,,,,,,,,,,,,,,,,,,,,,,99,,,,,,,,,
4881693077,01/04/2010,WC1A 9UF,3,L,1,19/07/2015,,,,G85023,PZ999,20/06/2025,161.41,45.2,20/06/2025,51.0,1,20/06/2025,1,,99,99,52,20/06/2025,,,,,,,,,,,,,,,,,,,,,,,,,,,
4881693077,01/04/2010,WC1A 9UF,3,L,1,19/07/2015,,,,G85023,PZ999,20/06/2025,,,,,,,,,,,,,,,,,,,,,,,,,,,,,,99,,,,,,,,,
4881693077,01/04/2010,WC1A 9UF,3,L,1,19/07/2015,,,,G85023,PZ999,31/07/2025,,,,,,,,,,,,,,,,,,,,,,,,,,,,,,2,,,,,,,,,
4881693077,01/04/2010,WC1A 9UF,3,L,1,19/07/2015,,,,G85023,PZ999,27/08/2025,,,,,,,,,,,,,,,,,,,,,,,,,,,,,,,,,,,27/08/2025,27/08/2025,2,2,
4881693077,01/04/2010,WC1A 9UF,3,L,1,19/07/2015,,,,G85023,PZ999,28/08/2025,,,,,,,,,,,,,,,,,,,,,,,,,28/08/2025,99,,,,,,,,,,,,,
4881693077,01/04/2010,WC1A 9UF,3,L,1,19/07/2015,,,,G85023,PZ999,18/07/2025,161.19,43.7,18/07/2025,50.0,1,18/07/2025,5,,4,96,51,18/07/2025,,,,,,,,,,,,,,,,,,,,,,,,,,,
4881693077,01/04/2010,WC1A 9UF,3,L,1,19/07/2015,,,,G85023,PZ999,27/11/2025,,,,,,,,,,,,,27/11/2025,27/11/2025,1,93.0,27/11/2025,3,5.85,27/11/2025,27/11/2025,2,27/11/2025,1,,,2,27/11/2025,27/11/2025,,,2,27/11/2025,27/11/2025,,,,,
4881693077,01/04/2010,WC1A 9UF,3,L,1,19/07/2015,,,,G85023,PZ999,21/11/2025,160.05,62.8,21/11/2025,52.0,1,21/11/2025,1,,1,97,55,21/11/2025,,,,,,,,,,,,,,,,,,,,,,,,,,,
4881693077,01/04/2010,WC1A 9UF,3,L,1,19/07/2015,,,,G85023,PZ999,11/12/2025,,,,,,,,,,,,,,,,,,,,,,,,,,,,,,2,,,,,,,,,
4881693077,01/04/2010,WC1A 9UF,3,L,1,19/07/2015,,,,G85023,PZ999,30/12/2025,162.45,62.79,30/12/2025,48.0,1,30/12/2025,1,,1,105,57,30/12/2025,,,,,,,,,,,,,,,,,,,,,,,,,,,
4881693077,01/04/2010,WC1A 9UF,3,L,1,19/07/2015,,,,G85023,PZ999,11/01/2026,153.12,41.59,11/01/2026,54.0,1,11/01/2026,2,,2,97,56,11/01/2026,,,,,,,,,,,,,,,,,,,,,,,,,,,
4881693077,01/04/2010,WC1A 9UF,3,L,1,19/07/2015,,,,G85023,PZ999,13/02/2026,,,,,,,,,,,,,,,,,,,,,,,,,,,,,,99,,,,,,,,,
4881693077,01/04/2010,WC1A 9UF,3,L,1,19/07/2015,,,,G85023,PZ999,20/03/2026,163.47,62.11,20/03/2026,56.0,1,20/03/2026,2,,5,99,60,20/03/2026,,,,,,,,,,,,,,,,,,,,,,,,,,,
4881693077,01/04/2010,WC1A 9UF,3,L,1,19/07/2015,,,,G85023,PZ999,04/03/2026,,,,,,,,,,,,,,,,,,,,,,,,,,,,,,1,04/03/2026,,,,,,,,
4139279893,01/04/2013,WC1A 1HL,3,C,1,15/09/2019,,,,G85023,PZ999,03/04/2025,160.07,49.25,03/04/2025,57.0,1,03/04/2025,4,,99,100,55,03/04/2025,,,,,,,,,,,,,,,,,,,,,,,,,,,
4139279893,01/04/2013,WC1A 1HL,3,C,1,15/09/2019,,,,G85023,PZ999,10/04/2025,,,,,,,,,,,,,,,,,,,,,,,,,,,,,,99,,,,,,,,,
4139279893,01/04/2013,WC1A 1HL,3,C,1,15/09/2019,,,,G85023,PZ999,10/05/2025,167.36,47.99,10/05/2025,58.0,1,10/05/2025,2,,5,95,55,10/05/2025,,,,,,,,,,,,,,,,,,,,,,,,,,,
4139279893,01/04/2013,WC1A 1HL,3,C,1,15/09/2019,,,,G85023,PZ999,16/06/2025,,,,,,,,,,,,,,,,,,,,,,,,,,,,,,1,16/06/2025,,,,,,,,
4139279893,01/04/2013,WC1A 1HL,3,C,1,15/09/2019,,,,G85023,PZ999,13/08/2025,,,,,,,,,,,,,,,,,,,,,,,,,,,,,,99,,,,,,,,,
4139279893,01/04/2013,WC1A 1HL,3,C,1,15/09/2019,,,,G85023,PZ999,19/09/2025,,,,,,,,,,,,,,,,,,,,,,,,,,,,,,,,,,,19/09/2025,19/09/2025,4,,
4139279893,01/04/2013,WC1A 1HL,3,C,1,15/09/2019,,,,G85023,PZ999,23/07/2025,,,,,,,,,,,,,,,,,,,,,,,,,23/07/2025,99,,,,,,,,,,,,,
4139279893,01/04/2013,WC1A 1HL,3,C,1,15/09/2019,,,,G85023,PZ999,26/08/2025,157.7,44.83,26/08/2025,52.0,1,26/08/2025,1,,4,101,55,26/08/2025,,,,,,,,,,,,,,,,,,,,,,,,,,,
4139279893,01/04/2013,WC1A 1HL,3,C,1,15/09/2019,,,,G85023,PZ999,19/11/2025,,,,,,,,,,,,,19/11/2025,19/11/2025,1,17.0,19/11/2025,99,2.2,19/11/2025,19/11/2025,2,19/11/2025,1,,,2,19/11/2025,19/11/2025,,,2,19/11/2025,19/11/2025,,,,,
4139279893,01/04/2013,WC1A 1HL,3,C,1,15/09/2019,,,,G85023,PZ999,07/12/2025,165.73,44.97,07/12/2025,50.0,1,07/12/2025,4,,2,97,53,07/12/2025,,,,,,,,,,,,,,,,,,,,,,,,,,,
4139279893,01/04/2013,WC1A 1HL,3,C,1,15/09/2019,,,,G85023,PZ999,07/10/2025,,,,,,,,,,,,,,,,,,,,,,,,,,,,,,1,07/10/2025,,,,,,,,
4139279893,01/04/2013,WC1A 1HL,3,C,1,15/09/2019,,,,G85023,PZ999,06/10/2025,166.61,56.2,06/10/2025,55.0,1,06/10/2025,2,,99,103,58,06/10/2025,,,,,,,,,,,,,,,,,,,,,,,,,,,
4139279893,01/04/2013,WC1A 1HL,3,C,1,15/09/2019,,,,G85023,PZ999,25/01/2026,169.6,53.47,25/01/2026,51.0,1,25/01/2026,3,3,1,99,52,25/01/2026,,,,,,,,,,,,,,,,,,,,,,,,,,,
4139279893,01/04/2013,WC1A 1HL,3,C,1,15/09/2019,,,,G85023,PZ999,11/03/2026,,,,,,,,,,,,,,,,,,,,,,,,,,,,,,2,,,,,,,,,
4139279893,01/04/2013,WC1A 1HL,3,C,1,15/09/2019,,,,G85023,PZ999,27/02/2026,155.86,56.24,27/02/2026,58.0,1,27/02/2026,6,4,5,99,57,27/02/2026,,,,,,,,,,,,,,,,,,,,,,,,,,,
4139279893,01/04/2013,WC1A 1HL,3,C,1,15/09/2019,,,,G85023,PZ999,19/02/2026,,,,,,,,,,,,,,,,,,,,,,,,,,,,,,1,19/02/2026,,,,,,,,
6361691454,01/04/2010,WC1A 9JE,99,M,1,08/07/2024,,,,G85023,PZ999,02/06/2025,154.27,65.32,02/06/2025,52.0,1,02/06/2025,4,,2,99,55,02/06/2025,,,,,,,,,,,,,,,,,,,,,,,,,,,
6361691454,01/04/2010,WC1A 9JE,99,M,1,08/07/2024,,,,G85023,PZ999,03/05/2025,,,,,,,,,,,,,,,,,,,,,,,,,,,,,,2,,,,,,,,,
6361691454,01/04/2010,WC1A 9JE,99,M,1,08/07/2024,,,,G85023,PZ999,22/06/2025,166.07,68.7,22/06/2025,57.0,1,22/06/2025,5,,1,97,55,22/06/2025,,,,,,,,,,,,,,,,,,,,,,,,,,,
6361691454,01/04/2010,WC1A 9JE,99,M,1,08/07/2024,,,,G85023,PZ999,07/06/2025,,,,,,,,,,,,,,,,,,,,,,,,,,,,,,99,,,,,,,,,
6361691454,01/04/2010,WC1A 9JE,99,M,1,08/07/2024,,,,G85023,PZ999,31/07/2025,,,,,,,,,,,,,,,,,,,,,,,,,,,,,,99,,,,,,,,,
6361691454,01/04/2010,WC1A 9JE,99,M,1,08/07/2024,,,,G85023,PZ999,13/08/2025,,,,,,,,,,,,,,,,,,,,,,,,,,,,,,,,,,,13/08/2025,13/08/2025,2,3,
6361691454,01/04/2010,WC1A 9JE,99,M,1,08/07/2024,,,,G85023,PZ999,23/08/2025,,,,,,,,,,,,,,,,,,,,,,,,,23/08/2025,1,,,,,,,,,,,,,
6361691454,01/04/2010,WC1A 9JE,99,M,1,08/07/2024,,,,G85023,PZ999,01/07/2025,160.07,60.16,01/07/2025,56.0,1,01/07/2025,1,,2,102,53,01/07/2025,,,,,,,,,,,,,,,,,,,,,,,,,,,
6361691454,01/04/2010,WC1A 9JE,99,M,1,08/07/2024,,,,G85023,PZ999,12/11/2025,,,,,,,,,,,,,12/11/2025,12/11/2025,1,195.0,12/11/2025,3,5.08,12/11/2025,12/11/2025,99,12/11/2025,1,,,2,12/11/2025,12/11/2025,,,1,12/11/2025,12/11/2025,,,,,
6361691454,01/04/2010,WC1A 9JE,99,M,1,08/07/2024,,,,G85023,PZ999,07/12/2025,155.57,41.27,07/12/2025,58.0,1,07/12/2025,1,,3,100,51,07/12/2025,,,,,,,,,,,,,,,,,,,,,,,,,,,
6361691454,01/04/2010,WC1A 9JE,99,M,1,08/07/2024,,,,G85023,PZ999,24/11/2025,,,,,,,,,,,,,,,,,,,,,,,,,,,,,,2,,,,,,,,,
6361691454,01/04/2010,WC1A 9JE,99,M,1,08/07/2024,,,,G85023,PZ999,24/12/2025,165.72,44.9,24/12/2025,55.0,1,24/12/2025,3,3,5,96,52,24/12/2025,,,,,,,,,,,,,,,,,,,,,,,,,,,
6361691454,01/04/2010,WC1A 9JE,99,M,1,08/07/2024,,,,G85023,PZ999,28/03/2026,151.77,57.2,28/03/2026,49.0,1,28/03/2026,4,,99,97,57,28/03/2026,,,,,,,,,,,,,,,,,,,,,,,,,,,
6361691454,01/04/2010,WC1A 9JE,99,M,1,08/07/2024,,,,G85023,PZ999,13/02/2026,,,,,,,,,,,,,,,,,,,,,,,,,,,,,,99,,,,,,,,,
6361691454,01/04/2010,WC1A 9JE,99,M,1,08/07/2024,,,,G85023,PZ999,13/01/2026,150.9,44.88,13/01/2026,57.0,1,13/01/2026,3,2,99,103,51,13/01/2026,,,,,,,,,,,,,,,,,,,,,,,,,,,
6361691454,01/04/2010,WC1A 9JE,99,M,1,08/07/2024,,,,G85023,PZ999,19/01/2026,,,,,,,,,,,,,,,,,,,,,,,,,,,,,,1,19/01/2026,,,,,,,,
4564047612,01/04/2014,WC1A 9JE,99,J,1,28/10/2023,,,,G85023,PZ999,20/06/2025,167.77,69.29,20/06/2025,56.0,1,20/06/2025,2,,3,101,60,20/06/2025,,,,,,,,,,,,,,,,,,,,,,,,,,,
4564047612,01/04/2014,WC1A 9JE,99,J,1,28/10/2023,,,,G85023,PZ999,15/04/2025,,,,,,,,,,,,,,,,,,,,,,,,,,,,,,1,15/04/2025,,,,,,,,
4564047612,01/04/2014,WC1A 9JE,99,J,1,28/10/2023,,,,G85023,PZ999,19/04/2025,158.37,58.08,19/04/2025,53.0,1,19/04/2025,4,,1,97,56,19/04/2025,,,,,,,,,,,,,,,,,,,,,,,,,,,
4564047612,01/04/2014,WC1A 9JE,99,J,1,28/10/2023,,,,G85023,PZ999,10/04/2025,,,,,,,,,,,,,,,,,,,,,,,,,,,,,,99,,,,,,,,,
4564047612,01/04/2014,WC1A 9JE,99,J,1,28/10/2023,,,,G85023,PZ999,05/09/2025,,,,,,,,,,,,,,,,,,,,,,,,,,,,,,99,,,,,,,,,
4564047612,01/04/2014,WC1A 9JE,99,J,1,28/10/2023,,,,G85023,PZ999,25/08/2025,,,,,,,,,,,,,,,,,,,,,,,,,,,,,,,,,,,25/08/2025,25/08/2025,4,,
4564047612,01/04/2014,WC1A 9JE,99,J,1,28/10/2023,,,,G85023,PZ999,08/09/2025,,,,,,,,,,,,,,,,,,,,,,,,,08/09/2025,1,,,,,,,,,,,,,
4564047612,01/04/2014,WC1A 9JE,99,J,1,28/10/2023,,,,G85023,PZ999,29/07/2025,157.39,44.64,29/07/2025,57.0,1,29/07/2025,6,2,2,98,55,29/07/2025,,,,,,,,,,,,,,,,,,,,,,,,,,,
4564047612,01/04/2014,WC1A 9JE,99,J,1,28/10/2023,,,,G85023,PZ999,18/12/2025,,,,,,,,,,,,,18/12/2025,18/12/2025,99,43.0,18/12/2025,2,4.23,18/12/2025,18/12/2025,99,18/12/2025,99,,,1,,18/12/2025,,,2,18/12/2025,18/12/2025,,,,,
4564047612,01/04/2014,WC1A 9JE,99,J,1,28/10/2023,,,,G85023,PZ999,22/11/2025,166.52,67.69,22/11/2025,48.0,1,22/11/2025,1,,99,101,53,22/11/2025,,,,,,,,,,,,,,,,,,,,,,,,,,,
4564047612,01/04/2014,WC1A 9JE,99,J,1,28/10/2023,,,,G85023,PZ999,25/11/2025,,,,,,,,,,,,,,,,,,,,,,,,,,,,,,99,,,,,,,,,
4564047612,01/04/2014,WC1A 9JE,99,J,1,28/10/2023,,,,G85023,PZ999,05/12/2025,159.13,69.36,05/12/2025,52.0,1,05/12/2025,3,4,1,100,58,05/12/2025,,,,,,,,,,,,,,,,,,,,,,,,,,,
4564047612,01/04/2014,WC1A 9JE,99,J,1,28/10/2023,,,,G85023,PZ999,03/02/2026,156.58,42.37,03/02/2026,54.0,1,03/02/2026,4,,4,99,58,03/02/2026,,,,,,,,,,,,,,,,,,,,,,,,,,,
4564047612,01/04/2014,WC1A 9JE,99,J,1,28/10/2023,,,,G85023,PZ999,19/01/2026,,,,,,,,,,,,,,,,,,,,,,,,,,,,,,2,,,,,,,,,
4564047612,01/04/2014,WC1A 9JE,99,J,1,28/10/2023,,,,G85023,PZ999,05/03/2026,166.83,48.38,05/03/2026,52.0,1,05/03/2026,5,,5,95,51,05/03/2026,,,,,,,,,,,,,,,,,,,,,,,,,,,
4564047612,01/04/2014,WC1A 9JE,99,J,1,28/10/2023,,,,G85023,PZ999,28/02/2026,,,,,,,,,,,,,,,,,,,,,,,,,,,,,,1,28/02/2026,,,,,,,,
7725780157,01/04/2010,WC1A 2HR,1,N,1,20/04/2019,,,,G85023,PZ999,21/05/2025,151.61,49.14,21/05/2025,53.0,1,21/05/2025,5,,99,100,50,21/05/2025,,,,,,,,,,,,,,,,,,,,,,,,,,,
7725780157,01/04/2010,WC1A 2HR,1,N,1,20/04/2019,,,,G85023,PZ999,22/06/2025,,,,,,,,,,,,,,,,,,,,,,,,,,,,,,1,22/06/2025,,,,,,,,
7725780157,01/04/2010,WC1A 2HR,1,N,1,20/04/2019,,,,G85023,PZ999,11/06/2025,156.14,53.44,11/06/2025,57.0,1,11/06/2025,5,,4,100,59,11/06/2025,,,,,,,,,,,,,,,,,,,,,,,,,,,
7725780157,01/04/2010,WC1A 2HR,1,N,1,20/04/2019,,,,G85023,PZ999,12/05/2025,,,,,,,,,,,,,,,,,,,,,,,,,,,,,,99,,,,,,,,,
7725780157,01/04/2010,WC1A 2HR,1,N,1,20/04/2019,,,,G85023,PZ999,27/07/2025,,,,,,,,,,,,,,,,,,,,,,,,,,,,,,99,,,,,,,,,
7725780157,01/04/2010,WC1A 2HR,1,N,1,20/04/2019,,,,G85023,PZ999,29/08/2025,,,,,,,,,,,,,,,,,,,,,,,,,,,,,,,,,,,29/08/2025,29/08/2025,4,,
7725780157,01/04/2010,WC1A 2HR,1,N,1,20/04/2019,,,,G85023,PZ999,01/09/2025,,,,,,,,,,,,,,,,,,,,,,,,,01/09/2025,99,,,,,,,,,,,,,
7725780157,01/04/2010,WC1A 2HR,1,N,1,20/04/2019,,,,G85023,PZ999,06/09/2025,159.65,63.29,06/09/2025,57.0,1,06/09/2025,3,2,5,97,58,06/09/2025,,,,,,,,,,,,,,,,,,,,,,,,,,,
7725780157,01/04/2010,WC1A 2HR,1,N,1,20/04/2019,,,,G85023,PZ999,10/11/2025,,,,,,,,,,,,,10/11/2025,10/11/2025,99,217.0,10/11/2025,3,3.5,10/11/2025,10/11/2025,99,10/11/2025,1,,,1,,10/11/2025,,,99,10/11/2025,10/11/2025,,,,,
7725780157,01/04/2010,WC1A 2HR,1,N,1,20/04/2019,,,,G85023,PZ999,03/12/2025,154.43,44.67,03/12/2025,54.0,1,03/12/2025,6,4,1,98,58,03/12/2025,,,,,,,,,,,,,,,,,,,,,,,,,,,
7725780157,01/04/2010,WC1A 2HR,1,N,1,20/04/2019,,,,G85023,PZ999,25/10/2025,,,,,,,,,,,,,,,,,,,,,,,,,,,,,,2,,,,,,,,,
7725780157,01/04/2010,WC1A 2HR,1,N,1,20/04/2019,,,,G85023,PZ999,26/11/2025,169.04,48.94,26/11/2025,52.0,1,26/11/2025,2,,5,101,60,26/11/2025,,,,,,,,,,,,,,,,,,,,,,,,,,,
7725780157,01/04/2010,WC1A 2HR,1,N,1,20/04/2019,,,,G85023,PZ999,16/01/2026,161.59,66.98,16/01/2026,49.0,1,16/01/2026,5,,5,99,59,16/01/2026,,,,,,,,,,,,,,,,,,,,,,,,,,,
7725780157,01/04/2010,WC1A 2HR,1,N,1,20/04/2019,,,,G85023,PZ999,14/02/2026,,,,,,,,,,,,,,,,,,,,,,,,,,,,,,2,,,,,,,,,
7725780157,01/04/2010,WC1A 2HR,1,N,1,20/04/2019,,,,G85023,PZ999,18/01/2026,154.14,64.31,18/01/2026,54.0,1,18/01/2026,3,3,2,102,57,18/01/2026,,,,,,,,,,,,,,,,,,,,,,,,,,,
7725780157,01/04/2010,WC1A 2HR,1,N,1,20/04/2019,,,,G85023,PZ999,10/01/2026,,,,,,,,,,,,,,,,,,,,,,,,,,,,,,99,,,,,,,,,
4967085504,01/04/2010,WC1A 2JX,3,B,1,19/12/2021,,,,G85023,PZ999,08/05/2025,156.03,64.45,08/05/2025,48.0,1,08/05/2025,3,4,3,101,53,08/05/2025,,,,,,,,,,,,,,,,,,,,,,,,,,,
4967085504,01/04/2010,WC1A 2JX,3,B,1,19/12/2021,,,,G85023,PZ999,15/04/2025,,,,,,,,,,,,,,,,,,,,,,,,,,,,,,99,,,,,,,,,
4967085504,01/04/2010,WC1A 2JX,3,B,1,19/12/2021,,,,G85023,PZ999,29/04/2025,167.33,69.29,29/04/2025,53.0,1,29/04/2025,6,1,2,101,59,29/04/2025,,,,,,,,,,,,,,,,,,,,,,,,,,,
4967085504,01/04/2010,WC1A 2JX,3,B,1,19/12/2021,,,,G85023,PZ999,21/05/2025,,,,,,,,,,,,,,,,,,,,,,,,,,,,,,2,,,,,,,,,
4967085504,01/04/2010,WC1A 2JX,3,B,1,19/12/2021,,,,G85023,PZ999,21/09/2025,,,,,,,,,,,,,,,,,,,,,,,,,,,,,,2,,,,,,,,,
4967085504,01/04/2010,WC1A 2JX,3,B,1,19/12/2021,,,,G85023,PZ999,12/07/2025,,,,,,,,,,,,,,,,,,,,,,,,,,,,,,,,,,,12/07/2025,12/07/2025,3,,
4967085504,01/04/2010,WC1A 2JX,3,B,1,19/12/2021,,,,G85023,PZ999,30/08/2025,,,,,,,,,,,,,,,,,,,,,,,,,30/08/2025,99,,,,,,,,,,,,,
4967085504,01/04/2010,WC1A 2JX,3,B,1,19/12/2021,,,,G85023,PZ999,01/07/2025,156.34,49.27,01/07/2025,52.0,1,01/07/2025,2,,2,96,53,01/07/2025,,,,,,,,,,,,,,,,,,,,,,,,,,,
4967085504,01/04/2010,WC1A 2JX,3,B,1,19/12/2021,,,,G85023,PZ999,04/11/2025,,,,,,,,,,,,,04/11/2025,04/11/2025,1,87.0,04/11/2025,99,2.84,04/11/2025,04/11/2025,1,04/11/2025,2,,,2,04/11/2025,04/11/2025,,,1,04/11/2025,04/11/2025,,,,,
4967085504,01/04/2010,WC1A 2JX,3,B,1,19/12/2021,,,,G85023,PZ999,08/12/2025,156.29,67.14,08/12/2025,53.0,1,08/12/2025,3,3,1,97,56,08/12/2025,,,,,,,,,,,,,,,,,,,,,,,,,,,
4967085504,01/04/2010,WC1A 2JX,3,B,1,19/12/2021,,,,G85023,PZ999,26/11/2025,,,,,,,,,,,,,,,,,,,,,,,,,,,,,,2,,,,,,,,,
4967085504,01/04/2010,WC1A 2JX,3,B,1,19/12/2021,,,,G85023,PZ999,28/11/2025,163.33,40.51,28/11/2025,51.0,1,28/11/2025,1,,99,104,57,28/11/2025,,,,,,,,,,,,,,,,,,,,,,,,,,,
4967085504,01/04/2010,WC1A 2JX,3,B,1,19/12/2021,,,,G85023,PZ999,03/02/2026,155.97,69.94,03/02/2026,56.0,1,03/02/2026,6,2,5,96,56,03/02/2026,,,,,,,,,,,,,,,,,,,,,,,,,,,
4967085504,01/04/2010,WC1A 2JX,3,B,1,19/12/2021,,,,G85023,PZ999,25/01/2026,,,,,,,,,,,,,,,,,,,,,,,,,,,,,,2,,,,,,,,,
4967085504,01/04/2010,WC1A 2JX,3,B,1,19/12/2021,,,,G85023,PZ999,22/03/2026,160.69,43.88,22/03/2026,51.0,1,22/03/2026,5,,1,97,53,22/03/2026,,,,,,,,,,,,,,,,,,,,,,,,,,,
4967085504,01/04/2010,WC1A 2JX,3,B,1,19/12/2021,,,,G85023,PZ999,09/02/2026,,,,,,,,,,,,,,,,,,,,,,,,,,,,,,1,09/02/2026,,,,,,,,
6921565866,01/04/2012,WC1A 1DE,3,B,1,08/03/2017,,,,G85023,PZ999,14/05/2025,169.51,41.11,14/05/2025,52.0,1,14/05/2025,4,,2,105,57,14/05/2025,,,,,,,,,,,,,,,,,,,,,,,,,,,
6921565866,01/04/2012,WC1A 1DE,3,B,1,08/03/2017,,,,G85023,PZ999,07/06/2025,,,,,,,,,,,,,,,,,,,,,,,,,,,,,,99,,,,,,,,,
6921565866,01/04/2012,WC1A 1DE,3,B,1,08/03/2017,,,,G85023,PZ999,20/05/2025,166.63,62.34,20/05/2025,49.0,1,20/05/2025,3,4,5,97,58,20/05/2025,,,,,,,,,,,,,,,,,,,,,,,,,,,
6921565866,01/04/2012,WC1A 1DE,3,B,1,08/03/2017,,,,G85023,PZ999,12/04/2025,,,,,,,,,,,,,,,,,,,,,,,,,,,,,,2,,,,,,,,,
6921565866,01/04/2012,WC1A 1DE,3,B,1,08/03/2017,,,,G85023,PZ999,27/09/2025,,,,,,,,,,,,,,,,,,,,,,,,,,,,,,2,,,,,,,,,
6921565866,01/04/2012,WC1A 1DE,3,B,1,08/03/2017,,,,G85023,PZ999,26/07/2025,,,,,,,,,,,,,,,,,,,,,,,,,,,,,,,,,,,26/07/2025,26/07/2025,2,4,
6921565866,01/04/2012,WC1A 1DE,3,B,1,08/03/2017,,,,G85023,PZ999,31/08/2025,,,,,,,,,,,,,,,,,,,,,,,,,31/08/2025,1,,,,,,,,,,,,,
6921565866,01/04/2012,WC1A 1DE,3,B,1,08/03/2017,,,,G85023,PZ999,14/07/2025,159.64,51.36,14/07/2025,55.0,1,14/07/2025,5,,1,104,59,14/07/2025,,,,,,,,,,,,,,,,,,,,,,,,,,,
6921565866,01/04/2012,WC1A 1DE,3,B,1,08/03/2017,,,,G85023,PZ999,22/12/2025,,,,,,,,,,,,,22/12/2025,22/12/2025,2,281.0,22/12/2025,99,2.97,22/12/2025,22/12/2025,2,22/12/2025,99,,,99,,22/12/2025,,,1,22/12/2025,22/12/2025,,,,,
6921565866,01/04/2012,WC1A 1DE,3,B,1,08/03/2017,,,,G85023,PZ999,15/12/2025,155.16,59.97,15/12/2025,52.0,1,15/12/2025,5,,1,101,52,15/12/2025,,,,,,,,,,,,,,,,,,,,,,,,,,,
6921565866,01/04/2012,WC1A 1DE,3,B,1,08/03/2017,,,,G85023,PZ999,04/12/2025,,,,,,,,,,,,,,,,,,,,,,,,,,,,,,2,,,,,,,,,
6921565866,01/04/2012,WC1A 1DE,3,B,1,08/03/2017,,,,G85023,PZ999,14/11/2025,151.21,50.87,14/11/2025,57.0,1,14/11/2025,3,1,2,98,50,14/11/2025,,,,,,,,,,,,,,,,,,,,,,,,,,,
6921565866,01/04/2012,WC1A 1DE,3,B,1,08/03/2017,,,,G85023,PZ999,06/02/2026,157.18,55.74,06/02/2026,57.0,1,06/02/2026,3,1,99,95,56,06/02/2026,,,,,,,,,,,,,,,,,,,,,,,,,,,
6921565866,01/04/2012,WC1A 1DE,3,B,1,08/03/2017,,,,G85023,PZ999,30/01/2026,,,,,,,,,,,,,,,,,,,,,,,,,,,,,,1,30/01/2026,,,,,,,,
6921565866,01/04/2012,WC1A 1DE,3,B,1,08/03/2017,,,,G85023,PZ999,06/03/2026,167.95,53.61,06/03/2026,58.0,1,06/03/2026,5,,2,104,56,06/03/2026,,,,,,,,,,,,,,,,,,,,,,,,,,,
6921565866,01/04/2012,WC1A 1DE,3,B,1,08/03/2017,,,,G85023,PZ999,08/03/2026,,,,,,,,,,,,,,,,,,,,,,,,,,,,,,2,,,,,,,,,
6111692445,01/04/2012,WC1A 9UF,99,A,1,21/03/2015,,,,G85023,PZ999,01/05/2025,160.4,68.3,01/05/2025,58.0,1,01/05/2025,6,1,3,101,56,01/05/2025,,,,,,,,,,,,,,,,,,,,,,,,,,,
6111692445,01/04/2012,WC1A 9UF,99,A,1,21/03/2015,,,,G85023,PZ999,25/06/2025,,,,,,,,,,,,,,,,,,,,,,,,,,,,,,1,25/06/2025,,,,,,,,
6111692445,01/04/2012,WC1A 9UF,99,A,1,21/03/2015,,,,G85023,PZ999,08/04/2025,161.73,48.19,08/04/2025,48.0,1,08/04/2025,6,4,3,103,50,08/04/2025,,,,,,,,,,,,,,,,,,,,,,,,,,,
6111692445,01/04/2012,WC1A 9UF,99,A,1,21/03/2015,,,,G85023,PZ999,12/05/2025,,,,,,,,,,,,,,,,,,,,,,,,,,,,,,2,,,,,,,,,
6111692445,01/04/2012,WC1A 9UF,99,A,1,21/03/2015,,,,G85023,PZ999,21/07/2025,,,,,,,,,,,,,,,,,,,,,,,,,,,,,,1,21/07/2025,,,,,,,,
6111692445,01/04/2012,WC1A 9UF,99,A,1,21/03/2015,,,,G85023,PZ999,22/08/2025,,,,,,,,,,,,,,,,,,,,,,,,,,,,,,,,,,,22/08/2025,22/08/2025,4,,
6111692445,01/04/2012,WC1A 9UF,99,A,1,21/03/2015,,,,G85023,PZ999,16/09/2025,,,,,,,,,,,,,,,,,,,,,,,,,16/09/2025,1,,,,,,,,,,,,,
6111692445,01/04/2012,WC1A 9UF,99,A,1,21/03/2015,,,,G85023,PZ999,22/08/2025,154.94,54.71,22/08/2025,52.0,1,22/08/2025,5,,5,97,52,22/08/2025,,,,,,,,,,,,,,,,,,,,,,,,,,,
6111692445,01/04/2012,WC1A 9UF,99,A,1,21/03/2015,,,,G85023,PZ999,24/12/2025,,,,,,,,,,,,,24/12/2025,24/12/2025,2,277.0,24/12/2025,1,6.44,24/12/2025,24/12/2025,3,24/12/2025,1,,,99,,24/12/2025,,,1,24/12/2025,24/12/2025,,,,,
6111692445,01/04/2012,WC1A 9UF,99,A,1,21/03/2015,,,,G85023,PZ999,24/12/2025,160.89,63.76,24/12/2025,57.0,1,24/12/2025,2,,4,100,51,24/12/2025,,,,,,,,,,,,,,,,,,,,,,,,,,,
6111692445,01/04/2012,WC1A 9UF,99,A,1,21/03/2015,,,,G85023,PZ999,08/12/2025,,,,,,,,,,,,,,,,,,,,,,,,,,,,,,2,,,,,,,,,
6111692445,01/04/2012,WC1A 9UF,99,A,1,21/03/2015,,,,G85023,PZ999,19/11/2025,159.92,66.67,19/11/2025,57.0,1,19/11/2025,2,,1,101,57,19/11/2025,,,,,,,,,,,,,,,,,,,,,,,,,,,
6111692445,01/04/2012,WC1A 9UF,99,A,1,21/03/2015,,,,G85023,PZ999,25/02/2026,166.28,55.0,25/02/2026,49.0,1,25/02/2026,5,,99,95,56,25/02/2026,,,,,,,,,,,,,,,,,,,,,,,,,,,
6111692445,01/04/2012,WC1A 9UF,99,A,1,21/03/2015,,,,G85023,PZ999,23/02/2026,,,,,,,,,,,,,,,,,,,,,,,,,,,,,,1,23/02/2026,,,,,,,,
6111692445,01/04/2012,WC1A 9UF,99,A,1,21/03/2015,,,,G85023,PZ999,12/02/2026,155.55,45.37,12/02/2026,58.0,1,12/02/2026,3,1,4,103,55,12/02/2026,,,,,,,,,,,,,,,,,,,,,,,,,,,
6111692445,01/04/2012,WC1A 9UF,99,A,1,21/03/2015,,,,G85023,PZ999,08/02/2026,,,,,,,,,,,,,,,,,,,,,,,,,,,,,,2,,,,,,,,,
6361597075,01/04/2014,WC1A 2EA,3,J,1,11/05/2021,,,,G85023,PZ999,03/06/2025,165.84,49.59,03/06/2025,58.0,1,03/06/2025,6,4,1,96,54,03/06/2025,,,,,,,,,,,,,,,,,,,,,,,,,,,
6361597075,01/04/2014,WC1A 2EA,3,J,1,11/05/2021,,,,G85023,PZ999,20/06/2025,,,,,,,,,,,,,,,,,,,,,,,,,,,,,,1,20/06/2025,,,,,,,,
6361597075,01/04/2014,WC1A 2EA,3,J,1,11/05/2021,,,,G85023,PZ999,31/05/2025,164.92,56.2,31/05/2025,54.0,1,31/05/2025,3,3,5,103,51,31/05/2025,,,,,,,,,,,,,,,,,,,,,,,,,,,
6361597075,01/04/2014,WC1A 2EA,3,J,1,11/05/2021,,,,G85023,PZ999,21/04/2025,,,,,,,,,,,,,,,,,,,,,,,,,,,,,,2,,,,,,,,,
6361597075,01/04/2014,WC1A 2EA,3,J,1,11/05/2021,,,,G85023,PZ999,06/08/2025,,,,,,,,,,,,,,,,,,,,,,,,,,,,,,1,06/08/2025,,,,,,,,
6361597075,01/04/2014,WC1A 2EA,3,J,1,11/05/2021,,,,G85023,PZ999,16/07/2025,,,,,,,,,,,,,,,,,,,,,,,,,,,,,,,,,,,16/07/2025,16/07/2025,3,,
6361597075,01/04/2014,WC1A 2EA,3,J,1,11/05/2021,,,,G85023,PZ999,19/08/2025,,,,,,,,,,,,,,,,,,,,,,,,,19/08/2025,1,,,,,,,,,,,,,
6361597075,01/04/2014,WC1A 2EA,3,J,1,11/05/2021,,,,G85023,PZ999,20/09/2025,152.43,62.55,20/09/2025,56.0,1,20/09/2025,4,,5,97,55,20/09/2025,,,,,,,,,,,,,,,,,,,,,,,,,,,
6361597075,01/04/2014,WC1A 2EA,3,J,1,11/05/2021,,,,G85023,PZ999,13/10/2025,,,,,,,,,,,,,13/10/2025,13/10/2025,2,96.0,13/10/2025,99,2.57,13/10/2025,13/10/2025,2,13/10/2025,1,,,1,,13/10/2025,,,2,13/10/2025,13/10/2025,,,,,
6361597075,01/04/2014,WC1A 2EA,3,J,1,11/05/2021,,,,G85023,PZ999,18/10/2025,165.35,42.38,18/10/2025,49.0,1,18/10/2025,2,,99,96,57,18/10/2025,,,,,,,,,,,,,,,,,,,,,,,,,,,
6361597075,01/04/2014,WC1A 2EA,3,J,1,11/05/2021,,,,G85023,PZ999,05/12/2025,,,,,,,,,,,,,,,,,,,,,,,,,,,,,,1,05/12/2025,,,,,,,,
6361597075,01/04/2014,WC1A 2EA,3,J,1,11/05/2021,,,,G85023,PZ999,19/12/2025,162.96,53.39,19/12/2025,56.0,1,19/12/2025,6,3,2,97,58,19/12/2025,,,,,,,,,,,,,,,,,,,,,,,,,,,
6361597075,01/04/2014,WC1A 2EA,3,J,1,11/05/2021,,,,G85023,PZ999,16/03/2026,150.63,58.63,16/03/2026,52.0,1,16/03/2026,1,,99,99,51,16/03/2026,,,,,,,,,,,,,,,,,,,,,,,,,,,
6361597075,01/04/2014,WC1A 2EA,3,J,1,11/05/2021,,,,G85023,PZ999,17/03/2026,,,,,,,,,,,,,,,,,,,,,,,,,,,,,,2,,,,,,,,,
6361597075,01/04/2014,WC1A 2EA,3,J,1,11/05/2021,,,,G85023,PZ999,25/03/2026,160.54,51.41,25/03/2026,49.0,1,25/03/2026,5,,1,102,60,25/03/2026,,,,,,,,,,,,,,,,,,,,,,,,,,,
6361597075,01/04/2014,WC1A 2EA,3,J,1,11/05/2021,,,,G85023,PZ999,24/03/2026,,,,,,,,,,,,,,,,,,,,,,,,,,,,,,99,,,,,,,,,
7739673536,01/04/2010,WC1A 9UD,2,R,1,26/02/2023,,,,G85023,PZ999,22/05/2025,152.0,65.94,22/05/2025,52.0,1,22/05/2025,2,,5,98,57,22/05/2025,,,,,,,,,,,,,,,,,,,,,,,,,,,
7739673536,01/04/2010,WC1A 9UD,2,R,1,26/02/2023,,,,G85023,PZ999,17/06/2025,,,,,,,,,,,,,,,,,,,,,,,,,,,,,,99,,,,,,,,,
7739673536,01/04/2010,WC1A 9UD,2,R,1,26/02/2023,,,,G85023,PZ999,17/05/2025,164.44,64.22,17/05/2025,57.0,1,17/05/2025,5,,99,104,50,17/05/2025,,,,,,,,,,,,,,,,,,,,,,,,,,,
7739673536,01/04/2010,WC1A 9UD,2,R,1,26/02/2023,,,,G85023,PZ999,27/06/2025,,,,,,,,,,,,,,,,,,,,,,,,,,,,,,1,27/06/2025,,,,,,,,
7739673536,01/04/2010,WC1A 9UD,2,R,1,26/02/2023,,,,G85023,PZ999,17/08/2025,,,,,,,,,,,,,,,,,,,,,,,,,,,,,,2,,,,,,,,,
7739673536,01/04/2010,WC1A 9UD,2,R,1,26/02/2023,,,,G85023,PZ999,09/08/2025,,,,,,,,,,,,,,,,,,,,,,,,,,,,,,,,,,,09/08/2025,09/08/2025,6,,test admission description
7739673536,01/04/2010,WC1A 9UD,2,R,1,26/02/2023,,,,G85023,PZ999,12/08/2025,,,,,,,,,,,,,,,,,,,,,,,,,12/08/2025,2,,,,,,,,,,,,,
7739673536,01/04/2010,WC1A 9UD,2,R,1,26/02/2023,,,,G85023,PZ999,27/07/2025,166.33,42.94,27/07/2025,52.0,1,27/07/2025,2,,99,105,54,27/07/2025,,,,,,,,,,,,,,,,,,,,,,,,,,,
7739673536,01/04/2010,WC1A 9UD,2,R,1,26/02/2023,,,,G85023,PZ999,13/11/2025,,,,,,,,,,,,,13/11/2025,13/11/2025,99,222.0,13/11/2025,3,3.71,13/11/2025,13/11/2025,3,13/11/2025,99,,,1,,13/11/2025,,,99,13/11/2025,13/11/2025,,,,,
7739673536,01/04/2010,WC1A 9UD,2,R,1,26/02/2023,,,,G85023,PZ999,17/10/2025,152.55,65.48,17/10/2025,52.0,1,17/10/2025,6,2,1,103,53,17/10/2025,,,,,,,,,,,,,,,,,,,,,,,,,,,
7739673536,01/04/2010,WC1A 9UD,2,R,1,26/02/2023,,,,G85023,PZ999,05/12/2025,,,,,,,,,,,,,,,,,,,,,,,,,,,,,,99,,,,,,,,,
7739673536,01/04/2010,WC1A 9UD,2,R,1,26/02/2023,,,,G85023,PZ999,25/12/2025,155.72,68.89,25/12/2025,53.0,1,25/12/2025,3,3,1,104,52,25/12/2025,,,,,,,,,,,,,,,,,,,,,,,,,,,
7739673536,01/04/2010,WC1A 9UD,2,R,1,26/02/2023,,,,G85023,PZ999,02/03/2026,166.88,64.38,02/03/2026,52.0,1,02/03/2026,4,,99,102,58,02/03/2026,,,,,,,,,,,,,,,,,,,,,,,,,,,
7739673536,01/04/2010,WC1A 9UD,2,R,1,26/02/2023,,,,G85023,PZ999,25/03/2026,,,,,,,,,,,,,,,,,,,,,,,,,,,,,,2,,,,,,,,,
7739673536,01/04/2010,WC1A 9UD,2,R,1,26/02/2023,,,,G85023,PZ999,24/02/2026,163.38,47.5,24/02/2026,56.0,1,24/02/2026,6,2,2,103,60,24/02/2026,,,,,,,,,,,,,,,,,,,,,,,,,,,
7739673536,01/04/2010,WC1A 9UD,2,R,1,26/02/2023,,,,G85023,PZ999,09/03/2026,,,,,,,,,,,,,,,,,,,,,,,,,,,,,,1,09/03/2026,,,,,,,,
4945440301,01/04/2010,WC1A 9TT,99,F,1,19/01/2013,,,,G85023,PZ999,07/06/2025,164.32,50.4,07/06/2025,49.0,1,07/06/2025,6,2,3,99,59,07/06/2025,,,,,,,,,,,,,,,,,,,,,,,,,,,
4945440301,01/04/2010,WC1A 9TT,99,F,1,19/01/2013,,,,G85023,PZ999,19/05/2025,,,,,,,,,,,,,,,,,,,,,,,,,,,,,,2,,,,,,,,,
4945440301,01/04/2010,WC1A 9TT,99,F,1,19/01/2013,,,,G85023,PZ999,23/06/2025,164.46,59.46,23/06/2025,55.0,1,23/06/2025,6,2,99,101,53,23/06/2025,,,,,,,,,,,,,,,,,,,,,,,,,,,
4945440301,01/04/2010,WC1A 9TT,99,F,1,19/01/2013,,,,G85023,PZ999,02/04/2025,,,,,,,,,,,,,,,,,,,,,,,,,,,,,,1,02/04/2025,,,,,,,,
4945440301,01/04/2010,WC1A 9TT,99,F,1,19/01/2013,,,,G85023,PZ999,18/08/2025,,,,,,,,,,,,,,,,,,,,,,,,,,,,,,1,18/08/2025,,,,,,,,
4945440301,01/04/2010,WC1A 9TT,99,F,1,19/01/2013,,,,G85023,PZ999,04/07/2025,,,,,,,,,,,,,,,,,,,,,,,,,,,,,,,,,,,04/07/2025,04/07/2025,1,,
4945440301,01/04/2010,WC1A 9TT,99,F,1,19/01/2013,,,,G85023,PZ999,12/09/2025,,,,,,,,,,,,,,,,,,,,,,,,,12/09/2025,1,,,,,,,,,,,,,
4945440301,01/04/2010,WC1A 9TT,99,F,1,19/01/2013,,,,G85023,PZ999,18/09/2025,152.48,54.3,18/09/2025,52.0,1,18/09/2025,2,,99,97,60,18/09/2025,,,,,,,,,,,,,,,,,,,,,,,,,,,
4945440301,01/04/2010,WC1A 9TT,99,F,1,19/01/2013,,,,G85023,PZ999,28/11/2025,,,,,,,,,,,,,28/11/2025,28/11/2025,2,83.0,28/11/2025,3,6.19,28/11/2025,28/11/2025,99,28/11/2025,2,,,1,,28/11/2025,,,2,28/11/2025,28/11/2025,,,,,
4945440301,01/04/2010,WC1A 9TT,99,F,1,19/01/2013,,,,G85023,PZ999,01/12/2025,168.96,48.96,01/12/2025,48.0,1,01/12/2025,3,1,99,95,50,01/12/2025,,,,,,,,,,,,,,,,,,,,,,,,,,,
4945440301,01/04/2010,WC1A 9TT,99,F,1,19/01/2013,,,,G85023,PZ999,07/12/2025,,,,,,,,,,,,,,,,,,,,,,,,,,,,,,2,,,,,,,,,
4945440301,01/04/2010,WC1A 9TT,99,F,1,19/01/2013,,,,G85023,PZ999,30/11/2025,153.82,52.93,30/11/2025,53.0,1,30/11/2025,3,4,1,104,51,30/11/2025,,,,,,,,,,,,,,,,,,,,,,,,,,,
4945440301,01/04/2010,WC1A 9TT,99,F,1,19/01/2013,,,,G85023,PZ999,23/03/2026,163.76,46.39,23/03/2026,58.0,1,23/03/2026,3,4,99,95,50,23/03/2026,,,,,,,,,,,,,,,,,,,,,,,,,,,
4945440301,01/04/2010,WC1A 9TT,99,F,1,19/01/2013,,,,G85023,PZ999,11/02/2026,,,,,,,,,,,,,,,,,,,,,,,,,,,,,,99,,,,,,,,,
4945440301,01/04/2010,WC1A 9TT,99,F,1,19/01/2013,,,,G85023,PZ999,30/01/2026,166.85,41.54,30/01/2026,51.0,1,30/01/2026,3,1,3,104,59,30/01/2026,,,,,,,,,,,,,,,,,,,,,,,,,,,
4945440301,01/04/2010,WC1A 9TT,99,F,1,19/01/2013,,,,G85023,PZ999,26/02/2026,,,,,,,,,,,,,,,,,,,,,,,,,,,,,,2,,,,,,,,,
6280671526,01/04/2012,WC1A 9RZ,1,F,1,01/03/2016,,,,G85023,PZ999,20/06/2025,168.93,54.52,20/06/2025,49.0,1,20/06/2025,3,4,1,101,56,20/06/2025,,,,,,,,,,,,,,,,,,,,,,,,,,,
6280671526,01/04/2012,WC1A 9RZ,1,F,1,01/03/2016,,,,G85023,PZ999,06/05/2025,,,,,,,,,,,,,,,,,,,,,,,,,,,,,,2,,,,,,,,,
6280671526,01/04/2012,WC1A 9RZ,1,F,1,01/03/2016,,,,G85023,PZ999,01/04/2025,153.58,57.05,01/04/2025,49.0,1,01/04/2025,4,,3,103,51,01/04/2025,,,,,,,,,,,,,,,,,,,,,,,,,,,
6280671526,01/04/2012,WC1A 9RZ,1,F,1,01/03/2016,,,,G85023,PZ999,25/05/2025,,,,,,,,,,,,,,,,,,,,,,,,,,,,,,1,25/05/2025,,,,,,,,
6280671526,01/04/2012,WC1A 9RZ,1,F,1,01/03/2016,,,,G85023,PZ999,13/09/2025,,,,,,,,,,,,,,,,,,,,,,,,,,,,,,99,,,,,,,,,
6280671526,01/04/2012,WC1A 9RZ,1,F,1,01/03/2016,,,,G85023,PZ999,20/09/2025,,,,,,,,,,,,,,,,,,,,,,,,,,,,,,,,,,,20/09/2025,20/09/2025,4,,
6280671526,01/04/2012,WC1A 9RZ,1,F,1,01/03/2016,,,,G85023,PZ999,14/09/2025,,,,,,,,,,,,,,,,,,,,,,,,,14/09/2025,2,,,,,,,,,,,,,
6280671526,01/04/2012,WC1A 9RZ,1,F,1,01/03/2016,,,,G85023,PZ999,31/07/2025,162.99,67.63,31/07/2025,53.0,1,31/07/2025,3,3,3,98,57,31/07/2025,,,,,,,,,,,,,,,,,,,,,,,,,,,
6280671526,01/04/2012,WC1A 9RZ,1,F,1,01/03/2016,,,,G85023,PZ999,12/10/2025,,,,,,,,,,,,,12/10/2025,12/10/2025,2,145.0,12/10/2025,3,3.31,12/10/2025,12/10/2025,99,12/10/2025,1,,,1,,12/10/2025,,,1,12/10/2025,12/10/2025,,,,,
6280671526,01/04/2012,WC1A 9RZ,1,F,1,01/03/2016,,,,G85023,PZ999,10/10/2025,155.97,62.04,10/10/2025,58.0,1,10/10/2025,2,,99,104,59,10/10/2025,,,,,,,,,,,,,,,,,,,,,,,,,,,
6280671526,01/04/2012,WC1A 9RZ,1,F,1,01/03/2016,,,,G85023,PZ999,02/12/2025,,,,,,,,,,,,,,,,,,,,,,,,,,,,,,1,02/12/2025,,,,,,,,
6280671526,01/04/2012,WC1A 9RZ,1,F,1,01/03/2016,,,,G85023,PZ999,27/11/2025,163.25,69.86,27/11/2025,57.0,1,27/11/2025,4,,4,95,50,27/11/2025,,,,,,,,,,,,,,,,,,,,,,,,,,,
6280671526,01/04/2012,WC1A 9RZ,1,F,1,01/03/2016,,,,G85023,PZ999,23/02/2026,154.12,57.64,23/02/2026,55.0,1,23/02/2026,1,,3,103,58,23/02/2026,,,,,,,,,,,,,,,,,,,,,,,,,,,
6280671526,01/04/2012,WC1A 9RZ,1,F,1,01/03/2016,,,,G85023,PZ999,23/02/2026,,,,,,,,,,,,,,,,,,,,,,,,,,,,,,1,23/02/2026,,,,,,,,
6280671526,01/04/2012,WC1A 9RZ,1,F,1,01/03/2016,,,,G85023,PZ999,15/02/2026,159.99,40.52,15/02/2026,56.0,1,15/02/2026,3,3,99,99,54,15/02/2026,,,,,,,,,,,,,,,,,,,,,,,,,,,
6280671526,01/04/2012,WC1A 9RZ,1,F,1,01/03/2016,,,,G85023,PZ999,14/02/2026,,,,,,,,,,,,,,,,,,,,,,,,,,,,,,1,14/02/2026,,,,,,,,
4819951300,01/04/2010,WC1A 9JE,1,S,1,19/12/2023,,,,G85023,PZ999,27/04/2025,162.12,64.09,27/04/2025,48.0,1,27/04/2025,5,,2,104,54,27/04/2025,,,,,,,,,,,,,,,,,,,,,,,,,,,
4819951300,01/04/2010,WC1A 9JE,1,S,1,19/12/2023,,,,G85023,PZ999,29/06/2025,,,,,,,,,,,,,,,,,,,,,,,,,,,,,,2,,,,,,,,,
4819951300,01/04/2010,WC1A 9JE,1,S,1,19/12/2023,,,,G85023,PZ999,25/06/2025,165.27,69.4,25/06/2025,49.0,1,25/06/2025,2,,99,95,52,25/06/2025,,,,,,,,,,,,,,,,,,,,,,,,,,,
4819951300,01/04/2010,WC1A 9JE,1,S,1,19/12/2023,,,,G85023,PZ999,19/06/2025,,,,,,,,,,,,,,,,,,,,,,,,,,,,,,99,,,,,,,,,
4819951300,01/04/2010,WC1A 9JE,1,S,1,19/12/2023,,,,G85023,PZ999,09/08/2025,,,,,,,,,,,,,,,,,,,,,,,,,,,,,,99,,,,,,,,,
4819951300,01/04/2010,WC1A 9JE,1,S,1,19/12/2023,,,,G85023,PZ999,01/09/2025,,,,,,,,,,,,,,,,,,,,,,,,,,,,,,,,,,,01/09/2025,01/09/2025,4,,
4819951300,01/04/2010,WC1A 9JE,1,S,1,19/12/2023,,,,G85023,PZ999,28/08/2025,,,,,,,,,,,,,,,,,,,,,,,,,28/08/2025,2,,,,,,,,,,,,,
4819951300,01/04/2010,WC1A 9JE,1,S,1,19/12/2023,,,,G85023,PZ999,17/09/2025,150.03,53.25,17/09/2025,51.0,1,17/09/2025,4,,4,100,57,17/09/2025,,,,,,,,,,,,,,,,,,,,,,,,,,,
4819951300,01/04/2010,WC1A 9JE,1,S,1,19/12/2023,,,,G85023,PZ999,06/11/2025,,,,,,,,,,,,,06/11/2025,06/11/2025,1,22.0,06/11/2025,1,2.84,06/11/2025,06/11/2025,1,06/11/2025,1,,,99,,06/11/2025,,,1,06/11/2025,06/11/2025,,,,,
4819951300,01/04/2010,WC1A 9JE,1,S,1,19/12/2023,,,,G85023,PZ999,29/11/2025,168.93,47.84,29/11/2025,52.0,1,29/11/2025,3,1,1,100,52,29/11/2025,,,,,,,,,,,,,,,,,,,,,,,,,,,
4819951300,01/04/2010,WC1A 9JE,1,S,1,19/12/2023,,,,G85023,PZ999,18/12/2025,,,,,,,,,,,,,,,,,,,,,,,,,,,,,,2,,,,,,,,,
4819951300,01/04/2010,WC1A 9JE,1,S,1,19/12/2023,,,,G85023,PZ999,02/11/2025,153.14,65.07,02/11/2025,58.0,1,02/11/2025,2,,5,98,60,02/11/2025,,,,,,,,,,,,,,,,,,,,,,,,,,,
4819951300,01/04/2010,WC1A 9JE,1,S,1,19/12/2023,,,,G85023,PZ999,03/03/2026,169.24,55.29,03/03/2026,48.0,1,03/03/2026,2,,99,100,53,03/03/2026,,,,,,,,,,,,,,,,,,,,,,,,,,,
4819951300,01/04/2010,WC1A 9JE,1,S,1,19/12/2023,,,,G85023,PZ999,27/03/2026,,,,,,,,,,,,,,,,,,,,,,,,,,,,,,2,,,,,,,,,
4819951300,01/04/2010,WC1A 9JE,1,S,1,19/12/2023,,,,G85023,PZ999,05/01/2026,159.67,50.98,05/01/2026,57.0,1,05/01/2026,5,,2,97,51,05/01/2026,,,,,,,,,,,,,,,,,,,,,,,,,,,
4819951300,01/04/2010,WC1A 9JE,1,S,1,19/12/2023,,,,G85023,PZ999,17/01/2026,,,,,,,,,,,,,,,,,,,,,,,,,,,,,,2,,,,,,,,,
7002788639,01/04/2013,WC1A 2JS,2,D,1,19/12/2023,,,,G85023,PZ999,05/04/2025,150.81,50.77,05/04/2025,54.0,1,05/04/2025,6,2,4,105,58,05/04/2025,,,,,,,,,,,,,,,,,,,,,,,,,,,
7002788639,01/04/2013,WC1A 2JS,2,D,1,19/12/2023,,,,G85023,PZ999,28/05/2025,,,,,,,,,,,,,,,,,,,,,,,,,,,,,,1,28/05/2025,,,,,,,,
7002788639,01/04/2013,WC1A 2JS,2,D,1,19/12/2023,,,,G85023,PZ999,03/04/2025,164.7,54.63,03/04/2025,49.0,1,03/04/2025,4,,3,96,57,03/04/2025,,,,,,,,,,,,,,,,,,,,,,,,,,,
7002788639,01/04/2013,WC1A 2JS,2,D,1,19/12/2023,,,,G85023,PZ999,22/04/2025,,,,,,,,,,,,,,,,,,,,,,,,,,,,,,99,,,,,,,,,
7002788639,01/04/2013,WC1A 2JS,2,D,1,19/12/2023,,,,G85023,PZ999,05/07/2025,,,,,,,,,,,,,,,,,,,,,,,,,,,,,,99,,,,,,,,,
7002788639,01/04/2013,WC1A 2JS,2,D,1,19/12/2023,,,,G85023,PZ999,07/07/2025,,,,,,,,,,,,,,,,,,,,,,,,,,,,,,,,,,,07/07/2025,07/07/2025,2,1,
7002788639,01/04/2013,WC1A 2JS,2,D,1,19/12/2023,,,,G85023,PZ999,01/09/2025,,,,,,,,,,,,,,,,,,,,,,,,,01/09/2025,2,,,,,,,,,,,,,
7002788639,01/04/2013,WC1A 2JS,2,D,1,19/12/2023,,,,G85023,PZ999,28/09/2025,158.23,42.69,28/09/2025,50.0,1,28/09/2025,2,,99,101,52,28/09/2025,,,,,,,,,,,,,,,,,,,,,,,,,,,
7002788639,01/04/2013,WC1A 2JS,2,D,1,19/12/2023,,,,G85023,PZ999,07/12/2025,,,,,,,,,,,,,07/12/2025,07/12/2025,99,12.0,07/12/2025,3,2.24,07/12/2025,07/12/2025,3,07/12/2025,99,,,99,,07/12/2025,,,99,07/12/2025,07/12/2025,,,,,
7002788639,01/04/2013,WC1A 2JS,2,D,1,19/12/2023,,,,G85023,PZ999,22/10/2025,157.88,57.18,22/10/2025,57.0,1,22/10/2025,4,,5,105,55,22/10/2025,,,,,,,,,,,,,,,,,,,,,,,,,,,
7002788639,01/04/2013,WC1A 2JS,2,D,1,19/12/2023,,,,G85023,PZ999,03/11/2025,,,,,,,,,,,,,,,,,,,,,,,,,,,,,,2,,,,,,,,,
7002788639,01/04/2013,WC1A 2JS,2,D,1,19/12/2023,,,,G85023,PZ999,25/12/2025,158.03,44.93,25/12/2025,49.0,1,25/12/2025,4,,99,98,59,25/12/2025,,,,,,,,,,,,,,,,,,,,,,,,,,,
7002788639,01/04/2013,WC1A 2JS,2,D,1,19/12/2023,,,,G85023,PZ999,16/01/2026,151.5,50.4,16/01/2026,55.0,1,16/01/2026,3,3,4,103,51,16/01/2026,,,,,,,,,,,,,,,,,,,,,,,,,,,
7002788639,01/04/2013,WC1A 2JS,2,D,1,19/12/2023,,,,G85023,PZ999,17/02/2026,,,,,,,,,,,,,,,,,,,,,,,,,,,,,,1,17/02/2026,,,,,,,,
7002788639,01/04/2013,WC1A 2JS,2,D,1,19/12/2023,,,,G85023,PZ999,23/02/2026,169.59,66.49,23/02/2026,49.0,1,23/02/2026,1,,3,102,55,23/02/2026,,,,,,,,,,,,,,,,,,,,,,,,,,,
7002788639,01/04/2013,WC1A 2JS,2,D,1,19/12/2023,,,,G85023,PZ999,13/02/2026,,,,,,,,,,,,,,,,,,,,,,,,,,,,,,99,,,,,,,,,
6933001644,01/04/2012,WC1A 9QD,3,L,1,15/08/2012,,,,G85023,PZ999,20/04/2025,156.21,50.9,20/04/2025,49.0,1,20/04/2025,5,,3,97,55,20/04/2025,,,,,,,,,,,,,,,,,,,,,,,,,,,
6933001644,01/04/2012,WC1A 9QD,3,L,1,15/08/2012,,,,G85023,PZ999,24/06/2025,,,,,,,,,,,,,,,,,,,,,,,,,,,,,,2,,,,,,,,,
6933001644,01/04/2012,WC1A 9QD,3,L,1,15/08/2012,,,,G85023,PZ999,14/04/2025,158.94,42.42,14/04/2025,52.0,1,14/04/2025,3,2,2,104,51,14/04/2025,,,,,,,,,,,,,,,,,,,,,,,,,,,
6933001644,01/04/2012,WC1A 9QD,3,L,1,15/08/2012,,,,G85023,PZ999,14/05/2025,,,,,,,,,,,,,,,,,,,,,,,,,,,,,,1,14/05/2025,,,,,,,,
6933001644,01/04/2012,WC1A 9QD,3,L,1,15/08/2012,,,,G85023,PZ999,02/08/2025,,,,,,,,,,,,,,,,,,,,,,,,,,,,,,99,,,,,,,,,
6933001644,01/04/2012,WC1A 9QD,3,L,1,15/08/2012,,,,G85023,PZ999,16/07/2025,,,,,,,,,,,,,,,,,,,,,,,,,,,,,,,,,,,16/07/2025,16/07/2025,6,,test admission description
6933001644,01/04/2012,WC1A 9QD,3,L,1,15/08/2012,,,,G85023,PZ999,14/08/2025,,,,,,,,,,,,,,,,,,,,,,,,,14/08/2025,99,,,,,,,,,,,,,
6933001644,01/04/2012,WC1A 9QD,3,L,1,15/08/2012,,,,G85023,PZ999,05/08/2025,168.96,53.82,05/08/2025,48.0,1,05/08/2025,6,2,4,98,58,05/08/2025,,,,,,,,,,,,,,,,,,,,,,,,,,,
6933001644,01/04/2012,WC1A 9QD,3,L,1,15/08/2012,,,,G85023,PZ999,30/11/2025,,,,,,,,,,,,,30/11/2025,30/11/2025,1,244.0,30/11/2025,3,5.63,30/11/2025,30/11/2025,2,30/11/2025,2,,,99,,30/11/2025,,,2,30/11/2025,30/11/2025,,,,,
6933001644,01/04/2012,WC1A 9QD,3,L,1,15/08/2012,,,,G85023,PZ999,15/10/2025,151.77,65.38,15/10/2025,57.0,1,15/10/2025,5,,4,104,54,15/10/2025,,,,,,,,,,,,,,,,,,,,,,,,,,,
6933001644,01/04/2012,WC1A 9QD,3,L,1,15/08/2012,,,,G85023,PZ999,11/10/2025,,,,,,,,,,,,,,,,,,,,,,,,,,,,,,99,,,,,,,,,
6933001644,01/04/2012,WC1A 9QD,3,L,1,15/08/2012,,,,G85023,PZ999,08/11/2025,160.64,50.04,08/11/2025,58.0,1,08/11/2025,3,4,4,96,58,08/11/2025,,,,,,,,,,,,,,,,,,,,,,,,,,,
6933001644,01/04/2012,WC1A 9QD,3,L,1,15/08/2012,,,,G85023,PZ999,21/02/2026,153.2,59.19,21/02/2026,55.0,1,21/02/2026,6,2,4,99,54,21/02/2026,,,,,,,,,,,,,,,,,,,,,,,,,,,
6933001644,01/04/2012,WC1A 9QD,3,L,1,15/08/2012,,,,G85023,PZ999,18/02/2026,,,,,,,,,,,,,,,,,,,,,,,,,,,,,,1,18/02/2026,,,,,,,,
6933001644,01/04/2012,WC1A 9QD,3,L,1,15/08/2012,,,,G85023,PZ999,17/01/2026,150.52,56.15,17/01/2026,58.0,1,17/01/2026,1,,3,95,55,17/01/2026,,,,,,,,,,,,,,,,,,,,,,,,,,,
6933001644,01/04/2012,WC1A 9QD,3,L,1,15/08/2012,,,,G85023,PZ999,31/01/2026,,,,,,,,,,,,,,,,,,,,,,,,,,,,,,1,31/01/2026,,,,,,,,
7194515407,01/04/2013,WC1A 1DB,2,C,1,25/02/2025,,,,G85023,PZ999,28/04/2025,151.5,44.62,28/04/2025,51.0,1,28/04/2025,5,,1,99,59,28/04/2025,,,,,,,,,,,,,,,,,,,,,,,,,,,
7194515407,01/04/2013,WC1A 1DB,2,C,1,25/02/2025,,,,G85023,PZ999,08/04/2025,,,,,,,,,,,,,,,,,,,,,,,,,,,,,,1,08/04/2025,,,,,,,,
7194515407,01/04/2013,WC1A 1DB,2,C,1,25/02/2025,,,,G85023,PZ999,05/06/2025,161.24,48.73,05/06/2025,50.0,1,05/06/2025,5,,2,96,56,05/06/2025,,,,,,,,,,,,,,,,,,,,,,,,,,,
7194515407,01/04/2013,WC1A 1DB,2,C,1,25/02/2025,,,,G85023,PZ999,26/06/2025,,,,,,,,,,,,,,,,,,,,,,,,,,,,,,99,,,,,,,,,
7194515407,01/04/2013,WC1A 1DB,2,C,1,25/02/2025,,,,G85023,PZ999,20/09/2025,,,,,,,,,,,,,,,,,,,,,,,,,,,,,,99,,,,,,,,,
7194515407,01/04/2013,WC1A 1DB,2,C,1,25/02/2025,,,,G85023,PZ999,09/07/2025,,,,,,,,,,,,,,,,,,,,,,,,,,,,,,,,,,,09/07/2025,09/07/2025,4,,
7194515407,01/04/2013,WC1A 1DB,2,C,1,25/02/2025,,,,G85023,PZ999,18/08/2025,,,,,,,,,,,,,,,,,,,,,,,,,18/08/2025,99,,,,,,,,,,,,,
7194515407,01/04/2013,WC1A 1DB,2,C,1,25/02/2025,,,,G85023,PZ999,16/08/2025,169.12,46.77,16/08/2025,57.0,1,16/08/2025,2,,2,102,55,16/08/2025,,,,,,,,,,,,,,,,,,,,,,,,,,,
7194515407,01/04/2013,WC1A 1DB,2,C,1,25/02/2025,,,,G85023,PZ999,23/12/2025,,,,,,,,,,,,,23/12/2025,23/12/2025,1,265.0,23/12/2025,3,3.11,23/12/2025,23/12/2025,2,23/12/2025,2,,,2,23/12/2025,23/12/2025,,,1,23/12/2025,23/12/2025,,,,,
7194515407,01/04/2013,WC1A 1DB,2,C,1,25/02/2025,,,,G85023,PZ999,14/12/2025,153.13,45.45,14/12/2025,50.0,1,14/12/2025,2,,2,95,54,14/12/2025,,,,,,,,,,,,,,,,,,,,,,,,,,,
7194515407,01/04/2013,WC1A 1DB,2,C,1,25/02/2025,,,,G85023,PZ999,27/11/2025,,,,,,,,,,,,,,,,,,,,,,,,,,,,,,1,27/11/2025,,,,,,,,
7194515407,01/04/2013,WC1A 1DB,2,C,1,25/02/2025,,,,G85023,PZ999,13/11/2025,150.08,60.61,13/11/2025,50.0,1,13/11/2025,1,,2,98,59,13/11/2025,,,,,,,,,,,,,,,,,,,,,,,,,,,
7194515407,01/04/2013,WC1A 1DB,2,C,1,25/02/2025,,,,G85023,PZ999,18/02/2026,150.44,62.27,18/02/2026,56.0,1,18/02/2026,2,,4,98,51,18/02/2026,,,,,,,,,,,,,,,,,,,,,,,,,,,
7194515407,01/04/2013,WC1A 1DB,2,C,1,25/02/2025,,,,G85023,PZ999,08/03/2026,,,,,,,,,,,,,,,,,,,,,,,,,,,,,,2,,,,,,,,,
7194515407,01/04/2013,WC1A 1DB,2,C,1,25/02/2025,,,,G85023,PZ999,15/01/2026,156.82,48.59,15/01/2026,52.0,1,15/01/2026,5,,4,101,54,15/01/2026,,,,,,,,,,,,,,,,,,,,,,,,,,,
7194515407,01/04/2013,WC1A 1DB,2,C,1,25/02/2025,,,,G85023,PZ999,01/02/2026,,,,,,,,,,,,,,,,,,,,,,,,,,,,,,1,01/02/2026,,,,,,,,
4869983117,01/04/2014,WC1A 1JR,2,B,1,17/08/2014,,,,G85023,PZ999,16/06/2025,156.09,43.22,16/06/2025,49.0,1,16/06/2025,5,,1,97,54,16/06/2025,,,,,,,,,,,,,,,,,,,,,,,,,,,
4869983117,01/04/2014,WC1A 1JR,2,B,1,17/08/2014,,,,G85023,PZ999,12/06/2025,,,,,,,,,,,,,,,,,,,,,,,,,,,,,,99,,,,,,,,,
4869983117,01/04/2014,WC1A 1JR,2,B,1,17/08/2014,,,,G85023,PZ999,21/05/2025,157.18,45.04,21/05/2025,56.0,1,21/05/2025,6,4,1,105,58,21/05/2025,,,,,,,,,,,,,,,,,,,,,,,,,,,
4869983117,01/04/2014,WC1A 1JR,2,B,1,17/08/2014,,,,G85023,PZ999,23/06/2025,,,,,,,,,,,,,,,,,,,,,,,,,,,,,,99,,,,,,,,,
4869983117,01/04/2014,WC1A 1JR,2,B,1,17/08/2014,,,,G85023,PZ999,09/08/2025,,,,,,,,,,,,,,,,,,,,,,,,,,,,,,2,,,,,,,,,
4869983117,01/04/2014,WC1A 1JR,2,B,1,17/08/2014,,,,G85023,PZ999,14/07/2025,,,,,,,,,,,,,,,,,,,,,,,,,,,,,,,,,,,14/07/2025,14/07/2025,2,2,
4869983117,01/04/2014,WC1A 1JR,2,B,1,17/08/2014,,,,G85023,PZ999,20/09/2025,,,,,,,,,,,,,,,,,,,,,,,,,20/09/2025,2,,,,,,,,,,,,,
4869983117,01/04/2014,WC1A 1JR,2,B,1,17/08/2014,,,,G85023,PZ999,12/07/2025,154.44,60.11,12/07/2025,56.0,1,12/07/2025,3,4,99,100,55,12/07/2025,,,,,,,,,,,,,,,,,,,,,,,,,,,
4869983117,01/04/2014,WC1A 1JR,2,B,1,17/08/2014,,,,G85023,PZ999,21/11/2025,,,,,,,,,,,,,21/11/2025,21/11/2025,99,109.0,21/11/2025,1,4.51,21/11/2025,21/11/2025,99,21/11/2025,99,,,99,,21/11/2025,,,2,21/11/2025,21/11/2025,,,,,
4869983117,01/04/2014,WC1A 1JR,2,B,1,17/08/2014,,,,G85023,PZ999,15/10/2025,167.38,54.53,15/10/2025,48.0,1,15/10/2025,5,,4,95,54,15/10/2025,,,,,,,,,,,,,,,,,,,,,,,,,,,
4869983117,01/04/2014,WC1A 1JR,2,B,1,17/08/2014,,,,G85023,PZ999,25/10/2025,,,,,,,,,,,,,,,,,,,,,,,,,,,,,,2,,,,,,,,,
4869983117,01/04/2014,WC1A 1JR,2,B,1,17/08/2014,,,,G85023,PZ999,27/12/2025,157.81,64.55,27/12/2025,56.0,1,27/12/2025,4,,5,100,53,27/12/2025,,,,,,,,,,,,,,,,,,,,,,,,,,,
4869983117,01/04/2014,WC1A 1JR,2,B,1,17/08/2014,,,,G85023,PZ999,26/02/2026,166.52,67.91,26/02/2026,53.0,1,26/02/2026,6,3,2,98,57,26/02/2026,,,,,,,,,,,,,,,,,,,,,,,,,,,
4869983117,01/04/2014,WC1A 1JR,2,B,1,17/08/2014,,,,G85023,PZ999,17/03/2026,,,,,,,,,,,,,,,,,,,,,,,,,,,,,,99,,,,,,,,,
4869983117,01/04/2014,WC1A 1JR,2,B,1,17/08/2014,,,,G85023,PZ999,08/03/2026,164.93,66.85,08/03/2026,52.0,1,08/03/2026,6,3,4,96,60,08/03/2026,,,,,,,,,,,,,,,,,,,,,,,,,,,
4869983117,01/04/2014,WC1A 1JR,2,B,1,17/08/2014,,,,G85023,PZ999,08/02/2026,,,,,,,,,,,,,,,,,,,,,,,,,,,,,,2,,,,,,,,,
4705038754,01/04/2011,WC1A 9TP,1,A,1,29/03/2019,,,,G85023,PZ999,07/05/2025,152.67,50.03,07/05/2025,49.0,1,07/05/2025,1,,4,101,50,07/05/2025,,,,,,,,,,,,,,,,,,,,,,,,,,,
4705038754,01/04/2011,WC1A 9TP,1,A,1,29/03/2019,,,,G85023,PZ999,20/05/2025,,,,,,,,,,,,,,,,,,,,,,,,,,,,,,99,,,,,,,,,
4705038754,01/04/2011,WC1A 9TP,1,A,1,29/03/2019,,,,G85023,PZ999,11/05/2025,154.26,68.23,11/05/2025,51.0,1,11/05/2025,2,,2,103,52,11/05/2025,,,,,,,,,,,,,,,,,,,,,,,,,,,
4705038754,01/04/2011,WC1A 9TP,1,A,1,29/03/2019,,,,G85023,PZ999,14/04/2025,,,,,,,,,,,,,,,,,,,,,,,,,,,,,,2,,,,,,,,,
4705038754,01/04/2011,WC1A 9TP,1,A,1,29/03/2019,,,,G85023,PZ999,28/08/2025,,,,,,,,,,,,,,,,,,,,,,,,,,,,,,1,28/08/2025,,,,,,,,
4705038754,01/04/2011,WC1A 9TP,1,A,1,29/03/2019,,,,G85023,PZ999,05/09/2025,,,,,,,,,,,,,,,,,,,,,,,,,,,,,,,,,,,05/09/2025,05/09/2025,5,,
4705038754,01/04/2011,WC1A 9TP,1,A,1,29/03/2019,,,,G85023,PZ999,10/09/2025,,,,,,,,,,,,,,,,,,,,,,,,,10/09/2025,2,,,,,,,,,,,,,
4705038754,01/04/2011,WC1A 9TP,1,A,1,29/03/2019,,,,G85023,PZ999,15/08/2025,162.93,60.88,15/08/2025,57.0,1,15/08/2025,6,4,1,100,57,15/08/2025,,,,,,,,,,,,,,,,,,,,,,,,,,,
4705038754,01/04/2011,WC1A 9TP,1,A,1,29/03/2019,,,,G85023,PZ999,24/12/2025,,,,,,,,,,,,,24/12/2025,24/12/2025,2,210.0,24/12/2025,2,4.74,24/12/2025,24/12/2025,3,24/12/2025,99,,,1,,24/12/2025,,,99,24/12/2025,24/12/2025,,,,,
4705038754,01/04/2011,WC1A 9TP,1,A,1,29/03/2019,,,,G85023,PZ999,02/10/2025,157.12,65.1,02/10/2025,56.0,1,02/10/2025,2,,4,105,55,02/10/2025,,,,,,,,,,,,,,,,,,,,,,,,,,,
4705038754,01/04/2011,WC1A 9TP,1,A,1,29/03/2019,,,,G85023,PZ999,25/12/2025,,,,,,,,,,,,,,,,,,,,,,,,,,,,,,1,25/12/2025,,,,,,,,
4705038754,01/04/2011,WC1A 9TP,1,A,1,29/03/2019,,,,G85023,PZ999,06/12/2025,169.27,48.17,06/12/2025,49.0,1,06/12/2025,2,,3,98,50,06/12/2025,,,,,,,,,,,,,,,,,,,,,,,,,,,
4705038754,01/04/2011,WC1A 9TP,1,A,1,29/03/2019,,,,G85023,PZ999,27/01/2026,151.32,44.62,27/01/2026,54.0,1,27/01/2026,1,,4,100,60,27/01/2026,,,,,,,,,,,,,,,,,,,,,,,,,,,
4705038754,01/04/2011,WC1A 9TP,1,A,1,29/03/2019,,,,G85023,PZ999,20/03/2026,,,,,,,,,,,,,,,,,,,,,,,,,,,,,,99,,,,,,,,,
4705038754,01/04/2011,WC1A 9TP,1,A,1,29/03/2019,,,,G85023,PZ999,13/03/2026,167.42,47.12,13/03/2026,52.0,1,13/03/2026,2,,3,102,56,13/03/2026,,,,,,,,,,,,,,,,,,,,,,,,,,,
4705038754,01/04/2011,WC1A 9TP,1,A,1,29/03/2019,,,,G85023,PZ999,12/02/2026,,,,,,,,,,,,,,,,,,,,,,,,,,,,,,1,12/02/2026,,,,,,,,
4357379954,01/04/2014,WC1A 2JR,1,R,1,19/05/2020,,,,G85023,PZ999,10/05/2025,159.11,55.13,10/05/2025,51.0,1,10/05/2025,2,,2,103,55,10/05/2025,,,,,,,,,,,,,,,,,,,,,,,,,,,
4357379954,01/04/2014,WC1A 2JR,1,R,1,19/05/2020,,,,G85023,PZ999,03/05/2025,,,,,,,,,,,,,,,,,,,,,,,,,,,,,,2,,,,,,,,,
4357379954,01/04/2014,WC1A 2JR,1,R,1,19/05/2020,,,,G85023,PZ999,29/05/2025,161.4,53.22,29/05/2025,52.0,1,29/05/2025,6,2,5,104,52,29/05/2025,,,,,,,,,,,,,,,,,,,,,,,,,,,
4357379954,01/04/2014,WC1A 2JR,1,R,1,19/05/2020,,,,G85023,PZ999,21/06/2025,,,,,,,,,,,,,,,,,,,,,,,,,,,,,,99,,,,,,,,,
4357379954,01/04/2014,WC1A 2JR,1,R,1,19/05/2020,,,,G85023,PZ999,15/08/2025,,,,,,,,,,,,,,,,,,,,,,,,,,,,,,2,,,,,,,,,
4357379954,01/04/2014,WC1A 2JR,1,R,1,19/05/2020,,,,G85023,PZ999,09/07/2025,,,,,,,,,,,,,,,,,,,,,,,,,,,,,,,,,,,09/07/2025,09/07/2025,4,,
4357379954,01/04/2014,WC1A 2JR,1,R,1,19/05/2020,,,,G85023,PZ999,27/07/2025,,,,,,,,,,,,,,,,,,,,,,,,,27/07/2025,1,,,,,,,,,,,,,
4357379954,01/04/2014,WC1A 2JR,1,R,1,19/05/2020,,,,G85023,PZ999,12/08/2025,168.41,56.19,12/08/2025,49.0,1,12/08/2025,5,,99,97,56,12/08/2025,,,,,,,,,,,,,,,,,,,,,,,,,,,
4357379954,01/04/2014,WC1A 2JR,1,R,1,19/05/2020,,,,G85023,PZ999,06/12/2025,,,,,,,,,,,,,06/12/2025,06/12/2025,99,149.0,06/12/2025,3,6.93,06/12/2025,06/12/2025,1,06/12/2025,1,,,2,06/12/2025,06/12/2025,,,1,06/12/2025,06/12/2025,,,,,
4357379954,01/04/2014,WC1A 2JR,1,R,1,19/05/2020,,,,G85023,PZ999,12/12/2025,155.47,42.32,12/12/2025,53.0,1,12/12/2025,6,4,2,96,50,12/12/2025,,,,,,,,,,,,,,,,,,,,,,,,,,,
4357379954,01/04/2014,WC1A 2JR,1,R,1,19/05/2020,,,,G85023,PZ999,22/11/2025,,,,,,,,,,,,,,,,,,,,,,,,,,,,,,99,,,,,,,,,
4357379954,01/04/2014,WC1A 2JR,1,R,1,19/05/2020,,,,G85023,PZ999,29/12/2025,158.81,46.88,29/12/2025,51.0,1,29/12/2025,2,,99,105,51,29/12/2025,,,,,,,,,,,,,,,,,,,,,,,,,,,
4357379954,01/04/2014,WC1A 2JR,1,R,1,19/05/2020,,,,G85023,PZ999,09/02/2026,158.73,68.41,09/02/2026,56.0,1,09/02/2026,4,,5,102,56,09/02/2026,,,,,,,,,,,,,,,,,,,,,,,,,,,
4357379954,01/04/2014,WC1A 2JR,1,R,1,19/05/2020,,,,G85023,PZ999,09/01/2026,,,,,,,,,,,,,,,,,,,,,,,,,,,,,,99,,,,,,,,,
4357379954,01/04/2014,WC1A 2JR,1,R,1,19/05/2020,,,,G85023,PZ999,21/02/2026,166.31,59.72,21/02/2026,54.0,1,21/02/2026,1,,5,102,60,21/02/2026,,,,,,,,,,,,,,,,,,,,,,,,,,,
4357379954,01/04/2014,WC1A 2JR,1,R,1,19/05/2020,,,,G85023,PZ999,09/02/2026,,,,,,,,,,,,,,,,,,,,,,,,,,,,,,1,09/02/2026,,,,,,,,
6265819224,01/04/2013,WC1A 2HS,99,P,1,09/11/2019,,,,G85023,PZ999,17/06/2025,166.9,42.27,17/06/2025,49.0,1,17/06/2025,1,,99,101,53,17/06/2025,,,,,,,,,,,,,,,,,,,,,,,,,,,
6265819224,01/04/2013,WC1A 2HS,99,P,1,09/11/2019,,,,G85023,PZ999,16/05/2025,,,,,,,,,,,,,,,,,,,,,,,,,,,,,,99,,,,,,,,,
6265819224,01/04/2013,WC1A 2HS,99,P,1,09/11/2019,,,,G85023,PZ999,05/06/2025,161.25,60.12,05/06/2025,53.0,1,05/06/2025,4,,1,103,57,05/06/2025,,,,,,,,,,,,,,,,,,,,,,,,,,,
6265819224,01/04/2013,WC1A 2HS,99,P,1,09/11/2019,,,,G85023,PZ999,27/06/2025,,,,,,,,,,,,,,,,,,,,,,,,,,,,,,1,27/06/2025,,,,,,,,
6265819224,01/04/2013,WC1A 2HS,99,P,1,09/11/2019,,,,G85023,PZ999,04/09/2025,,,,,,,,,,,,,,,,,,,,,,,,,,,,,,99,,,,,,,,,
6265819224,01/04/2013,WC1A 2HS,99,P,1,09/11/2019,,,,G85023,PZ999,13/09/2025,,,,,,,,,,,,,,,,,,,,,,,,,,,,,,,,,,,13/09/2025,13/09/2025,3,,
6265819224,01/04/2013,WC1A 2HS,99,P,1,09/11/2019,,,,G85023,PZ999,20/07/2025,,,,,,,,,,,,,,,,,,,,,,,,,20/07/2025,99,,,,,,,,,,,,,
6265819224,01/04/2013,WC1A 2HS,99,P,1,09/11/2019,,,,G85023,PZ999,07/08/2025,160.28,60.19,07/08/2025,53.0,1,07/08/2025,6,4,1,96,58,07/08/2025,,,,,,,,,,,,,,,,,,,,,,,,,,,
6265819224,01/04/2013,WC1A 2HS,99,P,1,09/11/2019,,,,G85023,PZ999,03/12/2025,,,,,,,,,,,,,03/12/2025,03/12/2025,99,292.0,03/12/2025,2,2.32,03/12/2025,03/12/2025,3,03/12/2025,1,,,99,,03/12/2025,,,2,03/12/2025,03/12/2025,,,,,
6265819224,01/04/2013,WC1A 2HS,99,P,1,09/11/2019,,,,G85023,PZ999,17/12/2025,166.19,65.2,17/12/2025,48.0,1,17/12/2025,1,,4,104,54,17/12/2025,,,,,,,,,,,,,,,,,,,,,,,,,,,
6265819224,01/04/2013,WC1A 2HS,99,P,1,09/11/2019,,,,G85023,PZ999,23/10/2025,,,,,,,,,,,,,,,,,,,,,,,,,,,,,,99,,,,,,,,,
6265819224,01/04/2013,WC1A 2HS,99,P,1,09/11/2019,,,,G85023,PZ999,20/12/2025,160.6,56.23,20/12/2025,56.0,1,20/12/2025,6,1,5,103,52,20/12/2025,,,,,,,,,,,,,,,,,,,,,,,,,,,
6265819224,01/04/2013,WC1A 2HS,99,P,1,09/11/2019,,,,G85023,PZ999,11/03/2026,150.98,65.97,11/03/2026,58.0,1,11/03/2026,4,,3,101,55,11/03/2026,,,,,,,,,,,,,,,,,,,,,,,,,,,
6265819224,01/04/2013,WC1A 2HS,99,P,1,09/11/2019,,,,G85023,PZ999,15/03/2026,,,,,,,,,,,,,,,,,,,,,,,,,,,,,,99,,,,,,,,,
6265819224,01/04/2013,WC1A 2HS,99,P,1,09/11/2019,,,,G85023,PZ999,17/02/2026,169.01,60.7,17/02/2026,51.0,1,17/02/2026,6,4,4,103,59,17/02/2026,,,,,,,,,,,,,,,,,,,,,,,,,,,
6265819224,01/04/2013,WC1A 2HS,99,P,1,09/11/2019,,,,G85023,PZ999,17/03/2026,,,,,,,,,,,,,,,,,,,,,,,,,,,,,,2,,,,,,,,,
7184192982,01/04/2011,WC1A 1NL,3,F,1,07/12/2021,,,,G85023,PZ999,10/04/2025,152.66,56.84,10/04/2025,51.0,1,10/04/2025,1,,4,98,53,10/04/2025,,,,,,,,,,,,,,,,,,,,,,,,,,,
7184192982,01/04/2011,WC1A 1NL,3,F,1,07/12/2021,,,,G85023,PZ999,06/04/2025,,,,,,,,,,,,,,,,,,,,,,,,,,,,,,99,,,,,,,,,
7184192982,01/04/2011,WC1A 1NL,3,F,1,07/12/2021,,,,G85023,PZ999,28/06/2025,159.93,49.61,28/06/2025,55.0,1,28/06/2025,1,,3,100,51,28/06/2025,,,,,,,,,,,,,,,,,,,,,,,,,,,
7184192982,01/04/2011,WC1A 1NL,3,F,1,07/12/2021,,,,G85023,PZ999,27/05/2025,,,,,,,,,,,,,,,,,,,,,,,,,,,,,,99,,,,,,,,,
7184192982,01/04/2011,WC1A 1NL,3,F,1,07/12/2021,,,,G85023,PZ999,02/07/2025,,,,,,,,,,,,,,,,,,,,,,,,,,,,,,2,,,,,,,,,
7184192982,01/04/2011,WC1A 1NL,3,F,1,07/12/2021,,,,G85023,PZ999,23/07/2025,,,,,,,,,,,,,,,,,,,,,,,,,,,,,,,,,,,23/07/2025,23/07/2025,3,,
7184192982,01/04/2011,WC1A 1NL,3,F,1,07/12/2021,,,,G85023,PZ999,28/09/2025,,,,,,,,,,,,,,,,,,,,,,,,,28/09/2025,1,,,,,,,,,,,,,
7184192982,01/04/2011,WC1A 1NL,3,F,1,07/12/2021,,,,G85023,PZ999,28/07/2025,168.32,67.23,28/07/2025,53.0,1,28/07/2025,3,3,1,104,51,28/07/2025,,,,,,,,,,,,,,,,,,,,,,,,,,,
7184192982,01/04/2011,WC1A 1NL,3,F,1,07/12/2021,,,,G85023,PZ999,26/12/2025,,,,,,,,,,,,,26/12/2025,26/12/2025,99,70.0,26/12/2025,3,4.76,26/12/2025,26/12/2025,2,26/12/2025,99,,,99,,26/12/2025,,,1,26/12/2025,26/12/2025,,,,,
7184192982,01/04/2011,WC1A 1NL,3,F,1,07/12/2021,,,,G85023,PZ999,11/11/2025,160.4,51.57,11/11/2025,57.0,1,11/11/2025,6,2,1,96,51,11/11/2025,,,,,,,,,,,,,,,,,,,,,,,,,,,
7184192982,01/04/2011,WC1A 1NL,3,F,1,07/12/2021,,,,G85023,PZ999,04/11/2025,,,,,,,,,,,,,,,,,,,,,,,,,,,,,,99,,,,,,,,,
7184192982,01/04/2011,WC1A 1NL,3,F,1,07/12/2021,,,,G85023,PZ999,29/12/2025,156.73,63.07,29/12/2025,52.0,1,29/12/2025,5,,3,95,54,29/12/2025,,,,,,,,,,,,,,,,,,,,,,,,,,,
7184192982,01/04/2011,WC1A 1NL,3,F,1,07/12/2021,,,,G85023,PZ999,28/01/2026,169.96,48.71,28/01/2026,51.0,1,28/01/2026,1,,2,99,56,28/01/2026,,,,,,,,,,,,,,,,,,,,,,,,,,,
7184192982,01/04/2011,WC1A 1NL,3,F,1,07/12/2021,,,,G85023,PZ999,16/02/2026,,,,,,,,,,,,,,,,,,,,,,,,,,,,,,99,,,,,,,,,
7184192982,01/04/2011,WC1A 1NL,3,F,1,07/12/2021,,,,G85023,PZ999,12/02/2026,159.25,69.87,12/02/2026,49.0,1,12/02/2026,5,,99,101,53,12/02/2026,,,,,,,,,,,,,,,,,,,,,,,,,,,
7184192982,01/04/2011,WC1A 1NL,3,F,1,07/12/2021,,,,G85023,PZ999,28/02/2026,,,,,,,,,,,,,,,,,,,,,,,,,,,,,,99,,,,,,,,,
6264745081,01/04/2014,WC1A 2HN,99,Z,1,29/06/2018,,,,G85023,PZ999,03/06/2025,150.89,45.41,03/06/2025,55.0,1,03/06/2025,5,,1,95,57,03/06/2025,,,,,,,,,,,,,,,,,,,,,,,,,,,
6264745081,01/04/2014,WC1A 2HN,99,Z,1,29/06/2018,,,,G85023,PZ999,18/06/2025,,,,,,,,,,,,,,,,,,,,,,,,,,,,,,99,,,,,,,,,
6264745081,01/04/2014,WC1A 2HN,99,Z,1,29/06/2018,,,,G85023,PZ999,22/05/2025,153.99,42.48,22/05/2025,53.0,1,22/05/2025,6,3,1,101,60,22/05/2025,,,,,,,,,,,,,,,,,,,,,,,,,,,
6264745081,01/04/2014,WC1A 2HN,99,Z,1,29/06/2018,,,,G85023,PZ999,11/06/2025,,,,,,,,,,,,,,,,,,,,,,,,,,,,,,1,11/06/2025,,,,,,,,
6264745081,01/04/2014,WC1A 2HN,99,Z,1,29/06/2018,,,,G85023,PZ999,08/07/2025,,,,,,,,,,,,,,,,,,,,,,,,,,,,,,2,,,,,,,,,
6264745081,01/04/2014,WC1A 2HN,99,Z,1,29/06/2018,,,,G85023,PZ999,18/08/2025,,,,,,,,,,,,,,,,,,,,,,,,,,,,,,,,,,,18/08/2025,18/08/2025,1,,
6264745081,01/04/2014,WC1A 2HN,99,Z,1,29/06/2018,,,,G85023,PZ999,15/09/2025,,,,,,,,,,,,,,,,,,,,,,,,,15/09/2025,2,,,,,,,,,,,,,
6264745081,01/04/2014,WC1A 2HN,99,Z,1,29/06/2018,,,,G85023,PZ999,15/09/2025,154.2,59.75,15/09/2025,58.0,1,15/09/2025,3,2,2,97,51,15/09/2025,,,,,,,,,,,,,,,,,,,,,,,,,,,
6264745081,01/04/2014,WC1A 2HN,99,Z,1,29/06/2018,,,,G85023,PZ999,29/11/2025,,,,,,,,,,,,,29/11/2025,29/11/2025,1,132.0,29/11/2025,3,5.14,29/11/2025,29/11/2025,99,29/11/2025,1,,,99,,29/11/2025,,,1,29/11/2025,29/11/2025,,,,,
6264745081,01/04/2014,WC1A 2HN,99,Z,1,29/06/2018,,,,G85023,PZ999,21/12/2025,157.59,61.79,21/12/2025,53.0,1,21/12/2025,1,,5,102,56,21/12/2025,,,,,,,,,,,,,,,,,,,,,,,,,,,
6264745081,01/04/2014,WC1A 2HN,99,Z,1,29/06/2018,,,,G85023,PZ999,07/10/2025,,,,,,,,,,,,,,,,,,,,,,,,,,,,,,99,,,,,,,,,
6264745081,01/04/2014,WC1A 2HN,99,Z,1,29/06/2018,,,,G85023,PZ999,19/12/2025,161.18,60.86,19/12/2025,58.0,1,19/12/2025,5,,1,98,59,19/12/2025,,,,,,,,,,,,,,,,,,,,,,,,,,,
6264745081,01/04/2014,WC1A 2HN,99,Z,1,29/06/2018,,,,G85023,PZ999,04/02/2026,156.1,45.24,04/02/2026,48.0,1,04/02/2026,6,2,2,98,50,04/02/2026,,,,,,,,,,,,,,,,,,,,,,,,,,,
6264745081,01/04/2014,WC1A 2HN,99,Z,1,29/06/2018,,,,G85023,PZ999,26/03/2026,,,,,,,,,,,,,,,,,,,,,,,,,,,,,,99,,,,,,,,,
6264745081,01/04/2014,WC1A 2HN,99,Z,1,29/06/2018,,,,G85023,PZ999,19/03/2026,151.79,48.38,19/03/2026,58.0,1,19/03/2026,3,3,1,100,56,19/03/2026,,,,,,,,,,,,,,,,,,,,,,,,,,,
6264745081,01/04/2014,WC1A 2HN,99,Z,1,29/06/2018,,,,G85023,PZ999,10/02/2026,,,,,,,,,,,,,,,,,,,,,,,,,,,,,,1,10/02/2026,,,,,,,,
6365348045,01/04/2012,WC1A 2JS,1,M,1,21/09/2013,,,,G85023,PZ999,21/06/2025,158.31,40.82,21/06/2025,58.0,1,21/06/2025,6,1,2,103,53,21/06/2025,,,,,,,,,,,,,,,,,,,,,,,,,,,
6365348045,01/04/2012,WC1A 2JS,1,M,1,21/09/2013,,,,G85023,PZ999,30/04/2025,,,,,,,,,,,,,,,,,,,,,,,,,,,,,,1,30/04/2025,,,,,,,,
6365348045,01/04/2012,WC1A 2JS,1,M,1,21/09/2013,,,,G85023,PZ999,01/06/2025,160.54,59.06,01/06/2025,51.0,1,01/06/2025,3,3,3,99,58,01/06/2025,,,,,,,,,,,,,,,,,,,,,,,,,,,
6365348045,01/04/2012,WC1A 2JS,1,M,1,21/09/2013,,,,G85023,PZ999,30/05/2025,,,,,,,,,,,,,,,,,,,,,,,,,,,,,,99,,,,,,,,,
6365348045,01/04/2012,WC1A 2JS,1,M,1,21/09/2013,,,,G85023,PZ999,23/07/2025,,,,,,,,,,,,,,,,,,,,,,,,,,,,,,99,,,,,,,,,
6365348045,01/04/2012,WC1A 2JS,1,M,1,21/09/2013,,,,G85023,PZ999,09/08/2025,,,,,,,,,,,,,,,,,,,,,,,,,,,,,,,,,,,09/08/2025,09/08/2025,3,,
6365348045,01/04/2012,WC1A 2JS,1,M,1,21/09/2013,,,,G85023,PZ999,08/09/2025,,,,,,,,,,,,,,,,,,,,,,,,,08/09/2025,99,,,,,,,,,,,,,
6365348045,01/04/2012,WC1A 2JS,1,M,1,21/09/2013,,,,G85023,PZ999,30/08/2025,156.86,41.87,30/08/2025,55.0,1,30/08/2025,5,,4,95,59,30/08/2025,,,,,,,,,,,,,,,,,,,,,,,,,,,
6365348045,01/04/2012,WC1A 2JS,1,M,1,21/09/2013,,,,G85023,PZ999,26/11/2025,,,,,,,,,,,,,26/11/2025,26/11/2025,2,222.0,26/11/2025,2,6.69,26/11/2025,26/11/2025,3,26/11/2025,2,,,99,,26/11/2025,,,2,26/11/2025,26/11/2025,,,,,
6365348045,01/04/2012,WC1A 2JS,1,M,1,21/09/2013,,,,G85023,PZ999,02/12/2025,156.3,65.38,02/12/2025,51.0,1,02/12/2025,4,,5,95,58,02/12/2025,,,,,,,,,,,,,,,,,,,,,,,,,,,
6365348045,01/04/2012,WC1A 2JS,1,M,1,21/09/2013,,,,G85023,PZ999,05/10/2025,,,,,,,,,,,,,,,,,,,,,,,,,,,,,,2,,,,,,,,,
6365348045,01/04/2012,WC1A 2JS,1,M,1,21/09/2013,,,,G85023,PZ999,02/10/2025,164.73,54.57,02/10/2025,52.0,1,02/10/2025,5,,5,104,52,02/10/2025,,,,,,,,,,,,,,,,,,,,,,,,,,,
6365348045,01/04/2012,WC1A 2JS,1,M,1,21/09/2013,,,,G85023,PZ999,26/03/2026,164.26,56.91,26/03/2026,55.0,1,26/03/2026,4,,2,101,51,26/03/2026,,,,,,,,,,,,,,,,,,,,,,,,,,,
6365348045,01/04/2012,WC1A 2JS,1,M,1,21/09/2013,,,,G85023,PZ999,11/02/2026,,,,,,,,,,,,,,,,,,,,,,,,,,,,,,1,11/02/2026,,,,,,,,
6365348045,01/04/2012,WC1A 2JS,1,M,1,21/09/2013,,,,G85023,PZ999,13/01/2026,165.16,61.38,13/01/2026,58.0,1,13/01/2026,5,,2,101,60,13/01/2026,,,,,,,,,,,,,,,,,,,,,,,,,,,
6365348045,01/04/2012,WC1A 2JS,1,M,1,21/09/2013,,,,G85023,PZ999,08/02/2026,,,,,,,,,,,,,,,,,,,,,,,,,,,,,,1,08/02/2026,,,,,,,,
6432984874,01/04/2014,WC1A 1AP,2,B,1,13/11/2014,,,,G85023,PZ999,27/06/2025,153.64,49.48,27/06/2025,58.0,1,27/06/2025,6,2,99,97,56,27/06/2025,,,,,,,,,,,,,,,,,,,,,,,,,,,
6432984874,01/04/2014,WC1A 1AP,2,B,1,13/11/2014,,,,G85023,PZ999,21/06/2025,,,,,,,,,,,,,,,,,,,,,,,,,,,,,,1,21/06/2025,,,,,,,,
6432984874,01/04/2014,WC1A 1AP,2,B,1,13/11/2014,,,,G85023,PZ999,15/04/2025,159.05,68.93,15/04/2025,54.0,1,15/04/2025,1,,3,104,57,15/04/2025,,,,,,,,,,,,,,,,,,,,,,,,,,,
6432984874,01/04/2014,WC1A 1AP,2,B,1,13/11/2014,,,,G85023,PZ999,25/05/2025,,,,,,,,,,,,,,,,,,,,,,,,,,,,,,2,,,,,,,,,
6432984874,01/04/2014,WC1A 1AP,2,B,1,13/11/2014,,,,G85023,PZ999,27/08/2025,,,,,,,,,,,,,,,,,,,,,,,,,,,,,,99,,,,,,,,,
6432984874,01/04/2014,WC1A 1AP,2,B,1,13/11/2014,,,,G85023,PZ999,31/07/2025,,,,,,,,,,,,,,,,,,,,,,,,,,,,,,,,,,,31/07/2025,31/07/2025,6,,test admission description
6432984874,01/04/2014,WC1A 1AP,2,B,1,13/11/2014,,,,G85023,PZ999,29/07/2025,,,,,,,,,,,,,,,,,,,,,,,,,29/07/2025,99,,,,,,,,,,,,,
6432984874,01/04/2014,WC1A 1AP,2,B,1,13/11/2014,,,,G85023,PZ999,20/07/2025,151.02,63.7,20/07/2025,58.0,1,20/07/2025,6,3,4,102,52,20/07/2025,,,,,,,,,,,,,,,,,,,,,,,,,,,
6432984874,01/04/2014,WC1A 1AP,2,B,1,13/11/2014,,,,G85023,PZ999,28/11/2025,,,,,,,,,,,,,28/11/2025,28/11/2025,99,220.0,28/11/2025,2,6.27,28/11/2025,28/11/2025,99,28/11/2025,1,,,2,28/11/2025,28/11/2025,,,2,28/11/2025,28/11/2025,,,,,
6432984874,01/04/2014,WC1A 1AP,2,B,1,13/11/2014,,,,G85023,PZ999,09/10/2025,161.81,64.55,09/10/2025,53.0,1,09/10/2025,6,3,3,98,50,09/10/2025,,,,,,,,,,,,,,,,,,,,,,,,,,,
6432984874,01/04/2014,WC1A 1AP,2,B,1,13/11/2014,,,,G85023,PZ999,28/10/2025,,,,,,,,,,,,,,,,,,,,,,,,,,,,,,1,28/10/2025,,,,,,,,
6432984874,01/04/2014,WC1A 1AP,2,B,1,13/11/2014,,,,G85023,PZ999,07/10/2025,161.57,53.25,07/10/2025,54.0,1,07/10/2025,2,,2,95,58,07/10/2025,,,,,,,,,,,,,,,,,,,,,,,,,,,
6432984874,01/04/2014,WC1A 1AP,2,B,1,13/11/2014,,,,G85023,PZ999,05/01/2026,161.8,57.16,05/01/2026,56.0,1,05/01/2026,4,,5,102,54,05/01/2026,,,,,,,,,,,,,,,,,,,,,,,,,,,
6432984874,01/04/2014,WC1A 1AP,2,B,1,13/11/2014,,,,G85023,PZ999,10/03/2026,,,,,,,,,,,,,,,,,,,,,,,,,,,,,,99,,,,,,,,,
6432984874,01/04/2014,WC1A 1AP,2,B,1,13/11/2014,,,,G85023,PZ999,07/02/2026,159.52,59.94,07/02/2026,54.0,1,07/02/2026,4,,99,98,60,07/02/2026,,,,,,,,,,,,,,,,,,,,,,,,,,,
6432984874,01/04/2014,WC1A 1AP,2,B,1,13/11/2014,,,,G85023,PZ999,02/01/2026,,,,,,,,,,,,,,,,,,,,,,,,,,,,,,99,,,,,,,,,
6793542001,01/04/2014,WC1A 1JS,99,Z,1,09/04/2019,,,,G85023,PZ999,22/04/2025,152.21,53.84,22/04/2025,48.0,1,22/04/2025,5,,99,98,60,22/04/2025,,,,,,,,,,,,,,,,,,,,,,,,,,,
6793542001,01/04/2014,WC1A 1JS,99,Z,1,09/04/2019,,,,G85023,PZ999,02/05/2025,,,,,,,,,,,,,,,,,,,,,,,,,,,,,,2,,,,,,,,,
6793542001,01/04/2014,WC1A 1JS,99,Z,1,09/04/2019,,,,G85023,PZ999,07/06/2025,166.65,61.12,07/06/2025,57.0,1,07/06/2025,4,,1,104,60,07/06/2025,,,,,,,,,,,,,,,,,,,,,,,,,,,
6793542001,01/04/2014,WC1A 1JS,99,Z,1,09/04/2019,,,,G85023,PZ999,17/06/2025,,,,,,,,,,,,,,,,,,,,,,,,,,,,,,2,,,,,,,,,
6793542001,01/04/2014,WC1A 1JS,99,Z,1,09/04/2019,,,,G85023,PZ999,31/08/2025,,,,,,,,,,,,,,,,,,,,,,,,,,,,,,1,31/08/2025,,,,,,,,
6793542001,01/04/2014,WC1A 1JS,99,Z,1,09/04/2019,,,,G85023,PZ999,02/09/2025,,,,,,,,,,,,,,,,,,,,,,,,,,,,,,,,,,,02/09/2025,02/09/2025,4,,
6793542001,01/04/2014,WC1A 1JS,99,Z,1,09/04/2019,,,,G85023,PZ999,04/07/2025,,,,,,,,,,,,,,,,,,,,,,,,,04/07/2025,1,,,,,,,,,,,,,
6793542001,01/04/2014,WC1A 1JS,99,Z,1,09/04/2019,,,,G85023,PZ999,20/07/2025,166.51,64.68,20/07/2025,57.0,1,20/07/2025,4,,5,97,54,20/07/2025,,,,,,,,,,,,,,,,,,,,,,,,,,,
6793542001,01/04/2014,WC1A 1JS,99,Z,1,09/04/2019,,,,G85023,PZ999,07/11/2025,,,,,,,,,,,,,07/11/2025,07/11/2025,1,53.0,07/11/2025,1,4.67,07/11/2025,07/11/2025,3,07/11/2025,1,,,2,07/11/2025,07/11/2025,,,2,07/11/2025,07/11/2025,,,,,
6793542001,01/04/2014,WC1A 1JS,99,Z,1,09/04/2019,,,,G85023,PZ999,29/12/2025,156.22,41.36,29/12/2025,48.0,1,29/12/2025,4,,2,105,54,29/12/2025,,,,,,,,,,,,,,,,,,,,,,,,,,,
6793542001,01/04/2014,WC1A 1JS,99,Z,1,09/04/2019,,,,G85023,PZ999,27/11/2025,,,,,,,,,,,,,,,,,,,,,,,,,,,,,,1,27/11/2025,,,,,,,,
6793542001,01/04/2014,WC1A 1JS,99,Z,1,09/04/2019,,,,G85023,PZ999,07/12/2025,156.51,68.37,07/12/2025,57.0,1,07/12/2025,4,,99,101,51,07/12/2025,,,,,,,,,,,,,,,,,,,,,,,,,,,
6793542001,01/04/2014,WC1A 1JS,99,Z,1,09/04/2019,,,,G85023,PZ999,21/03/2026,154.0,46.46,21/03/2026,54.0,1,21/03/2026,4,,4,98,56,21/03/2026,,,,,,,,,,,,,,,,,,,,,,,,,,,
6793542001,01/04/2014,WC1A 1JS,99,Z,1,09/04/2019,,,,G85023,PZ999,21/02/2026,,,,,,,,,,,,,,,,,,,,,,,,,,,,,,1,21/02/2026,,,,,,,,
6793542001,01/04/2014,WC1A 1JS,99,Z,1,09/04/2019,,,,G85023,PZ999,02/03/2026,166.38,58.59,02/03/2026,55.0,1,02/03/2026,1,,4,95,59,02/03/2026,,,,,,,,,,,,,,,,,,,,,,,,,,,
6793542001,01/04/2014,WC1A 1JS,99,Z,1,09/04/2019,,,,G85023,PZ999,15/02/2026,,,,,,,,,,,,,,,,,,,,,,,,,,,,,,99,,,,,,,,,
4369199859,01/04/2013,WC1A 1HU,99,99,1,07/01/2015,,,,G85023,PZ999,14/04/2025,160.49,68.92,14/04/2025,56.0,1,14/04/2025,3,2,99,95,51,14/04/2025,,,,,,,,,,,,,,,,,,,,,,,,,,,
4369199859,01/04/2013,WC1A 1HU,99,99,1,07/01/2015,,,,G85023,PZ999,08/04/2025,,,,,,,,,,,,,,,,,,,,,,,,,,,,,,99,,,,,,,,,
4369199859,01/04/2013,WC1A 1HU,99,99,1,07/01/2015,,,,G85023,PZ999,24/06/2025,159.81,54.24,24/06/2025,56.0,1,24/06/2025,2,,4,102,53,24/06/2025,,,,,,,,,,,,,,,,,,,,,,,,,,,
4369199859,01/04/2013,WC1A 1HU,99,99,1,07/01/2015,,,,G85023,PZ999,28/06/2025,,,,,,,,,,,,,,,,,,,,,,,,,,,,,,1,28/06/2025,,,,,,,,
4369199859,01/04/2013,WC1A 1HU,99,99,1,07/01/2015,,,,G85023,PZ999,04/09/2025,,,,,,,,,,,,,,,,,,,,,,,,,,,,,,1,04/09/2025,,,,,,,,
4369199859,01/04/2013,WC1A 1HU,99,99,1,07/01/2015,,,,G85023,PZ999,02/09/2025,,,,,,,,,,,,,,,,,,,,,,,,,,,,,,,,,,,02/09/2025,02/09/2025,3,,
4369199859,01/04/2013,WC1A 1HU,99,99,1,07/01/2015,,,,G85023,PZ999,29/07/2025,,,,,,,,,,,,,,,,,,,,,,,,,29/07/2025,99,,,,,,,,,,,,,
4369199859,01/04/2013,WC1A 1HU,99,99,1,07/01/2015,,,,G85023,PZ999,02/08/2025,158.04,66.5,02/08/2025,54.0,1,02/08/2025,5,,1,102,58,02/08/2025,,,,,,,,,,,,,,,,,,,,,,,,,,,
4369199859,01/04/2013,WC1A 1HU,99,99,1,07/01/2015,,,,G85023,PZ999,07/12/2025,,,,,,,,,,,,,07/12/2025,07/12/2025,1,285.0,07/12/2025,3,2.96,07/12/2025,07/12/2025,2,07/12/2025,99,,,99,,07/12/2025,,,1,07/12/2025,07/12/2025,,,,,
4369199859,01/04/2013,WC1A 1HU,99,99,1,07/01/2015,,,,G85023,PZ999,08/10/2025,157.77,50.67,08/10/2025,54.0,1,08/10/2025,6,3,2,95,55,08/10/2025,,,,,,,,,,,,,,,,,,,,,,,,,,,
4369199859,01/04/2013,WC1A 1HU,99,99,1,07/01/2015,,,,G85023,PZ999,20/10/2025,,,,,,,,,,,,,,,,,,,,,,,,,,,,,,99,,,,,,,,,
4369199859,01/04/2013,WC1A 1HU,99,99,1,07/01/2015,,,,G85023,PZ999,21/11/2025,160.19,40.26,21/11/2025,53.0,1,21/11/2025,2,,1,105,59,21/11/2025,,,,,,,,,,,,,,,,,,,,,,,,,,,
4369199859,01/04/2013,WC1A 1HU,99,99,1,07/01/2015,,,,G85023,PZ999,09/01/2026,156.66,50.66,09/01/2026,49.0,1,09/01/2026,4,,2,98,51,09/01/2026,,,,,,,,,,,,,,,,,,,,,,,,,,,
4369199859,01/04/2013,WC1A 1HU,99,99,1,07/01/2015,,,,G85023,PZ999,10/02/2026,,,,,,,,,,,,,,,,,,,,,,,,,,,,,,2,,,,,,,,,
4369199859,01/04/2013,WC1A 1HU,99,99,1,07/01/2015,,,,G85023,PZ999,09/01/2026,157.47,64.07,09/01/2026,52.0,1,09/01/2026,2,,1,103,55,09/01/2026,,,,,,,,,,,,,,,,,,,,,,,,,,,
4369199859,01/04/2013,WC1A 1HU,99,99,1,07/01/2015,,,,G85023,PZ999,04/01/2026,,,,,,,,,,,,,,,,,,,,,,,,,,,,,,2,,,,,,,,,
6740547238,01/04/2013,WC1A 9PG,1,S,1,03/01/2014,,,,G85023,PZ999,19/05/2025,152.67,49.95,19/05/2025,56.0,1,19/05/2025,1,,2,99,52,19/05/2025,,,,,,,,,,,,,,,,,,,,,,,,,,,
6740547238,01/04/2013,WC1A 9PG,1,S,1,03/01/2014,,,,G85023,PZ999,09/06/2025,,,,,,,,,,,,,,,,,,,,,,,,,,,,,,99,,,,,,,,,
6740547238,01/04/2013,WC1A 9PG,1,S,1,03/01/2014,,,,G85023,PZ999,27/04/2025,164.94,50.11,27/04/2025,58.0,1,27/04/2025,3,4,1,95,57,27/04/2025,,,,,,,,,,,,,,,,,,,,,,,,,,,
6740547238,01/04/2013,WC1A 9PG,1,S,1,03/01/2014,,,,G85023,PZ999,19/05/2025,,,,,,,,,,,,,,,,,,,,,,,,,,,,,,2,,,,,,,,,
6740547238,01/04/2013,WC1A 9PG,1,S,1,03/01/2014,,,,G85023,PZ999,13/08/2025,,,,,,,,,,,,,,,,,,,,,,,,,,,,,,1,13/08/2025,,,,,,,,
6740547238,01/04/2013,WC1A 9PG,1,S,1,03/01/2014,,,,G85023,PZ999,06/07/2025,,,,,,,,,,,,,,,,,,,,,,,,,,,,,,,,,,,06/07/2025,06/07/2025,6,,test admission description
6740547238,01/04/2013,WC1A 9PG,1,S,1,03/01/2014,,,,G85023,PZ999,29/07/2025,,,,,,,,,,,,,,,,,,,,,,,,,29/07/2025,2,,,,,,,,,,,,,
6740547238,01/04/2013,WC1A 9PG,1,S,1,03/01/2014,,,,G85023,PZ999,13/09/2025,158.3,69.61,13/09/2025,57.0,1,13/09/2025,1,,99,104,56,13/09/2025,,,,,,,,,,,,,,,,,,,,,,,,,,,
6740547238,01/04/2013,WC1A 9PG,1,S,1,03/01/2014,,,,G85023,PZ999,09/11/2025,,,,,,,,,,,,,09/11/2025,09/11/2025,99,293.0,09/11/2025,1,4.29,09/11/2025,09/11/2025,99,09/11/2025,99,,,99,,09/11/2025,,,1,09/11/2025,09/11/2025,,,,,
6740547238,01/04/2013,WC1A 9PG,1,S,1,03/01/2014,,,,G85023,PZ999,22/12/2025,169.0,42.92,22/12/2025,58.0,1,22/12/2025,5,,99,97,52,22/12/2025,,,,,,,,,,,,,,,,,,,,,,,,,,,
6740547238,01/04/2013,WC1A 9PG,1,S,1,03/01/2014,,,,G85023,PZ999,08/12/2025,,,,,,,,,,,,,,,,,,,,,,,,,,,,,,1,08/12/2025,,,,,,,,
6740547238,01/04/2013,WC1A 9PG,1,S,1,03/01/2014,,,,G85023,PZ999,21/10/2025,160.24,69.62,21/10/2025,57.0,1,21/10/2025,4,,3,98,51,21/10/2025,,,,,,,,,,,,,,,,,,,,,,,,,,,
6740547238,01/04/2013,WC1A 9PG,1,S,1,03/01/2014,,,,G85023,PZ999,12/02/2026,169.68,69.84,12/02/2026,50.0,1,12/02/2026,4,,3,95,60,12/02/2026,,,,,,,,,,,,,,,,,,,,,,,,,,,
6740547238,01/04/2013,WC1A 9PG,1,S,1,03/01/2014,,,,G85023,PZ999,14/03/2026,,,,,,,,,,,,,,,,,,,,,,,,,,,,,,2,,,,,,,,,
6740547238,01/04/2013,WC1A 9PG,1,S,1,03/01/2014,,,,G85023,PZ999,05/02/2026,167.7,42.09,05/02/2026,55.0,1,05/02/2026,1,,4,101,56,05/02/2026,,,,,,,,,,,,,,,,,,,,,,,,,,,
6740547238,01/04/2013,WC1A 9PG,1,S,1,03/01/2014,,,,G85023,PZ999,09/01/2026,,,,,,,,,,,,,,,,,,,,,,,,,,,,,,2,,,,,,,,,
6450778237,01/04/2012,WC1A 1LY,3,R,1,11/03/2025,,,,G85023,PZ999,16/06/2025,167.89,54.13,16/06/2025,51.0,1,16/06/2025,2,,5,97,56,16/06/2025,,,,,,,,,,,,,,,,,,,,,,,,,,,
6450778237,01/04/2012,WC1A 1LY,3,R,1,11/03/2025,,,,G85023,PZ999,28/06/2025,,,,,,,,,,,,,,,,,,,,,,,,,,,,,,2,,,,,,,,,
6450778237,01/04/2012,WC1A 1LY,3,R,1,11/03/2025,,,,G85023,PZ999,06/06/2025,155.11,49.58,06/06/2025,52.0,1,06/06/2025,3,3,5,101,57,06/06/2025,,,,,,,,,,,,,,,,,,,,,,,,,,,
6450778237,01/04/2012,WC1A 1LY,3,R,1,11/03/2025,,,,G85023,PZ999,05/05/2025,,,,,,,,,,,,,,,,,,,,,,,,,,,,,,1,05/05/2025,,,,,,,,
6450778237,01/04/2012,WC1A 1LY,3,R,1,11/03/2025,,,,G85023,PZ999,20/09/2025,,,,,,,,,,,,,,,,,,,,,,,,,,,,,,2,,,,,,,,,
6450778237,01/04/2012,WC1A 1LY,3,R,1,11/03/2025,,,,G85023,PZ999,04/08/2025,,,,,,,,,,,,,,,,,,,,,,,,,,,,,,,,,,,04/08/2025,04/08/2025,1,,
6450778237,01/04/2012,WC1A 1LY,3,R,1,11/03/2025,,,,G85023,PZ999,12/09/2025,,,,,,,,,,,,,,,,,,,,,,,,,12/09/2025,2,,,,,,,,,,,,,
6450778237,01/04/2012,WC1A 1LY,3,R,1,11/03/2025,,,,G85023,PZ999,03/08/2025,161.66,52.61,03/08/2025,50.0,1,03/08/2025,4,,4,105,60,03/08/2025,,,,,,,,,,,,,,,,,,,,,,,,,,,
6450778237,01/04/2012,WC1A 1LY,3,R,1,11/03/2025,,,,G85023,PZ999,11/11/2025,,,,,,,,,,,,,11/11/2025,11/11/2025,2,24.0,11/11/2025,2,3.11,11/11/2025,11/11/2025,1,11/11/2025,2,,,2,11/11/2025,11/11/2025,,,99,11/11/2025,11/11/2025,,,,,
6450778237,01/04/2012,WC1A 1LY,3,R,1,11/03/2025,,,,G85023,PZ999,24/12/2025,165.51,50.82,24/12/2025,53.0,1,24/12/2025,2,,2,100,50,24/12/2025,,,,,,,,,,,,,,,,,,,,,,,,,,,
6450778237,01/04/2012,WC1A 1LY,3,R,1,11/03/2025,,,,G85023,PZ999,09/12/2025,,,,,,,,,,,,,,,,,,,,,,,,,,,,,,2,,,,,,,,,
6450778237,01/04/2012,WC1A 1LY,3,R,1,11/03/2025,,,,G85023,PZ999,22/10/2025,156.95,54.2,22/10/2025,48.0,1,22/10/2025,6,3,99,97,54,22/10/2025,,,,,,,,,,,,,,,,,,,,,,,,,,,
6450778237,01/04/2012,WC1A 1LY,3,R,1,11/03/2025,,,,G85023,PZ999,25/03/2026,158.9,54.43,25/03/2026,49.0,1,25/03/2026,3,3,99,100,56,25/03/2026,,,,,,,,,,,,,,,,,,,,,,,,,,,
6450778237,01/04/2012,WC1A 1LY,3,R,1,11/03/2025,,,,G85023,PZ999,25/03/2026,,,,,,,,,,,,,,,,,,,,,,,,,,,,,,2,,,,,,,,,
6450778237,01/04/2012,WC1A 1LY,3,R,1,11/03/2025,,,,G85023,PZ999,03/03/2026,161.29,61.14,03/03/2026,50.0,1,03/03/2026,5,,2,100,55,03/03/2026,,,,,,,,,,,,,,,,,,,,,,,,,,,
6450778237,01/04/2012,WC1A 1LY,3,R,1,11/03/2025,,,,G85023,PZ999,09/03/2026,,,,,,,,,,,,,,,,,,,,,,,,,,,,,,99,,,,,,,,,
4752668041,01/04/2013,WC1A 2AL,2,K,1,26/12/2016,,,,G85023,PZ999,17/04/2025,166.34,58.3,17/04/2025,51.0,1,17/04/2025,3,1,4,102,55,17/04/2025,,,,,,,,,,,,,,,,,,,,,,,,,,,
4752668041,01/04/2013,WC1A 2AL,2,K,1,26/12/2016,,,,G85023,PZ999,03/06/2025,,,,,,,,,,,,,,,,,,,,,,,,,,,,,,2,,,,,,,,,
4752668041,01/04/2013,WC1A 2AL,2,K,1,26/12/2016,,,,G85023,PZ999,12/05/2025,160.23,58.79,12/05/2025,49.0,1,12/05/2025,5,,5,98,50,12/05/2025,,,,,,,,,,,,,,,,,,,,,,,,,,,
4752668041,01/04/2013,WC1A 2AL,2,K,1,26/12/2016,,,,G85023,PZ999,01/06/2025,,,,,,,,,,,,,,,,,,,,,,,,,,,,,,2,,,,,,,,,
4752668041,01/04/2013,WC1A 2AL,2,K,1,26/12/2016,,,,G85023,PZ999,09/07/2025,,,,,,,,,,,,,,,,,,,,,,,,,,,,,,1,09/07/2025,,,,,,,,
4752668041,01/04/2013,WC1A 2AL,2,K,1,26/12/2016,,,,G85023,PZ999,14/08/2025,,,,,,,,,,,,,,,,,,,,,,,,,,,,,,,,,,,14/08/2025,14/08/2025,1,,
4752668041,01/04/2013,WC1A 2AL,2,K,1,26/12/2016,,,,G85023,PZ999,07/08/2025,,,,,,,,,,,,,,,,,,,,,,,,,07/08/2025,99,,,,,,,,,,,,,
4752668041,01/04/2013,WC1A 2AL,2,K,1,26/12/2016,,,,G85023,PZ999,22/07/2025,157.69,64.68,22/07/2025,57.0,1,22/07/2025,4,,2,102,59,22/07/2025,,,,,,,,,,,,,,,,,,,,,,,,,,,
4752668041,01/04/2013,WC1A 2AL,2,K,1,26/12/2016,,,,G85023,PZ999,27/10/2025,,,,,,,,,,,,,27/10/2025,27/10/2025,1,274.0,27/10/2025,2,2.04,27/10/2025,27/10/2025,3,27/10/2025,2,,,2,27/10/2025,27/10/2025,,,1,27/10/2025,27/10/2025,,,,,
4752668041,01/04/2013,WC1A 2AL,2,K,1,26/12/2016,,,,G85023,PZ999,16/10/2025,154.11,55.1,16/10/2025,53.0,1,16/10/2025,4,,5,98,58,16/10/2025,,,,,,,,,,,,,,,,,,,,,,,,,,,
4752668041,01/04/2013,WC1A 2AL,2,K,1,26/12/2016,,,,G85023,PZ999,29/10/2025,,,,,,,,,,,,,,,,,,,,,,,,,,,,,,99,,,,,,,,,
4752668041,01/04/2013,WC1A 2AL,2,K,1,26/12/2016,,,,G85023,PZ999,20/10/2025,155.3,61.78,20/10/2025,51.0,1,20/10/2025,3,2,1,99,56,20/10/2025,,,,,,,,,,,,,,,,,,,,,,,,,,,
4752668041,01/04/2013,WC1A 2AL,2,K,1,26/12/2016,,,,G85023,PZ999,06/02/2026,155.49,58.02,06/02/2026,51.0,1,06/02/2026,3,1,5,99,56,06/02/2026,,,,,,,,,,,,,,,,,,,,,,,,,,,
4752668041,01/04/2013,WC1A 2AL,2,K,1,26/12/2016,,,,G85023,PZ999,13/01/2026,,,,,,,,,,,,,,,,,,,,,,,,,,,,,,1,13/01/2026,,,,,,,,
4752668041,01/04/2013,WC1A 2AL,2,K,1,26/12/2016,,,,G85023,PZ999,14/02/2026,160.0,49.28,14/02/2026,53.0,1,14/02/2026,2,,4,105,50,14/02/2026,,,,,,,,,,,,,,,,,,,,,,,,,,,
4752668041,01/04/2013,WC1A 2AL,2,K,1,26/12/2016,,,,G85023,PZ999,26/03/2026,,,,,,,,,,,,,,,,,,,,,,,,,,,,,,2,,,,,,,,,
6240767840,01/04/2010,WC1A 1LP,1,N,1,05/09/2011,,,,G85023,PZ999,21/04/2025,159.57,66.16,21/04/2025,56.0,1,21/04/2025,6,3,3,96,53,21/04/2025,,,,,,,,,,,,,,,,,,,,,,,,,,,
6240767840,01/04/2010,WC1A 1LP,1,N,1,05/09/2011,,,,G85023,PZ999,15/05/2025,,,,,,,,,,,,,,,,,,,,,,,,,,,,,,2,,,,,,,,,
6240767840,01/04/2010,WC1A 1LP,1,N,1,05/09/2011,,,,G85023,PZ999,24/04/2025,150.84,62.6,24/04/2025,52.0,1,24/04/2025,1,,99,95,58,24/04/2025,,,,,,,,,,,,,,,,,,,,,,,,,,,
6240767840,01/04/2010,WC1A 1LP,1,N,1,05/09/2011,,,,G85023,PZ999,14/04/2025,,,,,,,,,,,,,,,,,,,,,,,,,,,,,,1,14/04/2025,,,,,,,,
6240767840,01/04/2010,WC1A 1LP,1,N,1,05/09/2011,,,,G85023,PZ999,04/07/2025,,,,,,,,,,,,,,,,,,,,,,,,,,,,,,2,,,,,,,,,
6240767840,01/04/2010,WC1A 1LP,1,N,1,05/09/2011,,,,G85023,PZ999,26/08/2025,,,,,,,,,,,,,,,,,,,,,,,,,,,,,,,,,,,26/08/2025,26/08/2025,5,,
6240767840,01/04/2010,WC1A 1LP,1,N,1,05/09/2011,,,,G85023,PZ999,12/08/2025,,,,,,,,,,,,,,,,,,,,,,,,,12/08/2025,1,,,,,,,,,,,,,
6240767840,01/04/2010,WC1A 1LP,1,N,1,05/09/2011,,,,G85023,PZ999,27/08/2025,150.52,58.53,27/08/2025,54.0,1,27/08/2025,6,3,3,101,58,27/08/2025,,,,,,,,,,,,,,,,,,,,,,,,,,,
6240767840,01/04/2010,WC1A 1LP,1,N,1,05/09/2011,,,,G85023,PZ999,04/10/2025,,,,,,,,,,,,,04/10/2025,04/10/2025,2,73.0,04/10/2025,3,4.38,04/10/2025,04/10/2025,2,04/10/2025,99,,,2,04/10/2025,04/10/2025,,,2,04/10/2025,04/10/2025,,,,,
6240767840,01/04/2010,WC1A 1LP,1,N,1,05/09/2011,,,,G85023,PZ999,02/11/2025,151.11,68.44,02/11/2025,48.0,1,02/11/2025,4,,3,98,51,02/11/2025,,,,,,,,,,,,,,,,,,,,,,,,,,,
6240767840,01/04/2010,WC1A 1LP,1,N,1,05/09/2011,,,,G85023,PZ999,03/10/2025,,,,,,,,,,,,,,,,,,,,,,,,,,,,,,99,,,,,,,,,
6240767840,01/04/2010,WC1A 1LP,1,N,1,05/09/2011,,,,G85023,PZ999,25/11/2025,151.85,49.41,25/11/2025,56.0,1,25/11/2025,1,,1,96,50,25/11/2025,,,,,,,,,,,,,,,,,,,,,,,,,,,
6240767840,01/04/2010,WC1A 1LP,1,N,1,05/09/2011,,,,G85023,PZ999,25/01/2026,157.76,67.49,25/01/2026,49.0,1,25/01/2026,4,,5,97,53,25/01/2026,,,,,,,,,,,,,,,,,,,,,,,,,,,
6240767840,01/04/2010,WC1A 1LP,1,N,1,05/09/2011,,,,G85023,PZ999,27/01/2026,,,,,,,,,,,,,,,,,,,,,,,,,,,,,,1,27/01/2026,,,,,,,,
6240767840,01/04/2010,WC1A 1LP,1,N,1,05/09/2011,,,,G85023,PZ999,14/01/2026,165.19,65.22,14/01/2026,52.0,1,14/01/2026,2,,1,105,52,14/01/2026,,,,,,,,,,,,,,,,,,,,,,,,,,,
6240767840,01/04/2010,WC1A 1LP,1,N,1,05/09/2011,,,,G85023,PZ999,02/01/2026,,,,,,,,,,,,,,,,,,,,,,,,,,,,,,1,02/01/2026,,,,,,,,
7762031650,01/04/2013,WC1A 9UL,1,99,1,31/07/2018,,,,G85023,PZ999,05/04/2025,168.3,42.7,05/04/2025,58.0,1,05/04/2025,3,2,4,97,50,05/04/2025,,,,,,,,,,,,,,,,,,,,,,,,,,,
7762031650,01/04/2013,WC1A 9UL,1,99,1,31/07/2018,,,,G85023,PZ999,08/04/2025,,,,,,,,,,,,,,,,,,,,,,,,,,,,,,99,,,,,,,,,
7762031650,01/04/2013,WC1A 9UL,1,99,1,31/07/2018,,,,G85023,PZ999,17/05/2025,166.02,46.54,17/05/2025,51.0,1,17/05/2025,3,3,2,101,58,17/05/2025,,,,,,,,,,,,,,,,,,,,,,,,,,,
7762031650,01/04/2013,WC1A 9UL,1,99,1,31/07/2018,,,,G85023,PZ999,09/06/2025,,,,,,,,,,,,,,,,,,,,,,,,,,,,,,1,09/06/2025,,,,,,,,
7762031650,01/04/2013,WC1A 9UL,1,99,1,31/07/2018,,,,G85023,PZ999,03/07/2025,,,,,,,,,,,,,,,,,,,,,,,,,,,,,,2,,,,,,,,,
7762031650,01/04/2013,WC1A 9UL,1,99,1,31/07/2018,,,,G85023,PZ999,24/08/2025,,,,,,,,,,,,,,,,,,,,,,,,,,,,,,,,,,,24/08/2025,24/08/2025,1,,
7762031650,01/04/2013,WC1A 9UL,1,99,1,31/07/2018,,,,G85023,PZ999,01/08/2025,,,,,,,,,,,,,,,,,,,,,,,,,01/08/2025,99,,,,,,,,,,,,,
7762031650,01/04/2013,WC1A 9UL,1,99,1,31/07/2018,,,,G85023,PZ999,26/09/2025,156.43,61.37,26/09/2025,56.0,1,26/09/2025,3,3,1,102,59,26/09/2025,,,,,,,,,,,,,,,,,,,,,,,,,,,
7762031650,01/04/2013,WC1A 9UL,1,99,1,31/07/2018,,,,G85023,PZ999,07/11/2025,,,,,,,,,,,,,07/11/2025,07/11/2025,1,221.0,07/11/2025,1,4.97,07/11/2025,07/11/2025,2,07/11/2025,1,,,1,,07/11/2025,,,99,07/11/2025,07/11/2025,,,,,
7762031650,01/04/2013,WC1A 9UL,1,99,1,31/07/2018,,,,G85023,PZ999,28/11/2025,165.05,52.04,28/11/2025,49.0,1,28/11/2025,2,,1,98,55,28/11/2025,,,,,,,,,,,,,,,,,,,,,,,,,,,
7762031650,01/04/2013,WC1A 9UL,1,99,1,31/07/2018,,,,G85023,PZ999,30/10/2025,,,,,,,,,,,,,,,,,,,,,,,,,,,,,,2,,,,,,,,,
7762031650,01/04/2013,WC1A 9UL,1,99,1,31/07/2018,,,,G85023,PZ999,03/10/2025,162.83,66.98,03/10/2025,54.0,1,03/10/2025,6,3,1,98,56,03/10/2025,,,,,,,,,,,,,,,,,,,,,,,,,,,
7762031650,01/04/2013,WC1A 9UL,1,99,1,31/07/2018,,,,G85023,PZ999,04/03/2026,161.62,55.01,04/03/2026,50.0,1,04/03/2026,1,,1,103,57,04/03/2026,,,,,,,,,,,,,,,,,,,,,,,,,,,
7762031650,01/04/2013,WC1A 9UL,1,99,1,31/07/2018,,,,G85023,PZ999,17/02/2026,,,,,,,,,,,,,,,,,,,,,,,,,,,,,,2,,,,,,,,,
7762031650,01/04/2013,WC1A 9UL,1,99,1,31/07/2018,,,,G85023,PZ999,31/01/2026,166.33,63.5,31/01/2026,49.0,1,31/01/2026,5,,2,98,59,31/01/2026,,,,,,,,,,,,,,,,,,,,,,,,,,,
7762031650,01/04/2013,WC1A 9UL,1,99,1,31/07/2018,,,,G85023,PZ999,02/02/2026,,,,,,,,,,,,,,,,,,,,,,,,,,,,,,2,,,,,,,,,
